,type_of_reference,authors,title,year,secondary_title,volume,custom7,doi,urls,author_address,abstract,keywords,publisher,issn,language,alternate_title1,type_of_work,name_of_database,notes,number,custom2,start_page,end_page,secondary_authors,short_title,asreview_group_id,asreview_label,asreview_time,asreview_note
4,JOUR,"He, K.;Xu, X.;Zhang, C.;Hao, Z.;Xiao, Z.;Guo, Y.",Bioacoustics data archives management standards and management technology progress,2024,Biodiversity Science,32,24266,10.17520/biods.2024266,https://www.scopus.com/inward/record.uri?eid=2-s2.0-85214109481&doi=10.17520%2fbiods.2024266&partnerID=40&md5=836037c8e52eb0a7eec0ece9ffc73a75,"School of Electronics and Communication Engineering, Guangzhou University, Guangzhou, 510006, China","Background & Aims: In recent years, bioacoustics monitoring has emerged as a crucial tool for biodiversity conservation, enabling a continuous, real-time, and non-invasive means to gather data on various species and their habitats. This method provides superior efficiency and coverage compared to traditional field surveys and observations. However, the vast amount of diverse bioacoustics data generated presents significant challenges in terms of storage, management, and analysis. This review aims to systematically outline the characteristics and management standards of bioacoustics data archives. It highlights the latest advancements in recording and storage technologies and explores the value and challenges of bioacoustics data archiving in practical applications. Additionally, this review also provides an overview of the current state of bioacoustics databases and data-sharing platforms, both domestically and internationally. Progress: Bioacoustics data archives are systematic repositories dedicated to the preservation and management of bioacoustics data. These archives include raw audio recordings, metadata detailing recording times, locations, and equipment specifications, and processed data derived from species identification and classification tools. These archives are essential for biodiversity conservation efforts, as they store crucial data on species’ vocalizations, behaviors, and interactions. Standardized management protocols are essential for ensuring data integrity, accessibility, and usability. Recent technological advances have facilitated better data collection, processing, and storage methods, making bioacoustics monitoring more scalable and sophisticated. Conclusion: The development and implementation of advanced bioacoustics data management and archiving systems are pivotal for effective biodiversity monitoring and conservation. By leveraging the latest technological advancements, bioacoustics data archives can significantly enhance automated data annotation, storage efficiency, intelligent retrieval, and real-time sharing capabilities. These improvements will help meet the increasing demands of bioacoustics monitoring, evaluation, and historical baseline establishment, thereby significantly supporting biodiversity conservation efforts. © 2024, Chinese Academy of Sciences. All rights reserved.",bioacoustics monitoring;data archive management;data sharing platform;database construction;metadata standards,Chinese Academy of Sciences,10050094 (ISSN),Chinese,Biodivers. Sci.,Review,Scopus,"Export Date: 14 March 2025; Cited By: 1; Correspondence Address: X. Xu; Guangdong Eco-Engineering Polytechnic, Guangzhou, 510520, China; email: xinhuixu9335@foxmail.com",10,,,,,,4,1,14/03/2025 14:04,
258,JOUR,"Roch, M.A.;Batchelor, H.;Baumann-Pickering, S.;Berchok, C.L.;Cholewiak, D.;Fujioka, E.;Garland, E.C.;Herbert, S.;Hildebrand, J.A.;Oleson, E.M.;Van Parijs, S.;Risch, D.;Širović, A.;Soldevilla, M.S.",Management of acoustic metadata for bioacoustics,2016,Ecological Informatics,31,,10.1016/j.ecoinf.2015.12.002,https://www.scopus.com/inward/record.uri?eid=2-s2.0-84951973303&doi=10.1016%2fj.ecoinf.2015.12.002&partnerID=40&md5=e815e233af50ace89c786ffa520e52b6,"San Diego State University, Dept. of Computer Science, 5500 Campanile Dr., San Diego, 92182-7720, CA, United States","Recent expansion in the capabilities of passive acoustic monitoring of sound-producing animals is providing expansive data sets in many locations. These long-term data sets will allow the investigation of questions related to the ecology of sound-producing animals on time scales ranging from diel and seasonal to inter-annual and decadal. Analyses of these data often span multiple analysts from various research groups over several years of effort and, as a consequence, have begun to generate large amounts of scattered acoustic metadata. It has therefore become imperative to standardize the types of metadata being generated. A critical aspect of being able to learn from such large and varied acoustic data sets is providing consistent and transparent access that can enable the integration of various analysis efforts. This is juxtaposed with the need to include new information for specific research questions that evolve over time. Hence, a method is proposed for organizing acoustic metadata that addresses many of the problems associated with the retention of metadata from large passive acoustic data sets. A structure was developed for organizing acoustic metadata in a consistent manner, specifying required and optional terms to describe acoustic information derived from a recording. A client-server database was created to implement this data representation as a networked data service that can be accessed from several programming languages. Support for data import from a wide variety of sources such as spreadsheets and databases is provided. The implementation was extended to access Internet-available data products, permitting access to a variety of environmental information types (e.g. sea surface temperature, sunrise/sunset, etc.) from a wide range of sources as if they were part of the data service. This metadata service is in use at several institutions and has been used to track and analyze millions of acoustic detections from marine mammals, fish, elephants, and anthropogenic sound sources. © 2015 The Authors.",Bioacoustics;Call spatiotemporal database;Environmental data access;Metadata;Animalia;Elephantidae;Mammalia;acoustic data;bioacoustics;biomonitoring;data management;data set;database;elephant;fish;Internet;marine mammal;metadata;spatiotemporal analysis;standardization,Elsevier,15749541 (ISSN),English,Ecol. Informatics,Article,Scopus,"Export Date: 14 March 2025; Cited By: 28; Correspondence Address: M.A. Roch; San Diego State University, Dept. of Computer Science, San Diego, 5500 Campanile Dr., 92182-7720, United States; email: marie.roch@sdsu.edu",,,122,136,,,258,1,14/03/2025 14:05,
261,CONF,"Roch, M.A.;Baumann-Pickering, S.;Batchelor, H.;Hwang, D.;Sirovic, A.;Hildebrand, J.A.;Berchok, C.L.;Cholewiak, D.;Munger, L.M.;Oleson, E.M.;Van Parijs, S.;Risch, D.;Soldevilla, M.S.",Tethys: A workbench and database for passive acoustic metadata,2013,OCEANS 2013 MTS/IEEE - San Diego: An Ocean in Common,,6741361,,https://www.scopus.com/inward/record.uri?eid=2-s2.0-84896376379&partnerID=40&md5=2c2a9c55b1743a255fc5f62160f14e23,"Dept. of Comp. Science, San Diego State University, San Diego, CA, United States","This project proposes a community standard for the representation of passive acoustic metadata along with a freely available software implementation. Our target audience is the marine mammal community, but the concepts are general and are applicable to a wide variety of taxa. In addition, we address the need to analyze acoustic metadata in the context of other environmental and biological parameters. The implementation provides interfaces to access a wide variety of data available from external services, such solar and lunar rise/set times, sea surface temperature, chlorophyll A, etc., thus permitting extensive data exploration in a workbench environment. © 2013 MTS.",Bioacoustic;Database;Metadata;Passive acoustic monitoring;Database systems;Mammals;Oceanography;Bioacoustic;Biological parameter;Community standards;Data exploration;Freely available software;Passive acoustic monitoring;Passive acoustics;Sea surface temperature (SST);Metadata,IEEE Computer Society,,English,OCEANS MTS/IEEE - San Diego: Ocean Common,Conference paper,Scopus,Export Date: 14 March 2025; Cited By: 4,,,,,,,261,1,14/03/2025 14:12,
168,CONF,"Zhang, B.;Pouchard, L.C.;Smith, P.M.;Gasc, A.;Pijanowski, B.C.",Data storage and sharing for the long tail of science,2016,"2016 New York Scientific Data Summit, NYSDS 2016 - Proceedings",,7747811,10.1109/NYSDS.2016.7747811,https://www.scopus.com/inward/record.uri?eid=2-s2.0-85006880723&doi=10.1109%2fNYSDS.2016.7747811&partnerID=40&md5=03d25cae2f5f26c8040f39b7c3c60c20,"Information Technology at Purdue, Purdue University, United States","Research data infrastructure such as storage must now accommodate new requirements resulting from trends in research data management that require researchers to store their data for the long term and make it available to other researchers. We propose Data Depot, a system and service that provides capabilities for shared space within a group, shared applications, flexible access patterns and ease of transfer at Purdue University. We evaluate Depot as a solution for storing and sharing multi-terabytes of data produced in the long tail of science with a use case in soundscape ecology studies from the Human-Environment Modeling and Analysis Laboratory. We observe that with the capabilities enabled by Data Depot, researchers can easily deploy fine-grained data access control, manage data transfer and sharing, as well as integrate their workflows into a High Performance Computing environment. © 2016 IEEE.",Data Depot;data sharing;data storage;long tail of science;Soundscapes;Access control;Data storage equipment;Data transfer;Digital storage;Data Depot;Data Sharing;Data storage;Long tail;Soundscapes;Information management,Institute of Electrical and Electronics Engineers Inc.,978-146739051-4 (ISBN),English,"New York Sci. Data Summit, NYSDS - Proc.",Conference paper,Scopus,Export Date: 14 March 2025; Cited By: 7,,,,,,,168,1,14/03/2025 14:13,
184,JOUR,"Wall, C.C.;Haver, S.M.;Hatch, L.T.;Miksis-Olds, J.;Bochenek, R.;Dziak, R.P.;Gedamke, J.",The Next Wave of Passive Acoustic Data Management: How Centralized Access Can Enhance Science,2021,Frontiers in Marine Science,8,703682,10.3389/fmars.2021.703682,https://www.scopus.com/inward/record.uri?eid=2-s2.0-85111600263&doi=10.3389%2ffmars.2021.703682&partnerID=40&md5=d9f8c5393b92dc819935a6a1fc8e722f,"Cooperative Institute for Research in Environmental Sciences, University of Colorado, Boulder, CO, United States","Passive acoustic data collection has grown exponentially over the past decade resulting in petabytes of data that document our ocean soundscapes. This effort has resulted in two big data challenges: (1) the curation, management, and global dissemination of passive acoustic datasets and (2) efficiently extracting critical information and comparing it to other datasets in the context of ecosystem-based research and management. To address the former, the NOAA National Centers for Environmental Information recently established an archive for passive acoustic data. This fast-growing archive currently contains over 100 TB of passive acoustic audio files mainly collected from stationary recorders throughout waters in the United States. These datasets are documented with standards-based metadata and are freely available to the public. To begin to address the latter, through standardized processing and centralized stewardship and access, we provide a previously unattainable comparison of first order sound level-patterns from archived data collected across three distinctly separate long-term passive acoustic monitoring (PAM) efforts conducted at regional and national scales: NOAA/National Park Service Ocean Noise Reference Station Network, the Atlantic Deepwater Ecosystem Observatory Network, and the Sanctuary Soundscape Monitoring Project. Nine sites were selected from these projects covering the Alaskan Arctic, Northeast and Central Pacific, Gulf of Mexico, Caribbean Sea, and Mid and Northwest Atlantic. Sites could generally be categorized into those strongly influenced by anthropogenic noise (e.g., vessel traffic) and those that were not. Higher sound levels, specifically for lower frequencies (<125 Hz), and proximity to densely populated coastal zones were common characteristics of sites influenced by anthropogenic noise. Conversely, sites with lower overall sound levels and away from dense populations resulted in soundscape patterns influenced by biological sources. Seasonal variability in sound levels across selected decidecade bands was apparent for most sites and often represented changes in the presence or behavior of sound-producing species. This first order examination of levels across projects highlights the utility of these initial metrics to identify patterns that can then be examined in more detail. Finally, to help the PAM community collectively and collaboratively move forward, we propose the next frontier for scalable data stewardship, access, and processing flow. © Copyright © 2021 Wall, Haver, Hatch, Miksis-Olds, Bochenek, Dziak and Gedamke.",anthropogenic noise;data management;marine mammal;open access;passive acoustic monitoring;soundscape,Frontiers Media S.A.,22967745 (ISSN),English,Front. Mar. Sci.,Article,Scopus,"Export Date: 14 March 2025; Cited By: 15; Correspondence Address: C.C. Wall; Cooperative Institute for Research in Environmental Sciences, University of Colorado, Boulder, United States; email: carrie.bell@colorado.edu",,,,,,,184,1,14/03/2025 14:15,
265,CHAP,"Erbe, C.;McCauley, R.;Gavrilov, A.",Characterizing marine soundscapes,2016,Advances in Experimental Medicine and Biology,875,,10.1007/978-1-4939-2981-8_31,https://www.scopus.com/inward/record.uri?eid=2-s2.0-84948798952&doi=10.1007%2f978-1-4939-2981-8_31&partnerID=40&md5=9c40c7df256328502970d4ed4a4b99a8,"Centre for Marine Science and Technology, Curtin University, Perth, 6102, WA, Australia","The study of marine soundscapes is becoming widespread and the amount of data collected is increasing rapidly. Data owners (typically academia, industry, government, and defense) are negotiating data sharing and generating potential for data syntheses, comparative studies, analyses of trends, and large-scale and longterm acoustic ecology research. A problem is the lack of standards and commonly agreed protocols for the recording of marine soundscapes, data analysis, and reporting that make a synthesis and comparison of results difficult. We provide a brief overview of the components in a marine soundscape, the hard- and software tools for recording and analyzing marine soundscapes, and common reporting formats. © Springer Science+Business Media New York 2016.",Noise budget;Signal classification;Signal detection;Sound recording;Acoustics;Animals;Seawater;Sound;Sound Spectrography;Tape Recording;Western Australia;sea water;acoustics;amplitude modulation;artifact;entropy;exposure;marine environment;marine species;nerve cell network;noise;nonhuman;priority journal;signal detection;sound;sound detection;sound transmission;soundscape;wind;acoustics;animal;recording;Western Australia,Springer New York LLC,00652598 (ISSN),English,Adv. Exp. Med. Biol.,Book chapter,Scopus,"Export Date: 14 March 2025; Cited By: 15; Correspondence Address: C. Erbe; Centre for Marine Science and Technology, Curtin University, Perth, 6102, Australia; email: c.erbe@curtin.edu.au; CODEN: AEMBA",,26610968,265,271,,,265,1,14/03/2025 14:15,
282,CHAP,"Erbe, C.;Ainslie, M.A.;de Jong, C.A.F.;Racca, R.;Stocker, M.",Summary report panel 1: The need for protocols and standards in research on underwater noise impacts on marine life,2016,Advances in Experimental Medicine and Biology,875,,10.1007/978-1-4939-2981-8_159,https://www.scopus.com/inward/record.uri?eid=2-s2.0-84948808983&doi=10.1007%2f978-1-4939-2981-8_159&partnerID=40&md5=309dc4db33974b9b8f959d8ac247670a,"Centre for Marine Science and Technology, Curtin University, Perth, 6102, WA, Australia","As concern about anthropogenic noise and its impacts on marine fauna is increasing around the globe, data are being compared across populations, species, noise sources, geographic regions, and time. However, much of the raw and processed data are not comparable due to differences in measurement methodology, analysis and reporting, and a lack of metadata. Common protocols and more formal, international standards are needed to ensure the effectiveness of research, conservation, regulation and practice, and unambiguous communication of information and ideas. Developing standards takes time and effort, is largely driven by a few expert volunteers, and would benefit from stakeholders’ contribution and support. © Springer Science+Business Media New York 2016.",Acoustic quantities;Acoustic terminology;Bioacoustic procedures;ISO;Protocols;Standards;Animals;Aquatic Organisms;Environment;Noise;Reference Standards;Research;Research Report;Water;water;acoustic analysis;environmental factor;environmental impact;environmental protection;marine environment;noise;noise injury;noise measurement;noise reduction;nonhuman;priority journal;sound analysis;sound pressure;standardization;underwater noise;animal;aquatic species;environment;physiology;research;standard,Springer New York LLC,00652598 (ISSN),English,Adv. Exp. Med. Biol.,Book chapter,Scopus,"Export Date: 14 March 2025; Cited By: 6; Correspondence Address: C. Erbe; Centre for Marine Science and Technology, Curtin University, Perth, 6102, Australia; email: c.erbe@curtin.edu.au; CODEN: AEMBA",,26611096,1265,1271,,,282,1,14/03/2025 14:16,
162,CONF,"Rodríguez, O.;Duarte, R.J.;Jesus, S.M.",PAM2PY: a Python tool for sharing ocean soundscape data,2021,Proceedings of Meetings on Acoustics,44,70011,10.1121/2.0001471,https://www.scopus.com/inward/record.uri?eid=2-s2.0-85137120457&doi=10.1121%2f2.0001471&partnerID=40&md5=1ddff49754f451df19be5cdb39019c26,"University of Algarve, Universidade do Algarve, Faro, 8005-139, Portugal","Ocean noise is an important component of the ocean soundscape. Due to the ocean vastness, performing an accurate monitoring is challenging and requires cooperation between institutions which, in most cases, use different equipment with different characteristics. To ensure a valid comparison between sound pressure level (SPL) outputs, careful calibration to a common standard is an absolute requirement. Throughout the years several tools were developed with that purpose as for example PAMGuide that: 1) allows an adequate data calibration and 2) provides a standard for ocean noise SPL estimation. PAM2PY emerged from the idea that effective acoustic data sharing could only succeed if: 1) data details were private, 2) context information and acoustic data were packed together and 3) transformation from raw data was standard and supported by open source code running in open platforms. This paper describes PAM2PY utilization in a typical exchange data request that permitted to share raw acoustic data from three hydrophones located near Faial and Pico islands in the Azores recorded during the month of June 2018. Data is calibrated, SPL calculated, packed together with shipping noise predictions and relevant context information (metadata) using the Exchange Data Format in standard H5 files. © 2021 Acoustical Society of America.",Acoustic noise;Calibration;Metadata;Oceanography;Open systems;Acoustic data;Common standards;Context information;Data calibration;Data Sharing;Different equipment;Information data;Ocean noise;Sound pressures level;Soundscapes;Open source software,Acoustical Society of America,1939800X (ISSN),English,Proc. Meet. Acoust.,Conference paper,Scopus,Export Date: 14 March 2025; Cited By: 3,1,,,,,,162,1,14/03/2025 14:17,
264,CONF,"Delory, E.;Waldmann, C.;Fredericks, J.",A proposed architecture for marine mammal tracking from globally distributed ocean acoustic observatories,2008,"New Trends for Environmental Monitoring Using Passive Systems, PASSIVE 2008",,4786995,10.1109/PASSIVE.2008.4786995,https://www.scopus.com/inward/record.uri?eid=2-s2.0-63549123204&doi=10.1109%2fPASSIVE.2008.4786995&partnerID=40&md5=42a03cd8ff4ba2d7c15e2aed77237253,"dBscale Environmental Sensing, ESP, C/ Leon y Castillo 25 Telde","The rise of deep-sea observatories across the planet (e.g. NEPTUNE, ESONET/EMSO, MARS, VENUS, DONET) offers an unprecedented opportunity to view ocean acoustic and marine mammal monitoring from a global perspective. It is expected that these observatories will be equipped with hydrophone arrays that will enable real-time acquisition of acoustic data, the amount of which will inevitably accelerate the need for efficient algorithms to reduce the time-bandwidth product to be broadcast over the internet. Though it is expected that the on-going research in acoustic pattern recognition will probably meet the milestone, a major issue remains to make these data computer-usable on a global scale. In order to enhance the potential of marine mammal passive monitoring tools it is therefore necessary that the hosted acoustic monitoring platforms be interoperable, i.e. sensors be discoverable from the internet, data catalogues and sensor metadata be accessible in standard format. Sensor-web enablement (OGC) currently offers an integrated solution through a set of recently approved standards. How these standards may be applicable to the task of interest is discussed and as a result, a global framework and architecture for marine mammal monitoring is presented from the perspective of a globally distributed acoustic monitoring network. © 2008 IEEE.",Acoustic measuring instruments;Acoustics;Buildings;Electroacoustic transducers;Environmental engineering;Internet;Interplanetary flight;Metadata;Monitoring;Observatories;Ocean engineering;Oceanography;Pattern recognition;Seawater;Sensors;Standards;Acoustic datum;Acoustic monitoring;Acoustic observatories;Data computers;Efficient algorithms;Global perspectives;Global scale;Hydrophone arrays;Integrated solutions;Marine Mammal Monitoring;Marine mammals;Neptune;Passive monitoring;Proposed architectures;Real-time acquisitions;Standard formats;Time-bandwidth products;Mammals,,978-142442816-8 (ISBN),English,"New Trends Environ. Monit. Using Passive Syst., PASSIVE",Conference paper,Scopus,"Export Date: 14 March 2025; Cited By: 2; Correspondence Address: E. Delory; dBscale Environmental Sensing, ESP, C/ Leon y Castillo 25 Telde; email: eric.delory@dbscale.com",,,,,,,264,1,14/03/2025 14:17,
122,JOUR,"Zhao, Y.;Shen, X.;Li, S.;Zhang, Y.;Peng, R.;Ma, K.",Progress and outlook for soundscape ecology,2020,Biodiversity Science,28,,10.17520/biods.2020114,https://www.scopus.com/inward/record.uri?eid=2-s2.0-85097417805&doi=10.17520%2fbiods.2020114&partnerID=40&md5=d98072bd229660afca21f132941985f5,"State Key Laboratory of Vegetation and Environmental Change, Institute of Botany, Chinese Academy of Sciences, Beijing, 100093, China","Soundscape ecology studies sound patterns across different spatial and temporal scales, which reflects coupled natural-human dynamics in a changing landscape. Here, we synthesized a list of peer-reviewed studies on soundscape ecology to summarize the conceptual framework of the field, the methodology used, and acoustic indices developed from these studies. Studies on soundscape ecology are currently focused on the following aspects: (1) acoustic composition of soundscape; (2) acoustic interactions between soundscape components; (3) temporal patterns and spatial variability in the soundscapes; (4) the development of acoustic indices for biodiversity monitoring. We suggest the following as focuses for future studies in soundscape ecology and biodiversity conservation: (1) establishing a systematic acoustic monitoring network and data management platform; (2) developing new methods for data collection and analysis (e.g., recording matrix and machine learning algorithm); and (3) treating soundscape ecology as an important resource for future research and conservation. y Science. © 2020, Chinese Academy of Sciences. All rights reserved.",Acoustic indices;Acoustic niche;Automated acoustic recording iodiversit;Biodiversity monitoring;Soundscape monitoring,Chinese Academy of Sciences,10050094 (ISSN),Chinese,Biodivers. Sci.,Article,Scopus,"Export Date: 14 March 2025; Cited By: 14; Correspondence Address: X. Shen; State Key Laboratory of Vegetation and Environmental Change, Institute of Botany, Chinese Academy of Sciences, Beijing, 100093, China; email: xlshen@ibcas.ac.cn",7,,806,820,,,122,1,14/03/2025 14:18,
176,JOUR,"Miksis-Olds, J.L.;Dugan, P.J.;Martin, S.B.;Klinck, H.;Mellinger, D.K.;Mann, D.A.;Ponirakis, D.W.;Boebel, O.",Ocean Sound Analysis Software for Making Ambient Noise Trends Accessible (MANTA),2021,Frontiers in Marine Science,8,703650,10.3389/fmars.2021.703650,https://www.scopus.com/inward/record.uri?eid=2-s2.0-85114319867&doi=10.3389%2ffmars.2021.703650&partnerID=40&md5=27171860ba0201ef7e5ffb2af2b360ed,"Center for Acoustics Research and Education, University of New Hampshire, Durham, NH, United States","Making Ambient Noise Trends Accessible (MANTA) software is a tool for the community to enable comparisons between soundscapes and identification of ambient ocean sound trends required by ocean stakeholders. MANTA enhances the value of individual datasets by assisting users in creating thorough calibration metadata and internationally recommended products comparable over time and space to ultimately assess ocean sound at any desired scale up to a global level. The software package combines of two applications: MANTA Metadata App, which allows users to specify information about their recordings, and MANTA Data Mining App, which applies that information to acoustic recordings to produce consistently processed, calibrated time series products of sound pressure levels in hybrid millidecade bands. The main outputs of MANTA are daily.csv and NetCDF files containing 60-s spectral energy calculations in hybrid millidecade bands and daily statistics images. MANTA data product size and formats enable easy and compact transfer and archiving among researchers and programs, allowing data to be further averaged and explored to address user-specified questions. © Copyright © 2021 Miksis-Olds, Dugan, Martin, Klinck, Mellinger, Mann, Ponirakis and Boebel.",ambient sound;noise;ocean sound;soundscape;standards,Frontiers Media S.A.,22967745 (ISSN),English,Front. Mar. Sci.,Article,Scopus,"Export Date: 14 March 2025; Cited By: 10; Correspondence Address: J.L. Miksis-Olds; Center for Acoustics Research and Education, University of New Hampshire, Durham, United States; email: j.miksisolds@unh.edu",,,,,,,176,1,14/03/2025 14:18,
34,CONF,"Beng, K.T.;Vishnu, H.;Ho, A.;Choong, N.Y.;Yusong, W.;Hexeberg, S.;Chitre, M.;Tun, K.",Cloud-Enabled Passive Acoustic Monitoring Array for Real-Time Detection of Marine Mammals,2024,Oceans Conference Record (IEEE),,,10.1109/OCEANS55160.2024.10754339,https://www.scopus.com/inward/record.uri?eid=2-s2.0-85212411976&doi=10.1109%2fOCEANS55160.2024.10754339&partnerID=40&md5=eac2ab905b9daa8b11b61cf0a7524944,"Tropical Marine Science Institute, National University of Singapore, Acoustic Research Laboratory, Singapore","Passive acoustics is an effective, robust, non-invasive technique to detect and monitor vocalizing marine mammals. The tropical waters around Singapore are visited or inhabited by several species of marine megafauna. This paper presents a passive acoustic monitoring system developed for real-time detection of marine mammals in Singapore waters. The sys-tem is cloud-enabled, and contains machine-learning capable edge-computing systems with surface cameras and underwater hydrophone arrays which were deployed at Sisters' Islands in Singapore. A set of online and offline software tools have been developed to facilitate monitoring, visualization, annotation and data curation to support continual training of the detector. The paper discusses the design, architecture, development, and deployment of this system, offering a comprehensive solution to enhance the monitoring and study of marine megafauna in the region.  © 2024 IEEE.",acoustics;dolphin;edge-computing;Indo-Pacific humpback dolphin;marine mammal;ML;PAM;Acoustic arrays;Acoustic variables measurement;Dolphins (structures);Edge computing;Image compression;Metadata;Underwater acoustics;Dolphin;Edge computing;Humpback dolphins;Indo-pacific humpback dolphin;Marine mammals;Megafauna;ML;Passive acoustic monitoring;Real-time detection;Singapore;Data curation,Institute of Electrical and Electronics Engineers Inc.,01977385 (ISSN); 979-833154008-1 (ISBN),English,Oceans Conf Rec IEEE,Conference paper,Scopus,Export Date: 14 March 2025; Cited By: 0; Correspondence Address: ; ; ; ; ; ; ; CODEN: OCNSD,,,,,,,34,1,14/03/2025 14:19,
68,JOUR,"Vella, K.;Capel, T.;Gonzalez, A.;Truskinger, A.;Fuller, S.;Roe, P.",Key Issues for Realizing Open Ecoacoustic Monitoring in Australia,2022,Frontiers in Ecology and Evolution,9,809576,10.3389/fevo.2021.809576,https://www.scopus.com/inward/record.uri?eid=2-s2.0-85123609998&doi=10.3389%2ffevo.2021.809576&partnerID=40&md5=c30f7b1463d695ed6c00ea85276b31d4,"Faculty of Science, Queensland University of Technology, Brisbane, QLD, Australia","Many organizations are attempting to scale ecoacoustic monitoring for conservation but are hampered at the stages of data management and analysis. We reviewed current ecoacoustic hardware, software, and standards, and conducted workshops with 23 participants across 10 organizations in Australia to learn about their current practices, and to identify key trends and challenges in their use of ecoacoustics data. We found no existing metadata schemas that contain enough ecoacoustics terms for current practice, and no standard approaches to annotation. There was a strong need for free acoustics data storage, discoverable learning resources, and interoperability with other ecological modeling tools. In parallel, there were tensions regarding intellectual property management, and siloed approaches to studying species within organizations across different regions and between organizations doing similar work. This research contributes directly to the development of an open ecoacoustics platform to enable the sharing of data, analyses, and tools for environmental conservation. Copyright © 2022 Vella, Capel, Gonzalez, Truskinger, Fuller and Roe.",conservation;ecoacoustics;monitoring;open data;open science;standards,Frontiers Media S.A.,2296701X (ISSN),English,Front. ecol. evol.,Article,Scopus,"Export Date: 14 March 2025; Cited By: 10; Correspondence Address: K. Vella; Faculty of Science, Queensland University of Technology, Brisbane, Australia; email: kellie.vella@qut.edu.au",,,,,,,68,1,14/03/2025 14:19,
18,JOUR,"Darras, K.F.A.;Pérez, N.;Dilong, L.;Hanf-Dressler, T.;Markolf, M.;Wanger, T.C.;Cord, A.F.","ecoSound-web: an open-source, online platform for ecoacoustics",2024,F1000Research,9,1224,10.12688/f1000research.26369.3,https://www.scopus.com/inward/record.uri?eid=2-s2.0-85180993642&doi=10.12688%2ff1000research.26369.3&partnerID=40&md5=c0f459fd5960759ac88d0439a3f74ada,"Computational Landscape Ecology, TU Dresden, Sachsen, Dresden, 01737, Germany","Passive acoustic monitoring of soundscapes and biodiversity produces vast amounts of audio recordings, but the management and analyses of these raw data present technical challenges. A multitude of software solutions exist, but none can fulfil all purposes required for the management, processing, navigation, and analysis of acoustic data. The field of ecoacoustics needs a software tool that is free, evolving, and accessible. We take a step in that direction and present ecoSound-web: an open-source, online platform for ecoacoustics designed and built by ecologists and software engineers. ecoSound-web can be used for storing, re-sampling, organising, analysing, and sharing soundscape recording or metadata projects. Specifically, it allows manual annotation of soniferous animals and soundscape components, automatic annotation with deep-learning models for all birds and for UK bat species, peer-reviewing annotations, analysing audio in time and frequency dimensions, computing alpha acoustic indices, and providing reference sound libraries for different taxa. We present ecoSound-web’s structure and features, and describe its operation for typical use cases such as sampling bird and bat communities, using a primate call library, and the analysis of soundscape components and acoustic indices. ecoSound-web is available from: https://github.com/ecomontec/ecoSound-web Copyright: © 2024 Darras KFA et al.",audio annotation;automated sound recording;autonomous recording units;ecoacoustics;passive acoustic monitoring;sound analysis;Soundscape;spectrogram;article;audio recording;bird;ecologist;human;nonhuman;software;sound analysis;workflow,F1000 Research Ltd,20461402 (ISSN),English,F1000 Res.,Article,Scopus,"Export Date: 14 March 2025; Cited By: 4; Correspondence Address: K.F.A. Darras; Computational Landscape Ecology, TU Dresden, Dresden, Sachsen, 01737, Germany; email: kdarras@gwdg.de; T.C. Wanger; Sustainable Agricultural Systems & Engineering Laboratory, School of Engineering, Westlake University, Hangzhou, 310030, China; email: tomcwanger@gmail.com; N. Pérez; Agroecology, University of Göttingen, Göttingen, Niedersachsen, 37077, Germany; email: noemi@crazycodelady.com",,33274051,,,,,18,1,14/03/2025 14:20,
49,JOUR,"Giraldo-Forero, A.F.;Rodríguez-Marín, P.A.;Isaza-Narváez, C.;Daza-Rojas, J.M.",Ecoacoustic bank: A software for ecoacoustics data management,2024,SoftwareX,27,101822,10.1016/j.softx.2024.101822,https://www.scopus.com/inward/record.uri?eid=2-s2.0-85199260423&doi=10.1016%2fj.softx.2024.101822&partnerID=40&md5=f129656285a436038e251efebbd7ff18,"Máquinas Inteligentes y Reconocimiento de Patrones (MIRP), Instituto Tecnológico Metropolitano - ITM, Medellín, Colombia","This paper describes Ecoacoustic bank, a software for managing and storing passive acoustic monitoring (PAM) data. The software allows integrating audio with other commonly collected data types, such as information on acquisition systems used and spatial–temporal conditions, to encourage research in biodiversity and environmental monitoring. As part of this effort, we use docker technology to facilitate software deployment, where we integrated a user-friendly web interface with the database engine. Other features include integrating advanced search filters and audio annotation of anthropophonies, biophonies, and geophonies. © 2024 The Author(s)",Audio annotation;Ecoacoustic;Management and storage of recordings;Metadata query;Passive acoustic monitoring;Soundscape;Acoustic variables measurement;Audio acoustics;Audio systems;Digital storage;Information management;Query processing;Acquisition systems;Audio annotation;Condition;Datatypes;Ecoacoustic;Management and storage of recording;Metadatum query;Passive acoustic monitoring;Soundscapes;Spatial temporals;Biodiversity,Elsevier B.V.,23527110 (ISSN),English,SoftwareX,Article,Scopus,"Export Date: 14 March 2025; Cited By: 0; Correspondence Address: A.F. Giraldo-Forero; Máquinas Inteligentes y Reconocimiento de Patrones (MIRP), Instituto Tecnológico Metropolitano - ITM, Medellín, Colombia; email: felipegiraldo@itm.edu.co",,,,,,,49,1,14/03/2025 14:22,
0,JOUR,"Parsons, M.J.G.;Lin, T.-H.;Mooney, T.A.;Erbe, C.;Juanes, F.;Lammers, M.;Li, S.;Linke, S.;Looby, A.;Nedelec, S.L.;Van Opzeeland, I.;Radford, C.;Rice, A.N.;Sayigh, L.;Stanley, J.;Urban, E.;Di Iorio, L.",Sounding the Call for a Global Library of Underwater Biological Sounds,2022,Frontiers in Ecology and Evolution,10,810156,10.3389/fevo.2022.810156,https://www.scopus.com/inward/record.uri?eid=2-s2.0-85124715143&doi=10.3389%2ffevo.2022.810156&partnerID=40&md5=3875516d809095bb6dba09f15f2e5396,"Australian Institute of Marine Science, Perth, WA, Australia","Aquatic environments encompass the world’s most extensive habitats, rich with sounds produced by a diversity of animals. Passive acoustic monitoring (PAM) is an increasingly accessible remote sensing technology that uses hydrophones to listen to the underwater world and represents an unprecedented, non-invasive method to monitor underwater environments. This information can assist in the delineation of biologically important areas via detection of sound-producing species or characterization of ecosystem type and condition, inferred from the acoustic properties of the local soundscape. At a time when worldwide biodiversity is in significant decline and underwater soundscapes are being altered as a result of anthropogenic impacts, there is a need to document, quantify, and understand biotic sound sources–potentially before they disappear. A significant step toward these goals is the development of a web-based, open-access platform that provides: (1) a reference library of known and unknown biological sound sources (by integrating and expanding existing libraries around the world); (2) a data repository portal for annotated and unannotated audio recordings of single sources and of soundscapes; (3) a training platform for artificial intelligence algorithms for signal detection and classification; and (4) a citizen science-based application for public users. Although individually, these resources are often met on regional and taxa-specific scales, many are not sustained and, collectively, an enduring global database with an integrated platform has not been realized. We discuss the benefits such a program can provide, previous calls for global data-sharing and reference libraries, and the challenges that need to be overcome to bring together bio- and ecoacousticians, bioinformaticians, propagation experts, web engineers, and signal processing specialists (e.g., artificial intelligence) with the necessary support and funding to build a sustainable and scalable platform that could address the needs of all contributors and stakeholders into the future. Copyright © 2022 Parsons, Lin, Mooney, Erbe, Juanes, Lammers, Li, Linke, Looby, Nedelec, Van Opzeeland, Radford, Rice, Sayigh, Stanley, Urban and Di Iorio.",artificial intelligence;bioacoustics database;biodiversity;ecological informatics;passive acoustic monitoring;soundscape,Frontiers Media S.A.,2296701X (ISSN),English,Front. ecol. evol.,Review,Scopus,"Export Date: 14 March 2025; Cited By: 49; Correspondence Address: M.J.G. Parsons; Australian Institute of Marine Science, Perth, Australia; email: m.parsons@aims.gov.au",,,,,,,0,1,14/03/2025 14:23,
93,CONF,"Sanfilippo, S.;Bonanno, D.;Diego-Tortosa, D.;Di Mauro, L.S.;Idrissi, A.;Riccobene, G.;Viola, S.",The Ocean Sound monitoring sub-system for the Italian Integrated Environmental Research Infrastructures System (ITINERIS) project,2024,Proceedings of Science,470,64,,https://www.scopus.com/inward/record.uri?eid=2-s2.0-85209376497&partnerID=40&md5=e30e41524873a20784a6c2339f77a9cc,"Istituto Nazionale di Fisica Nucleare - Laboratori Nazionali del Sud, Via S. Sofia 62, Catania, Italy","The aim of the Italian Integrated Environmental Research Infrastructures System (ITINERIS) project, funded under the Italian Piano Nazionale Resistenza e Resilienza (PNRR) programme, is to establish the Italian Hub of Research Infrastructures within the environmental scientific domain. ITINERIS will create a flexible system to collect and store, for the first time in a national integrated system, ocean data and metadata and make them available, traceable, accessible, interoperable, and reusable for the entire scientific community (FAIR principles). In this context, the Laboratori Nazionali del Sud (LNS) from the Istituto Nazionale di Fisica Nucleare (INFN) coordinates the design and operation of a new underwater Junction Box (JB) to be installed at the infrastructure of Portopalo di Capo Passero, Sicily - Italy, at a depth of about 3450 m. LNS has already designed and successfully operates a network of 3 prototype JBs at 3450 meters. Each of them is capable of interfacing more than 10 observatories to shore. Each JB also host acoustic sensors so that a phased array like this on the seafloor can be built to efficiently store, collect, and analyse acoustic data almost in real-time. This network of acoustic sensors are mainly used for acoustic monitoring (bioacoustics, geophysics and ship noise monitoring). Data can be also used to complement the positioning system of the KM3NeT Neutrino telescope and to carry-on studies for acoustic neutrino detection. In this contribution, an overview on the JB acoustic section and on the hydrophone data acquisition and analysis chain will be provided, by focusing in particular on the novel acoustic data fairness paradigm. Preliminary results on marine noise analysis will be also presented. © Copyright owned by the author(s).",Acoustic arrays;Acoustic devices;Acoustic noise measurement;Environmental monitoring;Musical instruments;Underwater acoustics;Acoustic data;Acoustic Sensors;Environmental researches;Flexible system;Infrastructure systems;Integrated systems;Junction boxes;Research infrastructure;Sound monitoring;Sub-systems;Reusability,Sissa Medialab Srl,18248039 (ISSN),English,Proc. Sci.,Conference paper,Scopus,"Export Date: 14 March 2025; Cited By: 0; Correspondence Address: S. Sanfilippo; Istituto Nazionale di Fisica Nucleare - Laboratori Nazionali del Sud, Catania, Via S. Sofia 62, Italy; email: sanfilippo@lns.infn.it",,,,,,,93,1,14/03/2025 14:25,
156,CONF,"Toma, D.M.;del Río, J.;Martinez, E.;Casale, A.;Figoli, A.;Pinzani, D.;Cervantes, P.;Ruitz, P.;Delory, E.;Memé, S.",An embedded passive acoustic device for real-time hydroacoustic surveys,2017,22nd IMEKO TC4 International Symposium and 20th International Workshop on ADC Modelling and Testing 2017: Supporting World Development Through Electrical and Electronic Measurements,2017-September,,,https://www.scopus.com/inward/record.uri?eid=2-s2.0-85046395465&partnerID=40&md5=65fb6578b08f53ccb9aba15307521a74,"SARTI Research Group., Electronics Dept. UniveritatPolitècnica de Catalunya, UPC Rambla Exposició 24, Vilanova i la Geltrú, Barcelona, 08800, Spain","In this paper, we provide a comprehensive description of cost-efficient, innovative and interoperable ocean passive acoustics sensors systems, developed within the European FP7 project NeXOS (Next generation Low-Cost Multifunctional Web Enabled Ocean Sensor Systems Empowering Marine, Maritime and Fisheries Management), which can be deployed both on fixed and mobile platforms. Within this context, we designed and developed two passive acoustic sensors, A1 and A2, as new embedded passive acoustic device, low power and innovative digital hydrophone systems. An important part of the effort is focus on the need for greater dynamic range and the integration on autonomous platforms, such as gliders and profilers. A1 is a standalone small, compact, low power, low consumption digital hydrophone with embedded pre-processing of acoustic data, suitable for mobile platforms with limited autonomy and communication capability. A2 consists of four A1 digital hydrophones with Ethernet interface and one master unit for data processing, enabling real-time measurement of underwater noise and of several soundscape sources. © 2018 IMEKO-International Measurement Federation Secretariat. All Rights Reserved.",Digital hydrophone;Embedded processing;Interoperability;Marine observations;Smart interface;Underwater acoustics;Analog to digital conversion;Data handling;Electric variables measurement;Embedded systems;Fixed platforms;Hydrophones;Interoperability;Mobile phones;Autonomous platforms;Communication capabilities;Embedded processing;Hydro-acoustic surveys;Marine observations;Passive acoustic sensor;Real time measurements;Smart interface;Underwater acoustics,IMEKO-International Measurement Federation Secretariat,978-151084976-1 (ISBN),English,IMEKO TC4 Int. Symp. Int. Workshop ADC Model. Test.: Support. World Dev. Through Electr.l Electron. Meas.,Conference paper,Scopus,Export Date: 14 March 2025; Cited By: 0,,,289,293,,,156,1,14/03/2025 14:27,
82,JOUR,"Le Borgne, H.;Bouget, C.",Acoustic biodiversity monitoring: perspectives and challenges in continental terrestrial environments,2023,Naturae,2023,,10.5852/naturae2023a8,https://www.scopus.com/inward/record.uri?eid=2-s2.0-85197457538&doi=10.5852%2fnaturae2023a8&partnerID=40&md5=373532cd798f7b9592bf7ceb689ad4b0,"INRAE – UR Écosystèmes forestiers, Domaine des Barres, Nogent-sur-Vernisson, F-45290, France","Animals produce sounds during their activities or to perform various biological functions such as defending territories, attracting mates or deterring predators. By recording these acoustic data, scientists obtain essential information on the presence of species. New technologies for species identification are more affordable, efficient and versatile than conventional methods and can thus meet the urgent need to document biodiversity in the current environmental crisis. Automated acoustic recorders are increasingly used in biodiversity monitoring to address the limitations of more traditional methods, and the emergence of ethical considerations advocating the development of non-destructive (i.e. non-lethal) traps. We present here the data acquisition tools in continental terrestrial environments, the data management and analysis methods for automatic species classification and the study of soundscapes, and the advantages and limitations of using these tools for biodiversity monitoring in terrestrial environments. © 2023, Museum National d'Histoire Naturelle. All rights reserved.",acoustic;automatic identification;Biodiversity;machine learning;sounds,Museum National d'Histoire Naturelle,25538756 (ISSN),French,Naturae.,Article,Scopus,Export Date: 14 March 2025; Cited By: 0,,,129,150,,Suivis acoustiques de biodiversité: perspectives et défis en milieu continental terrestre,82,1,14/03/2025 14:30,
255,JOUR,"Aide, T.M.;Corrada-Bravo, C.;Campos-Cerqueira, M.;Milan, C.;Vega, G.;Alvarez, R.",Real-time bioacoustics monitoring and automated species identification,2013,PeerJ,2013,e103,10.7717/peerj.103,https://www.scopus.com/inward/record.uri?eid=2-s2.0-84885117413&doi=10.7717%2fpeerj.103&partnerID=40&md5=57f0714c625770cfae1344b5b1ca30b3,"Department of Biology, University of Puerto Rico-Rio Piedras, San Juan, Puerto Rico, United States","Traditionally, animal species diversity and abundance is assessed using a variety of methods that are generally costly, limited in space and time, and most importantly, they rarely include a permanent record. Given the urgency of climate change and the loss of habitat, it is vital that we use new technologies to improve and expand global biodiversity monitoring to thousands of sites around the world. In this article, we describe the acoustical component of the Automated Remote BiodiversityMonitoring Network (ARBIMON), a novel combination of hardware and software for automating data acquisition, data management, and species identification based on audio recordings. The major components of the cyberinfrastructure include: a solar powered remote monitoring station that sends 1-min recordings every 10 min to a base station, which relays the recordings in real-time to the project server, where the recordings are processed and uploaded to the project website (arbimon.net). Along with a module for viewing, listening, and annotating recordings, the website includes a species identification interface to help users create machine learning algorithms to automate species identification. To demonstrate the system we present data on the vocal activity patterns of birds, frogs, insects, and mammals from Puerto Rico and Costa Rica. © 2013 Aide et al.",Acoustic monitoring;Animal vocalization;Long-term monitoring;Machine learning;Species-specific algorithms;acoustics;Alouatta palliata;Amphibia;article;bird;circannual rhythm;computer interface;data base;Diaspora diastema;Eleutherodactylus juanariveroi;hidden Markov model;insect;mammal;Oophaga pumilio;Ramphastos swainsonii;species identification;Tinamous;validation process;vertebrate;vocalization,,21678359 (ISSN),English,PeerJ,Article,Scopus,"Export Date: 14 March 2025; Cited By: 294; Correspondence Address: T.M. Aide; Department of Biology, University of Puerto Rico-Rio Piedras, San Juan, Puerto Rico, United States; email: tmaide@yahoo.com",1,,,,,,255,1,14/03/2025 14:32,
63,JOUR,"Martínez Balvanera, S.;Mac Aodha, O.;Weldy, M.J.;Pringle, H.;Browning, E.;Jones, K.E.",Whombat: An open-source audio annotation tool for machine learning assisted bioacoustics,2025,Methods in Ecology and Evolution,16,,10.1111/2041-210X.14468,https://www.scopus.com/inward/record.uri?eid=2-s2.0-85211190184&doi=10.1111%2f2041-210X.14468&partnerID=40&md5=552d0f545b700075e6df31a2686b2855,"Centre for Biodiversity and Environment Research, Department of Genetics, Evolution and Environment, University College London, London, United Kingdom","Automated analysis of bioacoustic recordings using machine learning (ML) methods has the potential to greatly scale biodiversity monitoring efforts. The use of ML for high-stakes applications, such as conservation and scientific research, demands a data-centric approach with a focus on selecting and utilizing carefully annotated and curated evaluation and training data that are relevant and representative. Creating annotated bioacoustic datasets presents a number of challenges, such as managing large collections of recordings with associated metadata, developing flexible annotation tools that can accommodate the diverse range of vocalization profiles of different organisms and addressing the scarcity of expert annotators. We present Whombat, a user-friendly, browser-based interface for managing audio recordings and annotation projects, with several visualization, exploration and annotation tools. It enables users to quickly annotate, review, and share annotations, as well as visualize and evaluate a set of machine learning predictions on a dataset. The tool facilitates an iterative workflow where user annotations and machine learning predictions feedback to enhance model performance and annotation quality. We demonstrate the flexibility of Whombat by showcasing two distinct use cases: (1) a project aimed at enhancing automated UK bat call identification at the Bat Conservation Trust (BCT), and (2) a collaborative effort among the USDA Forest Service and Oregon State University researchers exploring bioacoustic applications and extending automated avian classification models in the Pacific Northwest, USA. Whombat is a flexible tool that can effectively address the challenges of annotation for bioacoustic research. It can be used for individual and collaborative work, hosted on a shared server or accessed remotely, or run on a personal computer without the need for coding skills. The code is open-source, and we provide a user guide. © 2024 The Author(s). Methods in Ecology and Evolution published by John Wiley & Sons Ltd on behalf of British Ecological Society.",AI;audio annotation;bioacoustics;bioinformatics;machine learning;software;sound event detection;visualisation,British Ecological Society,2041210X (ISSN),English,Methods Ecol. Evol.,Article,Scopus,"Export Date: 14 March 2025; Cited By: 0; Correspondence Address: S. Martínez Balvanera; Centre for Biodiversity and Environment Research, Department of Genetics, Evolution and Environment, University College London, London, United Kingdom; email: santiago.balvanera.20@ucl.ac.uk",1,,19,28,,,63,1,14/03/2025 14:33,
267,CONF,"Casu, M.;Koutsomichalis, M.;Valle, A.",Imaginary soundscapes: The SoDA project,2014,ACM International Conference Proceeding Series,2014-October,5,10.1145/2636879.2636885,https://www.scopus.com/inward/record.uri?eid=2-s2.0-84937675730&doi=10.1145%2f2636879.2636885&partnerID=40&md5=b7b615fdf5127bd4f23d921010003849,"Celi Sr., Via San Quintino 31, Turin, Italy","The SoDA (Sound Design Accelerator) project aims at providing a exible software environment for soundscape generation. Based on semantic information, it provides both an annotation schema and an annotated library of sound fles that operates in relation to a generative system that delivers the final audio content. SoDA provides the user with various forms of interaction: from incremental assisted exploration of semantic and audio content in real-time to completely automated of-line soundscape composition. In this paper we describe the semantic and audio components and the various interaction modes. Copyright 2014 ACM.",Information Retrieval;Ontologies;Sound Design;Soundscape;Information retrieval;Ontology;Semantics;Audio content;Generative systems;Interaction modes;Real time;Semantic information;Software environments;Sound designs;Soundscapes;Audio acoustics,Association for Computing Machinery,978-145033032-9 (ISBN),English,ACM Int. Conf. Proc. Ser.,Conference paper,Scopus,Export Date: 14 March 2025; Cited By: 6,October,,,,Grimshaw M.;Walther-Hansen M.,,267,0,14/03/2025 14:33,
172,JOUR,"Riede, K.",Acoustic profiling of Orthoptera: present state and future needs,2018,Journal of Orthoptera Research,27,,10.3897/jor.27.23700,https://www.scopus.com/inward/record.uri?eid=2-s2.0-85058480684&doi=10.3897%2fjor.27.23700&partnerID=40&md5=692f9bf1be3b76edd146127313613b50,"Zoological Research Museum Alexander Koenig, Adenauerallee 160, Bonn, D-53113, Germany","Bioacoustic monitoring and classification of animal communication signals has developed into a powerful tool for measuring and monitoring species diversity within complex communities and habitats. The high number of stridulating species among Orthoptera allows their detection and classification in a non-invasive and economic way, particularly in habitats where visual observations are difficult or even impossible, such as tropical rainforests. Major sound archives were queried for Orthoptera songs, with special emphasis on usability as reference training libraries for computer algorithms. Orthoptera songs are highly stereotyped, reliable taxonomic features. However, exploitation of songs for acoustic profiling is limited by the small number of reference recordings: existing song libraries represent only about 1000 species, mainly from Europe and North America, covering less than 10% of extant stridulating Orthoptera species. Available databases are fragmented and lack tools for song annotation and efficient feature-based searching. Results from recent bioacoustic surveys illustrate the potential of the method, but also the challenges and bottlenecks impeding further progress. A major problem is time-consuming data analysis of recordings. Computer-aided identification software exists for classification and identification of cricket and grasshopper songs, but these tools are still far from practical for field application. A framework for acoustic profiling of Orthoptera should consist of the following components: (1) Protocols for standardized acoustic sampling, at species and community levels, using acoustic data loggers for autonomous long-term recordings; (2) Open access to and efficient management of song data and voucher specimens, involving the Orthoptera Species File (OSF) and Global Biodiversity Information Facility (GBIF); (3) An infrastructure for automatized analysis and song classification; and (4) Complementation and improvement of Orthoptera sound libraries using OSF as the taxonomic backbone and repository for representative song recordings. Taxonomists should be encouraged, or even obliged, to deposit original recordings, particularly if they form part of species descriptions or revisions. © 2018 Pensoft Publishers. All rights reserved.",acoustic monitoring;data repositories;Orthoptera Species File;sound libraries;standardization,Pensoft Publishers,10826467 (ISSN),English,J. Orthoptera Res.,Review,Scopus,"Export Date: 14 March 2025; Cited By: 29; Correspondence Address: K. Riede; Zoological Research Museum Alexander Koenig, Bonn, Adenauerallee 160, D-53113, Germany; email: k.riede@leibniz-zfmk.de",2,,203,215,,,172,1,14/03/2025 14:34,
95,JOUR,"Roe, P.;Eichinski, P.;Fuller, R.A.;McDonald, P.G.;Schwarzkopf, L.;Towsey, M.;Truskinger, A.;Tucker, D.;Watson, D.M.",The Australian Acoustic Observatory,2021,Methods in Ecology and Evolution,12,,10.1111/2041-210X.13660,https://www.scopus.com/inward/record.uri?eid=2-s2.0-85109741336&doi=10.1111%2f2041-210X.13660&partnerID=40&md5=48654b309ae3cc224ccc737040f545b4,"Faculty of Science, Queensland University of Technology, Brisbane, Qld, Australia","Fauna surveys are traditionally manual, and hence limited in scale, expensive and labour-intensive. Low-cost hardware and storage mean that acoustic recording now has the potential to efficiently build scale in terrestrial fauna surveys, both spatially and temporally. With this aim, we have constructed the Australian Acoustic Observatory. It provides a direct and permanent record of terrestrial soundscapes through continuous recording across Australian ecoregions, including those periodically subject to fire and flood, when manual surveys are dangerous or impossible. The observatory comprises 360 permanent listening stations deployed across Australia. Groups of four sensors are deployed at each of 90 sites, placed strategically across ecoregions, to provide representative datasets of soundscapes. Each station continuously records sound, resulting in year-round data collection. All data are made freely available under an open access licence. The Australian Acoustic Observatory is the world's first terrestrial acoustic observatory of this size. It provides continental-scale environmental monitoring of unparalleled spatial extent, temporal resolution and archival stability. It enables new approaches to understanding ecosystems, long-term environmental change, data visualization and acoustic science that will only increase in scientific value over time, particularly as others replicate the design in other parts of the world. © 2021 British Ecological Society.",acoustics;big data;ecological monitoring;sensors,British Ecological Society,2041210X (ISSN),English,Methods Ecol. Evol.,Article,Scopus,"Export Date: 14 March 2025; Cited By: 59; Correspondence Address: P. Roe; Faculty of Science, Queensland University of Technology, Brisbane, Australia; email: p.roe@qut.edu.au",10,,1802,1808,,,95,1,14/03/2025 14:37,
27,JOUR,"Christin, S.;Chicoine, C.;O'Neill Sanger, T.;Guigueno, M.F.;Hansen, J.;Lanctot, R.B.;MacNearney, D.;Rausch, J.;Saalfeld, S.T.;Schmidt, N.M.;Smith, P.A.;Woodard, P.F.;Hervet, É.;Lecomte, N.","ArcticBirdSounds: An open-access, multiyear, and detailed annotated dataset of bird songs and calls",2023,Ecology,104,e4047,10.1002/ecy.4047,https://www.scopus.com/inward/record.uri?eid=2-s2.0-85153478226&doi=10.1002%2fecy.4047&partnerID=40&md5=be1a74c8582e47b99d8c9f60bd5d73eb,"Department of Biology, Canada Research Chair in Polar and Boreal Ecology and Centre d'Études Nordiques, University of Moncton, Moncton, NB, Canada","Tracking biodiversity shifts is central to understanding past, present, and future global changes. Recent advances in bioacoustics and the low cost of high-quality automatic recorders are revolutionizing studies in biogeography and community and behavioral ecology with a robust assessment of phenology, species occurrence, and individual activity. This large volume of acoustic recordings has recently generated a plethora of datasets that can now be handled automatically, mostly via big data methods such as deep learning. These approaches need high-quality annotations to classify and detect recorded sounds efficiently. However, very few strongly annotated datasets—that is, with detailed information on start and end time of each vocalization—are openly accessible to the public. Moreover, these datasets mostly cover temperate species and are usually limited to a single year of recordings. Here, we present ArcticBirdSounds, the first open-access, multisite, and multiyear strongly annotated dataset of arctic bird vocalizations. ArcticBirdSounds offers 20 h of annotated recordings over 2 years (2018, 2019), taken from 15 distinct plots within six locations across the Arctic, from Alaska to Greenland. Recordings cover the arctic vertebrates' breeding period and are evenly spaced during the day; they capture most species breeding there with 12,933 temporal annotations in 49 classes of sounds. While these data can be used for many pressing ecological questions, it is also a unique resource for methodological development to help meet the challenges of fast ecosystem transformations such as those happening in the Arctic. All data, including audio files, annotation files, and companion spreadsheets, are available in an Open Science Framework repository published under a CC BY 4.0 License. © 2023 The Authors. Ecology published by Wiley Periodicals LLC on behalf of The Ecological Society of America.",Arctic summer;audio recording;bioacoustics;bird;breeding season;multiyear;panArctic;soundscape;vocalization;Alaska;Animals;Arctic Regions;Biodiversity;Birds;Ecosystem;Alaska;animal;Arctic;biodiversity;bird;ecosystem,Ecological Society of America,00129658 (ISSN),English,Ecology,Data paper,Scopus,"Export Date: 14 March 2025; Cited By: 3; Correspondence Address: N. Lecomte; Department of Biology, Canada Research Chair in Polar and Boreal Ecology and Centre d'Études Nordiques, University of Moncton, Moncton, Canada; email: nicolas.lecomte@umoncton.ca; CODEN: ECOLA",6,37261395,,,,,27,1,14/03/2025 14:37,
87,JOUR,"Wu, S.-H.;Ko, J.C.-J.;Lin, R.-S.;Tsai, W.-L.;Chang, H.-W.",An acoustic detection dataset of birds (Aves) in montane forests using a deep learning approach,2023,Biodiversity Data Journal,11,e97811,10.3897/BDJ.11.E97811,https://www.scopus.com/inward/record.uri?eid=2-s2.0-85153360818&doi=10.3897%2fBDJ.11.E97811&partnerID=40&md5=ef42ba52b49d6d861a8a45dc147b8cc3,"Department of Biological Sciences, National Sun Yat-Sen University, Kaohsiung, Taiwan","Background Long-term monitoring is needed to understand the statuses and trends of wildlife communities in montane forests, such as those in Yushan National Park (YSNP), Taiwan. Integrating passive acoustic monitoring (PAM) with an automated sound identifier, a longterm biodiversity monitoring project containing six PAM stations, was launched in YSNP in January 2020 and is currently ongoing. SILIC, an automated wildlife sound identification model, was used to extract sounds and species information from the recordings collected. Animal vocal activity can reflect their breeding status, behaviour, population, movement and distribution, which may be affected by factors, such as habitat loss, climate change and human activity. This massive amount of wildlife vocalisation dataset can provide essential information for the National Park's headquarters on resource management and decision-making. It can also be valuable for those studying the effects of climate change on animal distribution and behaviour at a regional or global scale.New information To our best knowledge, this is the first open-access dataset with species occurrence data extracted from sounds in soundscape recordings by artificial intelligence. We obtained seven bird species for the first release, with more bird species and other taxa, such as mammals and frogs, to be updated annually. Raw recordings containing over 1.7 million one-minute recordings collected between the years 2020 and 2021 were analysed and SILIC identified 6,243,820 vocalisations of seven bird species in 439,275 recordings. The automatic detection had a precision of 0.95 and the recall ranged from 0.48 to 0.80. In terms of the balance between precision and recall, we prioritised increasing precision over recall in order to minimise false positive detections. In this dataset, we summarised the count of vocalisations detected per sound class per recording which resulted in 802,670 occurrence records. Unlike data from traditional human observation methods, the number of observations in the Darwin Core ""organismQuantity"" column refers to the number of vocalisations detected for a specific bird species and cannot be directly linked to the number of individuals. We expect our dataset will be able to help fill the data gaps of fine-scale avian temporal activity patterns in montane forests and contribute to studies concerning the impacts of climate change on montane forest ecosystems on regional or global scales. © Wu S et al. This is an open access article distributed under the terms of the Creative Commons Attribution License (CC BY 4.0), which permits unrestricted use, distribution, and reproduction in any medium, provided the original author and source are credited.",automated sound identification;Aves;biodiversity;passive acoustic monitoring;SILIC;soundscape;Yushan National Park;Australia;Darwin;Northern Territory;Taiwan;Yushan National Park;acoustic method;biodiversity;bird;climate change;data set;montane forest;reproductive behavior;species occurrence,Pensoft Publishers,13142828 (ISSN),English,Biodivers. Data J.,Article,Scopus,"Export Date: 14 March 2025; Cited By: 3; Correspondence Address: H.-W. Chang; Department of Biological Sciences, National Sun Yat-Sen University, Kaohsiung, Taiwan; email: hwchang@mail.nsysu.edu.tw",,,,,,,87,1,14/03/2025 15:04,
24,JOUR,"Calonge, A.;Navarro González, P.;Mortelmans, J.;Deneudt, K.;Hernandez, F.;Debusschere, E.",Cetacean passive acoustic network in the Belgian part of the North sea,2024,Scientific Data,11,971,10.1038/s41597-024-03806-y,https://www.scopus.com/inward/record.uri?eid=2-s2.0-85203270593&doi=10.1038%2fs41597-024-03806-y&partnerID=40&md5=a3c7c27a9d586554177bc2305adaea11,"Flanders Marine Institute (VLIZ), Slipwaykaai 2, Oostende, 8400, Belgium","In 2016, a design for detecting harbor porpoises (Phocoena phocoena) in the Belgian part of the North Sea (BPNS) was developed in the framework of the LifeWatch project using Passive Acoustic Monitoring (PAM) loggers. In 2018, the network of deployments fully matured, and eight locations across the BPNS are presently housed with a C-POD (Chelonia Ltd., UK), a PAM logger moored on the seafloor using a multi-use platform. The PAM logger continuously listens for harbor porpoise click trains, but only stores the click parameters. This paper presents the generated data series of harbor porpoise click trains at a minute-resolution and the details on the individual click trains. The field recordings, methodology and processing are described, along with its data curation, integration and quality control. The data are annually published online in a standardized format, accompanied with the metadata description, and labelled with a digital object identifier for traceability. Data are published under a CC-BY license, allowing the use of data under the condition of providing reference to the original source. © The Author(s) 2024.","Acoustics;Animals;Belgium;North Sea;Phocoena;Vocalization, Animal;acoustics;animal;Belgium;North Sea;Phocoena;physiology;vocalization",Nature Research,20524463 (ISSN),English,Sci. Data,Data paper,Scopus,"Export Date: 14 March 2025; Cited By: 0; Correspondence Address: A. Calonge; Flanders Marine Institute (VLIZ), Slipwaykaai 2, Oostende, 8400, Belgium; email: Arienne.Calonge@VLIZ.be",1,39237546,,,,,24,1,14/03/2025 15:17,
69,JOUR,"Looby, A.;Vela, S.;Cox, K.;Riera, A.;Bravo, S.;Davies, H.L.;Rountree, R.;Reynolds, L.K.;Martin, C.W.;Matwin, S.;Juanes, F.",FishSounds Version 1.0: A website for the compilation of fish sound production information and recordings,2023,Ecological Informatics,74,101953,10.1016/j.ecoinf.2022.101953,https://www.scopus.com/inward/record.uri?eid=2-s2.0-85145729606&doi=10.1016%2fj.ecoinf.2022.101953&partnerID=40&md5=d6e4e367399418ba3931286f51138e67,"Nature Coast Biological Station, Institute of Food and Agricultural Sciences, University of Florida, 552 1st St, Cedar Key, 32625, FL, United States","Many fish species use active sound production for communication in numerous behaviors. Additionally, likely all fish can make passive or incidental sounds that may also serve some signal functions. Despite the ecological importance of fish sounds, their evident passive acoustic monitoring applications, and extensive endeavors to document soniferous fish diversity, the fields of bioacoustics and ichthyology have historically lacked an easily accessible, global inventory of known fish sound production. To alleviate this limitation, we developed http://FishSounds.net, a website that compiles and disseminates fish sound production information and recordings. FishSounds Version 1.0 launched in 2021, cataloging documented examinations for active and passive sound production for 1185 fish species from 837 references as well as 239 exemplary audio recordings. FishSounds allows users to search by taxa (e.g., family or common name), geographical distribution (e.g., region or water body), sound type, or reference. We have also made available the code used to create the website, so that it may be used in other data-sharing efforts—acoustic or otherwise. Subsequent versions of the website will update the data and improve the website functionality. FishSounds will advance research into fish behavior, passive acoustic monitoring, and human impacts on underwater soundscapes; serve as a resource for public outreach; and provide the foundation needed to investigate more of the 96% of fish species that lack published examinations of sound production. We further hope the FishSounds design, implementation, and engagement strategies will serve as a model for future data management and sharing efforts. © 2022 Elsevier B.V.",Bioacoustics;Data portal;Fish behavior;Passive acoustic monitoring;Soundscape ecology;bioacoustics;biomonitoring;data set;fish;geographical distribution;software,Elsevier B.V.,15749541 (ISSN),English,Ecol. Informatics,Article,Scopus,"Export Date: 14 March 2025; Cited By: 12; Correspondence Address: A. Looby; Cedar Key, 552 1st St, 32625, United States; email: alooby101@gmail.com",,,,,,,69,1,14/03/2025 15:27,
83,JOUR,"Hawkins, L.A.;Erbe, C.;Becker, A.;Browne, C.E.;McCordic, J.;McWiliam, J.;Parnum, I.M.;Parsons, M.J.;Rivero, N.;Ward, R.;White-Kiely, D.;McCauley, R.D.",The Australian fish chorus catalogue (2005–2023),2024,Frontiers in Remote Sensing,5,1473168,10.3389/frsen.2024.1473168,https://www.scopus.com/inward/record.uri?eid=2-s2.0-85213703475&doi=10.3389%2ffrsen.2024.1473168&partnerID=40&md5=e7b585e87a4a75d1f6e5227487b52d9e,"Centre for Marine Science and Technology, Curtin University, Bentley, WA, Australia","Biological sources are significant contributors to aquatic soundscapes. Soniferous fish can dominate the soundscape in certain locations, at specific times and frequencies, particularly during the production of choruses. Passive acoustic monitoring of fish choruses can provide important ecological information about soniferous fish populations. This study presents the Australian Fish Chorus Catalogue, an inventory of fish choruses detected from 83 locations in Australian estuarine and marine waters. The Australian Fish Chorus Catalogue contains data on fish chorus occurrence and the spectral and temporal measurements, spectrographic images, and audio examples of 301 fish choruses. This catalogue has been developed to establish the foundations of an ongoing effort to document, quantify, compare, and track Australian fish choruses. We hope this open-access data depository will be used as a reference for future research and will facilitate an increase in understanding of fish choruses, which can then be applied to the monitoring and management of fish populations and their respective ecosystems. Copyright © 2024 Hawkins, Erbe, Becker, Browne, McCordic, McWiliam, Parnum, Parsons, Rivero, Ward, White-Kiely and McCauley.",data repository;fish chorus;passive acoustics;soundscape;spatiotemporal distribution;spectral analysis;unknown fish sounds,Frontiers Media SA,26736187 (ISSN),English,Front. Remote Sens.,Article,Scopus,"Export Date: 14 March 2025; Cited By: 0; Correspondence Address: L.A. Hawkins; Centre for Marine Science and Technology, Curtin University, Bentley, Australia; email: laurenhawkins799@gmail.com",,,,,,,83,1,14/03/2025 15:29,
102,JOUR,"Bellisario, K.M.;Broadhead, T.;Savage, D.;Zhao, Z.;Omrani, H.;Zhang, S.;Springer, J.;Pijanowski, B.C.",Contributions of MIR to soundscape ecology. Part 3: Tagging and classifying audio features using a multi-labeling k-nearest neighbor approach,2019,Ecological Informatics,51,,10.1016/j.ecoinf.2019.02.010,https://www.scopus.com/inward/record.uri?eid=2-s2.0-85062855888&doi=10.1016%2fj.ecoinf.2019.02.010&partnerID=40&md5=c17188e8289f4bf028982892d68e1829,"Purdue University, Dept of Forestry & Natural Resources, Discovery Park Center for Global Soundscapes, 203 S. Martin Jischke Drive, Mann Hall Ste B066, IN, United States","Scientists are using acoustic monitoring to assess the impact of altered soundscapes on wildlife communities and human systems. In the soundscape ecology field, monitoring and analyses approaches rely on the interdisciplinary intersection of ecology, acoustics, and computer science. Combining theory and practice of each field in the context of Knowledge Discovery in Databases (KDD), soundscape ecologists provide innovative monitoring solutions for ecologically-driven research questions. We propose a soundscape content analysis framework for improved knowledge outcome with assistance of the new multi-label (ML) concept. Here, we investigated the effectiveness of a ML k-nearest neighbor algorithm (ML-kNN) for labeling concurrent soundscape components within a single recording. We manually labeled 1200 field recordings for the presence of soundscape components and extracted ecological acoustic features, audio profile features, and Gaussian-mixture model features for each recording. Then, we tested the ML-kNN algorithm accuracy with well-established metrics adapted to ML learning. We found that seventeen unique acoustic features could predict a set of biophonic, geophonic, and anthrophonic labels for a single field recording with average precision of 0.767. However, certain labels were predicted incorrectly depending on the time of day and co-occurrence of that label with another label, suggesting further refinement is needed to improve the accuracy of predicted labels. Overall, this ML classification approach could enable researchers to label field recordings more quickly and generate an “alert” system for monitoring changes in a specific sound class. Ultimately, the adaptation of the ML algorithm may provide soundscape ecologists with new metadata labels that are searchable in large databases of soundscape field recordings. © 2019",Audio features;K-nearest neighbor;Multi-labeling;Soundscape ecology;Visualization of acoustic data;accuracy assessment;acoustic data;algorithm;analytical framework;classification;Gaussian method;monitoring system;tagging;visualization,Elsevier B.V.,15749541 (ISSN),English,Ecol. Informatics,Article,Scopus,"Export Date: 14 March 2025; Cited By: 17; Correspondence Address: K.M. Bellisario; Purdue University, Dept of Forestry & Natural Resources, Discovery Park Center for Global Soundscapes, 203 S. Martin Jischke Drive, Mann Hall Ste B066, United States; email: kbellisa@purdue.edu",,,103,111,,,102,1,14/03/2025 15:30,
157,CONF,"Ferrari, M.;Glotin, H.;Marxer, R.;Asch, M.",DOCC10: Open access dataset of marine mammal transient studies and end-to-end CNN classification,2020,Proceedings of the International Joint Conference on Neural Networks,,9207085,10.1109/IJCNN48605.2020.9207085,https://www.scopus.com/inward/record.uri?eid=2-s2.0-85093840332&doi=10.1109%2fIJCNN48605.2020.9207085&partnerID=40&md5=14af16a7a5a0beab8d6d2238ec9810c5,"Université Amiens, CNRS, France","Classification of transients is a difficult task. In bioacoustics, almost all studies are still done with human labeling. In passive acoustic monitoring (PAM), the data to label are made up from months of continuous recordings with multiple recording stations and the time required to label everything with human labeling is longer than the next recording session will take to produce new data, even with multiple experts. To help lay a foundation for the emergence of automatic labeling of marine mammal transients, we built a dataset using weak labels from a 3TB dataset of marine mammal transients of DCLDE 2018. The DCLDE dataset was made for a click classification challenge. The new dataset has strong labels and opened a new challenge, DOCC10, whose baseline is also described in this paper. The accuracy of 71% of the baseline is already good enough to curate the large dataset, leaving only some regions of interest still to be expertised. But this is far from perfect, and there remains space for future improvement, or challenging alternative techniques. A smaller version of DOCC10 named DOCC7 is also presented. © 2020 IEEE.",audio;bioacoustics;challenge;CNN;deep learning;transients;Large dataset;Mammals;Neural networks;Automatic labeling;Future improvements;Marine mammals;Multiple recordings;Passive acoustic monitoring;Regions of interest;Transient studies;Weak labels;Classification (of information),Institute of Electrical and Electronics Engineers Inc.,978-172816926-2 (ISBN),English,Proc Int Jt Conf Neural Networks,Conference paper,Scopus,Export Date: 14 March 2025; Cited By: 7; CODEN: 85OFA,,,,,,,157,1,14/03/2025 15:31,
57,CONF,"Khanal, S.;Xing, E.;Sastry, S.;Dhakal, A.;Xiong, Z.;Ahmad, A.;Jacobs, N.",PSM: Learning Probabilistic Embeddings for Multi-scale Zero-Shot Soundscape Mapping,2024,MM 2024 - Proceedings of the 32nd ACM International Conference on Multimedia,,,10.1145/3664647.3681620,https://www.scopus.com/inward/record.uri?eid=2-s2.0-85209772175&doi=10.1145%2f3664647.3681620&partnerID=40&md5=9bf99b3daebc5daeddac2807019332d6,"Washington University in St. Louis, Saint Louis, MO, United States","A soundscape is defined by the acoustic environment a person perceives at a location. In this work, we propose a framework for mapping soundscapes across the Earth. Since soundscapes involve sound distributions that span varying spatial scales, we represent locations with multi-scale satellite imagery and learn a joint representation among this imagery, audio, and text. To capture the inherent uncertainty in the soundscape of a location, we design the representation space to be probabilistic. We also fuse ubiquitous metadata (including geolocation, time, and data source) to enable learning of spatially and temporally dynamic representations of soundscapes. We demonstrate the utility of our framework by creating large-scale soundscape maps integrating both audio and text with temporal control. To facilitate future research on this task, we also introduce a large-scale dataset, GeoSound, containing over 300k geotagged audio samples paired with both low- and high-resolution satellite imagery. We demonstrate that our method outperforms the existing state-of-the-art on both GeoSound and the existing SoundingEarth dataset. Our dataset and code is available at https://github.com/mvrl/PSM. © 2024 Owner/Author.",audio visual learning;probabilistic representation learning;soundscape mapping;Image coding;Mapping;Zero-shot learning;Audio visual learning;Audio-visual;Embeddings;Multi-scales;Probabilistic representation;Probabilistic representation learning;Probabilistics;Soundscape mapping;Soundscapes;Visual learning;Satellite imagery,"Association for Computing Machinery, Inc",979-840070686-8 (ISBN),English,MM - Proc. ACM Int. Conf. Multimed.,Conference paper,Scopus,"Export Date: 14 March 2025; Cited By: 0; Correspondence Address: S. Khanal; Washington University in St. Louis, Saint Louis, United States; email: k.subash@wustl.edu",,,1361,1369,,,57,1,14/03/2025 15:37,
242,JOUR,"Katz, J.;Hafner, S.D.;Donovan, T.",Tools for automated acoustic monitoring within the R package monitoR,2016,Bioacoustics,25,,10.1080/09524622.2016.1138415,https://www.scopus.com/inward/record.uri?eid=2-s2.0-85012092842&doi=10.1080%2f09524622.2016.1138415&partnerID=40&md5=b988780579660a8f4c086438e0625c92,"Vermont Cooperative Fish and Wildlife Research Unit, University of Vermont, Burlington, VT, United States","The R package monitoR contains tools for managing an acousticmonitoring program including survey metadata, template creation and manipulation, automated detection and results management. These tools are scalable for use with small projects as well as larger long-term projects and those with expansive spatial extents. Here, we describe typical workflow when using the tools in monitoR. Typical workflow utilizes a generic sequence of functions, with the option for either binary point matching or spectrogram cross-correlation detectors. © 2015 Taylor & Francis.",Acoustics;Correlation matching;Spectrogram;Template detection;Template matching;Wildlife monitoring,Taylor and Francis Ltd.,09524622 (ISSN),English,Bioacoustics,Article,Scopus,"Export Date: 14 March 2025; Cited By: 62; Correspondence Address: J. Katz; Vermont Cooperative Fish and Wildlife Research Unit, University of Vermont, Burlington, United States; email: jkatz3@uvm.edu",2,,197,210,,,242,1,14/03/2025 15:38,
42,CONF,"Gebhard, A.;Triantafyllopoulos, A.;Bez, T.;Christ, L.;Kathan, A.;Schuller, B.W.",EXPLORING META INFORMATION FOR AUDIO-BASED ZERO-SHOT BIRD CLASSIFICATION,2024,"ICASSP, IEEE International Conference on Acoustics, Speech and Signal Processing - Proceedings",,,10.1109/ICASSP48485.2024.10445807,https://www.scopus.com/inward/record.uri?eid=2-s2.0-85195408056&doi=10.1109%2fICASSP48485.2024.10445807&partnerID=40&md5=802c0243c6ae0d890919495352f42d44,"MRI, Technical University of Munich, Germany","Advances in passive acoustic monitoring and machine learning have led to the procurement of vast datasets for computational bioacoustic research. Nevertheless, data scarcity is still an issue for rare and underrepresented species. This study investigates how meta-information can improve zero-shot audio classification, utilising bird species as an example case study due to the availability of rich and diverse metadata. We investigate three different sources of metadata: textual bird sound descriptions encoded via (S)BERT, functional traits (AVONET), and bird life-history (BLH) characteristics. As audio features, we extract audio spectrogram transformer (AST) embeddings and project them to the dimension of the auxiliary information by adopting a single linear layer. Then, we employ the dot product as compatibility function and a standard zero-shot learning ranking hinge loss to determine the correct class. The best results are achieved by concatenating the AVONET and BLH features attaining a mean unweighted F1-score of.233 over five different test sets with 8 to 10 classes. © 2024 IEEE.",bioacoustics;computer audition;machine learning;zero-shot classification,Institute of Electrical and Electronics Engineers Inc.,15206149 (ISSN); 979-835034485-1 (ISBN),English,ICASSP IEEE Int Conf Acoust Speech Signal Process Proc,Conference paper,Scopus,Export Date: 14 March 2025; Cited By: 2; CODEN: IPROD,,,1211,1215,,,42,1,14/03/2025 15:39,
220,CHAP,"Jones, K.E.;Russ, J.A.;Bashta, A.;Bilhari, Z.;Catto, C.;Csosz, I.;Gorbachev, A.;Gyorfi, P.;Hughes, A.;Ivashkiv, I.;Koryagina, N.;Kurali, A.;Langton, S.;Collen, A.;Margiean, G.;Pandourski, I.;Parsons, S.;Prokofev, I.;Szodoray-Paradi, A.;Szodoray-Paradi, F.;Tilova, E.;Walters, C.L.;Weatherill, A.;Zavarzin, O.",Indicator Bats Program: A System for the Global Acoustic Monitoring of Bats,2013,Biodiversity Monitoring and Conservation: Bridging the Gap between Global Commitment and Local Action,,,10.1002/9781118490747.ch10,https://www.scopus.com/inward/record.uri?eid=2-s2.0-84887260657&doi=10.1002%2f9781118490747.ch10&partnerID=40&md5=670ce76ebcb877878188239d3b5311af,"Institute of Zoology, Zoological Society of London, London, NW1 4RY, Regent's Park, United Kingdom","Summary: Bats are an important component of mammalian biodiversity and fill such a wide array of ecological niches that they may offer an important multisensory bioindicator role in assessing ecosystem health. There is a need to monitor population trends of bats for their own sake because many populations face numerous environmental threats related to climate change, habitat loss, fragmentation, hunting, and emerging diseases. To be able to establish bat ultrasonic biodiversity trends as a reliable indicator, it is important to standardize monitoring protocols, data management, and analyses. This chapter discusses the main issues to be considered in developing a bat ultrasonic indicator. It focuses on the results from indicator bats program (iBats), a system for the global acoustic monitoring of bats, in Eastern Europe. Finally, the chapter reviews the strengths and weaknesses of the Program and considers the opportunities and threats that it may face in the future. © 2013 John Wiley & Sons, Ltd.",Global acoustic monitoring;Indicator bats program (iBats);Ultrasonic biodiversity;Ultrasonic indicator,Wiley-Blackwell,978-144433291-9 (ISBN),English,Biodiversity Monit. and Conserv.: Bridging the Gap between Global Commitment and Local Action,Book chapter,Scopus,Export Date: 14 March 2025; Cited By: 48,,,211,247,,,220,1,14/03/2025 15:39,
41,CHAP,"Gannon, W.L.;Dunlop, R.;Hawkins, A.;Thomas, J.A.","Collecting, documenting, and archiving bioacoustical data and metadata",2022,Exploring Animal Behavior Through Sound: Volume 1: Methods,,,10.1007/978-3-030-97540-1_3,https://www.scopus.com/inward/record.uri?eid=2-s2.0-85159557659&doi=10.1007%2f978-3-030-97540-1_3&partnerID=40&md5=19b3021adbcb53af93ba203429fbc5a6,"Department of Biology, Museum of Southwestern Biology and Graduate Studies, University of New Mexico, Albuquerque, NM, United States","The best practices for conducting bioacoustical research are described in this chapter. Ethical considerations, including the need for research integrity, animal ethics (e.g., in the USA, the Institutional Animal Care and Use Committee, IACUC) approvals, and data management and archiving are discussed. Suggestions for conducting a bioacoustical study in the laboratory, field, and captivity are described, including designing a data sheet. Recommendations for carrying out playback studies, a special type of bioacoustical study, are also provided. Finally, the importance of historical data, properly logging the details of a recording, documenting equipment specifications, and correctly storing analog and digital acoustic data are summarized. © The Author(s) 2022. All rights reseverd.",,Springer International Publishing,978-303097540-1 (ISBN); 978-303097538-8 (ISBN),English,Explor. Anim. Behav. Through Sound: Vol. 1: Methods,Book chapter,Scopus,"Export Date: 14 March 2025; Cited By: 0; Correspondence Address: W.L. Gannon; Department of Biology, Museum of Southwestern Biology and Graduate Studies, University of New Mexico, Albuquerque, United States; email: wgannon@unm.edu",,,87,110,,,41,1,14/03/2025 15:40,
160,JOUR,"Turchet, L.;Fazekas, G.;Lagrange, M.;Ghadikolaei, H.S.;Fischione, C.","The Internet of Audio Things: State of the Art, Vision, and Challenges",2020,IEEE Internet of Things Journal,7,9099251,10.1109/JIOT.2020.2997047,https://www.scopus.com/inward/record.uri?eid=2-s2.0-85092127161&doi=10.1109%2fJIOT.2020.2997047&partnerID=40&md5=aff456d7c17792b202c1fbeff1c0c414,"Department of Information Engineering and Computer Science, University of Trento, Trento, 38123, Italy","The Internet of Audio Things (IoAuT) is an emerging research field positioned at the intersection of the Internet of Things, sound and music computing, artificial intelligence, and human-computer interaction. The IoAuT refers to the networks of computing devices embedded in physical objects (Audio Things) dedicated to the production, reception, analysis, and understanding of audio in distributed environments. Audio Things, such as nodes of wireless acoustic sensor networks, are connected by an infrastructure that enables multidirectional communication, both locally and remotely. In this article, we first review the state of the art of this field, then we present a vision for the IoAuT and its motivations. In the proposed vision, the IoAuT enables the connection of digital and physical domains by means of appropriate information and communication technologies, fostering novel applications and services based on auditory information. The ecosystems associated with the IoAuT include interoperable devices and services that connect humans and machines to support human-human and human-machines interactions. We discuss the challenges and implications of this field, which lead to future research directions on the topics of privacy, security, design of Audio Things, and methods for the analysis and representation of audio-related information. © 2014 IEEE.",Auditory scene analysis;ecoacoustics;Internet of Audio Things (IoAuT);Internet of Sounds;smart city;Artificial intelligence;Human computer interaction;Interoperability;Sensor networks;Sensor nodes;Computing devices;Distributed environments;Future research directions;Information and Communication Technologies;Novel applications;Physical objects;Sound and music computing;Wireless acoustic sensor networks;Audio acoustics,Institute of Electrical and Electronics Engineers Inc.,23274662 (ISSN),English,IEEE Internet Things J.,Article,Scopus,"Export Date: 14 March 2025; Cited By: 60; Correspondence Address: L. Turchet; Department of Information Engineering and Computer Science, University of Trento, Trento, 38123, Italy; email: luca.turchet@unitn.it",10,,10233,10249,,,160,1,14/03/2025 15:45,
230,CONF,"Bountourakis, V.;Vrysis, L.;Papanikolaou, G.",Machine learning algorithms for environmental sound recognition: Towards soundscape semantics,2015,ACM International Conference Proceeding Series,07-09-October-2015,a5,10.1145/2814895.2814905,https://www.scopus.com/inward/record.uri?eid=2-s2.0-84956612037&doi=10.1145%2f2814895.2814905&partnerID=40&md5=23731c90281c5f6eda6799070e04b70b,"Aristotle University of Thessaloniki, AUTh University Campus, 54124, Greece","This paper investigates methods aiming at the automatic recognition and classification of discrete environmental sounds, for the purpose of subsequently applying these methods to the recognition of soundscapes. Research in audio recognition has traditionally focused on the domains of speech and music. Comparatively little research has been done towards recognizing non-speech environmental sounds. For this reason, in this paper, we apply existing techniques that have been proved efficient in the other two domains. These techniques are comprehensively compared to determine the most appropriate one for addressing the problem of environmental sound recognition. © 2015 ACM.",Audio classification;Computer audition;Environmental Sound Recognition;Feature extraction;Feature selection;Machine learning algorithms;Semantic audio analysis;Algorithms;Artificial intelligence;Audio acoustics;Audition;Feature extraction;Learning systems;Semantics;Speech recognition;Audio classification;Audio-recognition;Automatic recognition;Computer audition;Environmental sound recognition;Environmental sounds;Semantic audio;Soundscapes;Learning algorithms,Association for Computing Machinery,978-145033896-7 (ISBN); 978-145033896-7 (ISBN),English,ACM Int. Conf. Proc. Ser.,Conference paper,Scopus,Export Date: 14 March 2025; Cited By: 36,,,,,Kalliris G.;Dimoulas C.;Kalliris G.;Dimoulas C.,,230,1,21/03/2025 09:50,
92,JOUR,"Farina, A.;Villa, A.E.P.",On the semantics of ecoacoustic codes,2023,BioSystems,232,105002,10.1016/j.biosystems.2023.105002,https://www.scopus.com/inward/record.uri?eid=2-s2.0-85171203345&doi=10.1016%2fj.biosystems.2023.105002&partnerID=40&md5=342b5f76754152d99e4bfeff280fb0e6,"Department of Pure and Applied Sciences, The University of Urbino, Campus Scientifico “Enrico Mattei”, Urbino, 61029, Italy","Ecological codes have been defined as every biological code integrated by factors originated by the environmental context that participates in the codepoiesis process. Ecological codes create a strict relationship between the inner world of organsims and the external relational world, and represent the mechanism with which the vivo-scape is realized. Acoustic codes are used in nature to decode acoustic signals between individuals of the same or different species and belong to the category of biological codes. Ecoacoustic codes are the outcome of the evolution of acoustic codes, and results as the interplay between acoustic codes and environmental factors. Soundtope codes represent the results of emerging properties of the acoustic communities. © 2023 Elsevier B.V.",Ecoacoustic codes;Ecological codes;Ecosystems;Landscapes;Sonoscape;Sonotopes;Acoustics;Humans;Semantics;acoustics;biological analysis;environmental factor;instrumentation;isotope;signal;adult;article;ecosystem;environmental factor;landscape;plant stem;semantics;acoustics;human,Elsevier Ireland Ltd,03032647 (ISSN),English,BioSystems,Article,Scopus,"Export Date: 14 March 2025; Cited By: 5; Correspondence Address: A. Farina; Department of Pure and Applied Sciences, The University of Urbino, Urbino, Campus Scientifico “Enrico Mattei”, 61029, Italy; email: almo.farina@uniurb.it; CODEN: BSYMB",,37625513,,,,,92,1,21/03/2025 10:26,
274,CONF,"Bukvic, I.I.;Kim, J.-S.",μ Max-unity3D interoperability toolkit,2009,"Proceedings of the 2009 International Computer Music Conference, ICMC 2009",,,,https://www.scopus.com/inward/record.uri?eid=2-s2.0-84905909253&partnerID=40&md5=fb227ebb91933744958653fb44083e9a,"Virginia Tech, Music, DISIS, CCTAD, United States","Object-oriented rapid prototyping tools geared towards multimedia, such as Max/MSP/Jitter and Pd/Gem, serve as a powerful foundation for efficient multimodal crosspollination and integration. Although both Max and Pd support OpenGL, the lack of scalability, user-friendly 3D editor, and physics engine makes them less desirable solutions for the rapid development of complex environments and physics simulations. Unity3D is a powerful rapid 3D video game prototyping platform with an integrated physics engine. Its audio capabilities, however, are limited mainly to triggering and spatialization of audio buffers. μ is a toolkit offering easy integration of Max/PD with Unity3D, allowing for exchange of control data, as well as importing of dynamic Jitter textures into Unity3D. The former makes it particularly suitable for efficient sonification of physics simulations. μ has been utilized in Elemental, an interactive communal soundscape installation (part of the Revo:oveR exhibit) allowing for visitors' motion (Max) to drive a physics engine (Unity3D) and sonify ensuing data across a 12-channel ceilingmounted speaker array (Max). © July 2009- All copyright remains with the individual authors.",Application programming interfaces (API);Computer music;Digital storage;Engines;Palladium compounds;Ceiling-mounted;Complex environments;Object oriented;Physics simulation;Prototyping platform;Rapid prototyping tool;Spatialization;Speaker arrays;Interoperability,International Computer Music Association,978-097131927-1 (ISBN),English,Proc. Intl. Comp. Music Conf.,Conference paper,Scopus,Export Date: 14 March 2025; Cited By: 3,,,375,378,,,274,0,14/03/2025 14:06,
193,CONF,"Nugroho, A.P.;Purba, S.;Pratomo, Y.B.;Hadi, S.;Utami, S.S.",Development of cloud-based bioacoustics monitoring system for supporting Integrated Pest Management in agriculture production,2020,IOP Conference Series: Earth and Environmental Science,449,12032,10.1088/1755-1315/449/1/012032,https://www.scopus.com/inward/record.uri?eid=2-s2.0-85083453679&doi=10.1088%2f1755-1315%2f449%2f1%2f012032&partnerID=40&md5=f788bde52789230583d2d60085800fee,"Smart Agriculture Research Group, Department of Agricultural and Biosystems Engineering, Faculty of Agricultural Technology, Universitas Gadjah Mada, Jln. Flora No.1, Bulaksumur Yogyakarta, 55281, Indonesia","Integrated Pest Management (IPM) is a conception or way of thinking about Management of Plant Pests with a multidisciplinary ecological approach to managing pest populations by utilizing a variety of compatible control tactics in a coordinating management unit. Acoustic signals produced by insects can be used as a source of information about their presence and behaviour. Problems encountered in observing acoustic signals produced by animals in the context of integrated pest control are supporting equipment factors that can facilitate data acquisition, data management, and species identification based on audio recordings (species identification). The objective of this study is to design microcomputer-based bioacoustics monitoring system that is integrated with the cloud. In more detail, the specific objectives are (1) Designing microcomputer-based bioacoustics monitoring system as a supporter of data acquisition systems with cloud integration features, (2) Testing the performance of a bioacoustics monitoring system for field observations. Bioacoustics monitoring system based on a microcomputer with cloud integration has been developed to support the implementation of integrated pest management. The developed system uses a raspberry pi as a central processing unit in local for data acquisition systems that are connected to the cloud using the Internet connection. As a result of the laboratory-scale test in indoor and outdoor setup, the system could record sample insect sound (Katydid and Cricket) clearly for both conditions, although noise from environment also appears in data analysis affecting the insect identification in future utilization. © 2020 IOP Publishing Ltd.",Acoustic waves;Audio acoustics;Audio equipment;Bioacoustics;Data acquisition;Environmental testing;Forestry;Information management;Integration testing;Microcomputers;Pest control;Program processors;Timber;Agriculture productions;Cloud integrations;Data acquisition system;Ecological approaches;Field observations;Integrated Pest Management;Internet connection;Species identification;Monitoring,Institute of Physics Publishing,17551307 (ISSN),English,IOP Conf. Ser. Earth Environ. Sci.,Conference paper,Scopus,"Export Date: 14 March 2025; Cited By: 6; Correspondence Address: A.P. Nugroho; Smart Agriculture Research Group, Department of Agricultural and Biosystems Engineering, Faculty of Agricultural Technology, Universitas Gadjah Mada, Bulaksumur Yogyakarta, Jln. Flora No.1, 55281, Indonesia; email: andrew@ugm.ac.id",1,,,,,,193,0,14/03/2025 14:10,
94,JOUR,"Jeantet, L.;Dufourq, E.",Improving deep learning acoustic classifiers with contextual information for wildlife monitoring,2023,Ecological Informatics,77,102256,10.1016/j.ecoinf.2023.102256,https://www.scopus.com/inward/record.uri?eid=2-s2.0-85169025887&doi=10.1016%2fj.ecoinf.2023.102256&partnerID=40&md5=184feebf598e3dd2777f390ae617d45b,"African Institute for Mathematical Sciences, South Africa","Bioacoustics, the exploration of animal vocalizations and natural soundscapes, has emerged as a valuable tool for studying species within their habitats, particularly those that are challenging to observe. This approach has broadened the horizons of biodiversity assessment and ecological research. However, monitoring wildlife with acoustic recorders produces large volumes of data that can be labor-intensive to analyze. Deep learning has recently transformed many computational disciplines by enabling the automated processing of large and complex datasets and has gained attention within the bioacoustics community. Despite the revolutionary impact of deep learning on acoustic detection and classification, attaining both high detection accuracy and low false positive rates in bioacoustics remains a significant challenge. An intriguing yet unexplored avenue for enhancing deep learning in bioacoustics involves the utilization of contextual information, such as time and location, to discern animal vocalizations within acoustic recordings. As a first case study, a multi-branch Convolutional Neural Network (CNN) was developed to classify 22 different bird songs using spectrograms as a first input, and spatial metadata as a secondary input. A comparison was made to a baseline model with only spectrogram input. A geographical prior neural network was trained, separately, to estimate the probability of a species occurring at a given location. The output of this network was combined with the baseline CNN. As a second case study, temporal data and spectrograms were used as input to a multi-branch CNN for the detection of Hainan gibbon (Nomascus hainanus) calls, the world's rarest primate. Our findings demonstrate that adding metadata to the bird song classifier significantly improves classification performance, with the highest improvement achieved using the geographical prior model (F1-score of 87.78% compared to 61.02% for the baseline model). The multi-branch CNNs also proved efficient (F1-scores of 76.87% and 78.77%) and simpler to use than the geographical prior. In the second case study, our findings revealed a decrease in false positives by 63% (94% of the calls were detected) when the metadata was used by the multi-branch CNN, and an increase of 19% in gibbon detection. This study has uncovered an exciting new avenue for improving classifier performance in bioacoustics. The methodology described in this study can assist ecologists, wildlife management teams, and researchers in reducing the amount of time spent analyzing large acoustic datasets obtained from passive acoustic monitoring studies. Our approach can be adapted and applied to other calling species, and thus tailored to other use cases. © 2023 The Authors",Bioacoustics;Birds;Convolutional neural networks;Deep learning;Hainan gibbons;Passive acoustic monitoring;Species identification;China;Hainan;algorithm;artificial neural network;bioacoustics;biodiversity;bird;identification method;monitoring system;wild population;wildlife management,Elsevier B.V.,15749541 (ISSN),English,Ecol. Informatics,Article,Scopus,"Export Date: 14 March 2025; Cited By: 13; Correspondence Address: L. Jeantet; African Institute for Mathematical Sciences, South Africa; email: lorene.jeantet@hotmail.fr",,,,,,,94,0,14/03/2025 14:12,
183,CONF,"Moustahfid, H.;Kochevar, R.;Weise, M.J.;Block, B.",Integrated Management and Visualization of Animal Telemetry Observations: Serving data from a wide variety of platforms used in animal telemetry,2016,OCEANS 2015 - MTS/IEEE Washington,,7401811,10.23919/oceans.2015.7401811,https://www.scopus.com/inward/record.uri?eid=2-s2.0-84963986342&doi=10.23919%2foceans.2015.7401811&partnerID=40&md5=1a94256fd53801f2059b0275acb0d4c2,"NOAA. U.S. Integrated Ocean Observing System, Silver Spring, MD, United States","In the past two decades, rapid advances in animal transmitters, data storage tags and tracking technology have made it possible to use animals to collect high quality biological and oceanographic observations as they cruise through ocean habitats. However, despite significant investment in tagging and tracking technology, integrated data management and visualization systems have lacked. The growing volume of these data holdings, the large diversity of tag types and data formats, and the general lack of data management are not only complicating integration and synthesis of animal telemetry and tracking data but potentially threatening the integrity and longer-term access to these valuable datasets. To address this critical gap, the United States Integrated Ocean Observing System (U.S. IOOS) Animal Telemetry Data Management and Visualization System (ATN DAC) has been developed to provide an integrated system of most known transmitters and tracking systems. The ATN DAC in its first version provides a clean and intuitive Google Maps-based user interface with simple, color-coded icons for various tag types, including satellite-linked tags, archival tags, pop-up satellite archival tags, acoustic receiver buoys and autonomous mobile gliders equipped with acoustic receivers. For each tag type, the user can display additional data (e.g., animal track, acoustic detections) by simply clicking on the icons. An icon click also presents the user with a variety of additional options, which vary by platform. These include: display or download depth and temperature profile or conductivity data, display or download animal tracking data, display or download detection data, or view and query datasets through a webservice such as NOAA-Environmental Research Division's Data Access Protocol (ERDDAP) server. These data management and visualization tools are designed to enable Animal Telemetry data sharing and integrating biological data with environmental data observations and models. In this presentation we provide an overview of the ATN DAC data management and visualizations capabilities (figure 1) and linking this data service to ocean models and applications. © 2015 MTS.",Acoustic receivers;Acoustic wave transmission;Animals;Bioacoustics;Data integration;Data Sharing;Data visualization;Digital storage;Large dataset;Oceanography;Telemetering equipment;Transmitters;User interfaces;Visualization;Data Access Protocols;Environmental researches;Integrated data management;Integrated management;Integrated ocean observing systems;Temperature profiles;Tracking technology;Visualization system;Information management,Institute of Electrical and Electronics Engineers Inc.,978-093395743-5 (ISBN),English,OCEANS - MTS/IEEE Washington,Conference paper,Scopus,Export Date: 14 March 2025; Cited By: 1,,,,,,,183,0,14/03/2025 14:14,
21,JOUR,"Ma, H.;Fan, P.","Application, progress, and future perspective of passive acoustic monitoring in terrestrial mammal research",2023,Biodiversity Science,31,22374,10.17520/biods.2022374,https://www.scopus.com/inward/record.uri?eid=2-s2.0-85147412107&doi=10.17520%2fbiods.2022374&partnerID=40&md5=ca6b6824fec8905fe33c2f7e7f2fcc80,"School of Life Sciences, Sun Yat-sen University, Guangzhou, 510275, China","Background & Aims: Passive acoustic monitoring (PAM) is an observational method that collects acoustic signals of wildlife and the surrounding environment using automatic sound recorders. PAM itself is a multidisciplinary technique, integrating biology, ecology, acoustics, and computer science, and was developed in the 1990s first to study bats and primates. Since then, PAM has been utilized in a variety of research contexts to study animal behavior, ecology, and conservation biology. However, a systematic review of the progress of the field is lacking. Progress: Here, we review how PAM has been used to monitor terrestrial mammal activity patterns, habitat use, species distribution, population size and density, biodiversity, and human influence. We also identify factors which prevent its wider application, such as the complexity of storing and managing acoustic data, limitations of acoustic indices, challenges associated with automated identification of species or individuals, and the overall cost of equipment. As a consequence, we observe limited use of PAM in terrestrial mammal research, especially in China. Perspective: Finally, we discuss potential novel applications of PAM to study terrestrial mammals. We highlight the importance of establishing and improving standardized PAM networks and data management platforms, developing citizen science programs, encouraging participation of more scientific institutions, and expanding the presence of acoustic monitors particularly throughout protected areas. PAM is an indispensable technique which can further support efforts to conserve biodiversity and increase ecological consciousness in China. © 2023, Chinese Academy of Sciences. All rights reserved.",biodiversity conservation;passive acoustic monitoring (PAM);vocal communication;wildlife,Chinese Academy of Sciences,10050094 (ISSN),Chinese,Biodivers. Sci.,Article,Scopus,"Export Date: 14 March 2025; Cited By: 3; Correspondence Address: P. Fan; Key Laboratory of Ecology of Rare and Endangered Species and Environmental Protection (Guangxi Normal University), Ministry of Education, Guilin, Guangxi, 541006, China; email: fanpl@mailbox.gxnu.edu.cn",1,,,,,,21,0,14/03/2025 14:16,
225,CHAP,"Atkins, J.;Johnson, M.",A low-cost open-source acoustic recorder for bioacoustics research,2016,Advances in Experimental Medicine and Biology,875,,10.1007/978-1-4939-2981-8_8,https://www.scopus.com/inward/record.uri?eid=2-s2.0-84948807920&doi=10.1007%2f978-1-4939-2981-8_8&partnerID=40&md5=58048349c50dd3707c3d83e2415f1556,"Leigh Marine Laboratory, University of Auckland, 160 Goat Island Road, Leigh, 0985, New Zealand","Acoustic recorders are the primary tool used in marine bioacoustics; however, available devices are either expensive or lack self-calibration capabilities that are critical for high-quality measurements. Moreover, the software used in proprietary designs can be inflexible and may involve unknown processing steps. To address this, we have designed a miniature low-cost yet high-performance acoustic recorder that features open-source hardware and software. Circuitry is included for self-calibration, making it possible to evaluate device performance in situ. Our intention is that the design will develop in conjunction with the needs of the bioacoustics community. © Springer Science+Business Media New York 2016.",Acoustic;Design;Noise;Recorder;Acoustics;Calibration;Costs and Cost Analysis;Noise;Oceans and Seas;Research;Water;water;acoustic recorder;bioacoustics research;calibration;cost;data base;equipment design;information processing;metadata;noise;ocean ambient noise;packaging;priority journal;recorder;research;self noise;acoustics;cost;devices;economics;research;sea,Springer New York LLC,00652598 (ISSN),English,Adv. Exp. Med. Biol.,Book chapter,Scopus,"Export Date: 14 March 2025; Cited By: 1; Correspondence Address: J. Atkins; Leigh Marine Laboratory, University of Auckland, Leigh, 160 Goat Island Road, 0985, New Zealand; email: j.atkins@auckland.ac.nz; CODEN: AEMBA",,26610945,65,71,,,225,0,14/03/2025 14:18,
59,JOUR,"Hersh, T.A.;Ravignani, A.;Burchardt, L.S.",Robust rhythm reporting will advance ecological and evolutionary research,2023,Methods in Ecology and Evolution,14,,10.1111/2041-210X.14118,https://www.scopus.com/inward/record.uri?eid=2-s2.0-85158045394&doi=10.1111%2f2041-210X.14118&partnerID=40&md5=1e2481b25744c9c9a0e25b79ff782db3,"Comparative Bioacoustics Group, Max Planck Institute for Psycholinguistics, Nijmegen, Netherlands","Rhythmicity in the millisecond to second range is a fundamental building block of communication and coordinated movement. But how widespread are rhythmic capacities across species, and how did they evolve under different environmental pressures? Comparative research is necessary to answer these questions but has been hindered by limited crosstalk and comparability among results from different study species. Most acoustics studies do not explicitly focus on characterising or quantifying rhythm, but many are just a few scrapes away from contributing to and advancing the field of comparative rhythm research. Here, we present an eight-level rhythm reporting framework which details actionable steps researchers can take to report rhythm-relevant metrics. Levels fall into two categories: metric reporting and data sharing. Metric reporting levels include defining rhythm-relevant metrics, providing point estimates of temporal interval variability, reporting interval distributions, and conducting rhythm analyses. Data sharing levels are: sharing audio recordings, sharing interval durations, sharing sound element start and end times, and sharing audio recordings with sound element start/end times. Using sounds recorded from a sperm whale as a case study, we demonstrate how each reporting framework level can be implemented on real data. We also highlight existing best practice examples from recent research spanning multiple species. We clearly detail how engagement with our framework can be tailored case-by-case based on how much time and effort researchers are willing to contribute. Finally, we illustrate how reporting at any of the suggested levels will help advance comparative rhythm research. This framework will actively facilitate a comparative approach to acoustic rhythms while also promoting cooperation and data sustainability. By quantifying and reporting rhythm metrics more consistently and broadly, new avenues of inquiry and several long-standing, big picture research questions become more tractable. These lines of research can inform not only about the behavioural ecology of animals but also about the evolution of rhythm-relevant phenomena and the behavioural neuroscience of rhythm production and perception. Rhythm is clearly an emergent feature of life; adopting our framework, researchers from different fields and with different study species can help understand why. © 2023 The Authors. Methods in Ecology and Evolution published by John Wiley & Sons Ltd on behalf of British Ecological Society.",animal communication;bioacoustics;comparative approach;open science;reporting framework;rhythm;timing,British Ecological Society,2041210X (ISSN),English,Methods Ecol. Evol.,Article,Scopus,"Export Date: 14 March 2025; Cited By: 6; Correspondence Address: T.A. Hersh; Comparative Bioacoustics Group, Max Planck Institute for Psycholinguistics, Nijmegen, Netherlands; email: taylor.a.hersh@gmail.com; L.S. Burchardt; Comparative Bioacoustics Group, Max Planck Institute for Psycholinguistics, Nijmegen, Netherlands; email: l.s.burchardt@gmx.de",6,,1398,1407,,,59,0,14/03/2025 14:19,
110,JOUR,"Zhong, E.;Guan, Z.;Zhou, X.;Zhao, Y.;Li, H.;Tan, S.;Hu, K.",Application of passive acoustic monitoring technology in the monitoring of western black crested gibbons,2021,Biodiversity Science,29,,10.17520/BIODS.2020215,https://www.scopus.com/inward/record.uri?eid=2-s2.0-85102421574&doi=10.17520%2fBIODS.2020215&partnerID=40&md5=5cf444486bb507abe7fad361f7f8a732,"College of Big Data and Intelligent Engineering, Southwest Forestry University, Kunming, 650224, China","Aims: Passive acoustic monitoring technology has begun to be widely used for monitoring terrestrial mammals. Such technology enables the unattended monitoring of wildlife in specific areas at a low-cost and in a non-invasive manner. The main problem, however, is the need to manually retrieve the data. Moreover, the subsequent data analysis and sorting can be complicated. Innovation: In this study, a passive acoustic monitoring system was designed for monitoring the western black crested gibbon (Nomascus concolor). The monitoring system is powered by solar energy in the field. Sound data are collected by a directional pick-up array. The data are transmitted through a wireless network to a server in the management office building. Researchers are assisted in identifying the sound and the direction of the sound by using the sound-data management system, which simplifies data collection and processing. 性 Significance: This system has been continuously monitoring two groups of western black crested gibbons for at least 351 days at the monitoring site (of Pipaqing in the Ailao Mountain Nature Reserve). Monitoring results up until now demonstrate that the system has had a long continuous run-time and is not affected by the weather conditions; data transmission is convenient and efficient; the directions of sound source can be determined by the directional pick-up array well, overcoming the shortcomings of traditional monitoring equipment. This system has advantages over manual monitoring methods in terms of data continuity and integrity, intelligence in data processing, and monitoring costs. This system meets the continuous long-term monitoring needs of western black crested gibbons, and can be improved and applied in the future as an automated solution for the monitoring of this primate species. © 2021, Chinese Academy of Sciences. All rights reserved.",Directional pick-up array;Passive acoustic monitoring;Sound source localization;Western black crested gibbon,Chinese Academy of Sciences,10050094 (ISSN),Chinese,Biodivers. Sci.,Article,Scopus,"Export Date: 14 March 2025; Cited By: 9; Correspondence Address: K. Hu; College of Big Data and Intelligent Engineering, Southwest Forestry University, Kunming, 650224, China; email: hukunrong@swfu.edu.cn",1,,109,117,,,110,0,14/03/2025 14:20,
128,JOUR,"Abrahams, C.;Desjonquères, C.;Greenhalgh, J.",Pond Acoustic Sampling Scheme: A draft protocol for rapid acoustic data collection in small waterbodies,2021,Ecology and Evolution,11,,10.1002/ece3.7585,https://www.scopus.com/inward/record.uri?eid=2-s2.0-85105167209&doi=10.1002%2fece3.7585&partnerID=40&md5=107b7e1a80f66ba076f6866df347e024,"Baker Consultants Ltd, Matlock, United Kingdom","Freshwater conservation is vital to the maintenance of global biodiversity. Ponds are a critical, yet often under-recognized, part of this, contributing to overall ecosystem functioning and diversity. They provide habitats for a range of aquatic, terrestrial, and amphibious life, often including rare and declining species. Effective, rapid, and accessible survey methods are needed to enable evidence-based conservation action, but freshwater taxa are often viewed as “difficult”—and few specialist surveyors are available. Datasets on ponds are therefore limited in their spatiotemporal coverage. With the advent of new recording technologies, acoustic survey methods are becoming increasingly available to researchers, citizen scientists, and conservation practitioners. They can be an effective and noninvasive approach for gathering data on target species, assemblages, and environmental variables. However, freshwater applications are lagging behind those in terrestrial and marine spheres, and as an emergent method, research studies have employed a multitude of different sampling protocols. We propose the Pond Acoustic Sampling Scheme (PASS), a simple protocol to allow a standardized minimal sample to be collected rapidly from small waterbodies, alongside environmental and methodological metadata. This sampling scheme can be incorporated into a variety of survey designs and is intended to allow access to a wide range of participants, without requiring complicated or prohibitively expensive equipment. Adoption of this sampling protocol would enable consistent sound recordings to be gathered by researchers and conservation organizations, and allow the development of landscape-scale surveys, data sharing, and collaboration within an expanding freshwater ecoacoustic community—rather than individual approaches that produce incompatible datasets. The compilation of standardized data would improve the prospects for effective research into the soundscapes of small waterbodies and aid freshwater conservation efforts. © 2021 The Authors. Ecology and Evolution published by John Wiley & Sons Ltd.",acoustic monitoring;bioacoustics;ecoacoustics;pond;rapid assessment methods;soundscape;survey,John Wiley and Sons Ltd,20457758 (ISSN),English,Ecology and Evolution,Article,Scopus,"Export Date: 14 March 2025; Cited By: 10; Correspondence Address: C. Abrahams; Baker Consultants Ltd, Matlock, United Kingdom; email: carlos.abrahams@ntu.ac.uk",12,,7532,7543,,,128,0,14/03/2025 14:22,
239,CONF,"Erbe, C.",Monitoring and mitigating bioacoustic impacts from seismic surveys: The Australian Perspective,2013,75th EAGE Conference and Exhibition Incorporating SPE EUROPEC 2013,,,10.3997/2214-4609.20131186,https://www.scopus.com/inward/record.uri?eid=2-s2.0-85088755026&doi=10.3997%2f2214-4609.20131186&partnerID=40&md5=4bac4ee8677a3def9396e0c42e63f767,"Curtin University, Perth 6102, WA, Australia","In Australia, proponents of seismic surveys and other operations emitting underwater noise have to prepare an Environmental Plan (EP) for approval by the regulator before operations can commence. In support of the EP, large amounts of data are often collected, such as baseline data on the marine soundscape, the physical and biological environment, operational noise characteristics etc. More data (on underwater noise, animal abundance and behaviour etc.) is sometimes collected during operations as part of monitoring and mitigation plans. Australia's offshore oil & gas industry has recently come together to share data from bioacoustic environmental impact assessments, yielding charts of baseline soundscape characteristics, catalogues of anthropogenic source characteristics, improved models for sound field prediction, and growing databases of animal behaviour, abundance and migration. This data sharing will ultimately help to streamline the environmental approval process.",Acoustic fields;Animals;Gas industry;Geological surveys;Offshore oil fields;Offshore oil well production;Seismology;Animal behaviour;Anthropogenic sources;Biological environments;Environmental approval;Large amounts of data;Mitigation plans;Operational noise;Underwater noise;Environmental impact,"European Association of Geoscientists and Engineers, EAGE",,English,EAGE Conf. Exhib. Incorporating SPE EUROPEC,Conference paper,Scopus,"Export Date: 14 March 2025; Cited By: 0; Correspondence Address: C. Erbe; Curtin University, Perth 6102, WA, Australia; email: c.erbe@curtin.edu.au",,,,,,,239,0,14/03/2025 14:22,
98,JOUR,"Clarfeld, L.;Tang, C.;Huber, K.;Balantic, C.;Donovan, T.",AMMonitor 2: Remote monitoring of biodiversity in an adaptive framework in R,2025,Methods in Ecology and Evolution,16,,10.1111/2041-210X.14487,https://www.scopus.com/inward/record.uri?eid=2-s2.0-85218232963&doi=10.1111%2f2041-210X.14487&partnerID=40&md5=2bf9bb8232e0c47d6a30f866c1111a7b,"Vermont Cooperative Fish and Wildlife Research Unit, 302 Aiken Center, University of Vermont, Burlington, VT, United States","Wildlife face a myriad of challenges due to changing climate and land use regimes that necessitate efficient monitoring methods on large geospatial scales. This monitoring is increasingly accomplished with remotely deployed trail cameras and automated recording units. However, remote wildlife monitoring comes with data management challenges, such as storing, organizing and analysing large volumes of digital data. Data management tools can assist biologists in managing projects to reduce the barriers between data collection and dissemination of results. AMMonitor is an R package for remote wildlife monitoring with greatly increased functionality in the version 2 release, including a new database structure, support for both photographs and audio monitoring, a rich graphical user interface (Shiny) that includes media labelling tools, integration of machine learning classification outputs and 20 in-depth tutorials. As a fully open-source data management solution, AMMonitor is highly accessible, extensible and customizable, making it especially useful for students and users with some coding experience who desire a standardized yet flexible data management framework. AMMonitor project data can be released to the public via the USGS ScienceBase data repository, where released projects can be reconstituted by AMMonitor functions. © 2025 The Author(s). Methods in Ecology and Evolution published by John Wiley & Sons Ltd on behalf of British Ecological Society. This article has been contributed to by U.S. Government employees and their work is in the public domain in the USA.",acoustic monitoring;learnr;machine learning;R;species distribution modelling;trail camera;wildlife monitoring,British Ecological Society,2041210X (ISSN),English,Methods Ecol. Evol.,Article,Scopus,"Export Date: 14 March 2025; Cited By: 0; Correspondence Address: T. Donovan; U.S. Geological Survey, Vermont Cooperative Fish and Wildlife Research Unit, 302 Aiken Center, University of Vermont, Burlington, United States; email: tdonovan@uvm.edu",3,,477,485,,,98,0,14/03/2025 14:22,
195,JOUR,"Farina, A.;Eldridge, A.;Li, P.","Ecoacoustics and Multispecies Semiosis: Naming, Semantics, Semiotic Characteristics, and Competencies",2021,Biosemiotics,14,,10.1007/s12304-021-09402-6,https://www.scopus.com/inward/record.uri?eid=2-s2.0-85101468099&doi=10.1007%2fs12304-021-09402-6&partnerID=40&md5=95456e532f453fce7c27d03768235e3c,"Department of Pure and Applied Sciences, University of Urbino, Urbino, PU, Italy","Biosemiotics to date has focused on the exchange of signals between organisms, in line with bioacoustics; consideration of the wider acoustic environment as a semiotic medium is under-developed. The nascent discipline of ecoacoustics, that investigates the role of environmental sound in ecological processes and dynamics, fills this gap. In this paper we introduce key ecoacoustic terminology and concepts in order to highlight the value of ecoacoustics as a discipline in which to conceptualise and study intra- and interspecies semiosis. We stress the inherently subjective nature of all sensory scapes (vivo-, land-, vibro- and soundscapes) and propose that they should always bear an organismic attribution. Key terms to describe the sources (geophony, biophony, anthropophony, technophony) and scales (sonotopes, soundtopes, sonotones) of soundscapes are described. We introduce epithets for soundscapes to point to the degree to which the global environment is implicated in semiosis (latent, sensed and interpreted soundscapes); terms for describing key ecological structures and processes (acoustic community, acoustic habitat, ecoacoustic events) and examples of ecoacoustic events (choruses and noise) are described. The acoustic eco-field is recognized as the semiotic model that enables soniferous species to intercept core resources like food, safety and roosting places. We note that whilst ecoacoustics to date has focused on the critical task of the development of metrics for application in conservation and biodiversity assessment, these can be enriched by advancing conceptual and theoretical foundations. Finally, the mutual value of integrating ecoacoustic and biosemiotics perspectives is considered. © 2021, The Author(s).",Acoustic communities;Acoustic habitats;Ecoacoustic events;Ecoacoustics;Sonotope;Soundscape;Vibroscape,Springer Science and Business Media B.V.,18751342 (ISSN),English,Biosemiotics,Article,Scopus,"Export Date: 14 March 2025; Cited By: 30; Correspondence Address: A. Farina; Department of Pure and Applied Sciences, University of Urbino, Urbino, Italy; email: almo.farina@uniurb.it",1,,141,165,,,195,0,14/03/2025 14:23,
130,JOUR,"Toma, D.M.;Masmitja, I.;del Río, J.;Martinez, E.;Artero-Delgado, C.;Casale, A.;Figoli, A.;Pinzani, D.;Cervantes, P.;Ruiz, P.;Memè, S.;Delory, E.",Smart embedded passive acoustic devices for real-time hydroacoustic surveys,2018,Measurement: Journal of the International Measurement Confederation,125,,10.1016/j.measurement.2018.05.030,https://www.scopus.com/inward/record.uri?eid=2-s2.0-85047271397&doi=10.1016%2fj.measurement.2018.05.030&partnerID=40&md5=b39044dc50d14de78e9cd6ee23f065e3,"SARTI Research Group. Electronics Dept. Univeritat Politècnica de Catalunya, UPC Rambla Exposició 24, 08800 Vilanova i la Geltrú, Barcelona, Spain","This paper describes cost-efficient, innovative and interoperable ocean passive acoustics sensors systems, developed within the European FP7 project NeXOS (Next generation Low-Cost Multifunctional Web Enabled Ocean Sensor Systems Empowering Marine, Maritime and Fisheries Management) These passive acoustic sensors consist of two low power, innovative digital hydrophone systems with embedded processing of acoustic data, A1 and A2, enabling real-time measurement of the underwater soundscape. An important part of the effort is focused on achieving greater dynamic range and effortless integration on autonomous platforms, such as gliders and profilers. A1 is a small standalone, compact, low power, low consumption digital hydrophone with embedded pre-processing of acoustic data, suitable for mobile platforms with limited autonomy and communication capability. A2 consists of four A1 digital hydrophones with Ethernet interface and one master unit for data processing, enabling real-time measurement of underwater noise and soundscape sources. In this work the real-time acoustic processing algorithms implemented for A1 and A2 are described, including computational load evaluations of the algorithms. The results obtained from the real time test done with the A2 assembly at OBSEA observatory collected during the verification phase of the project are presented. © 2018 Elsevier Ltd",Bioacoustics;Digital hydrophone;Embedded processing;Interoperability;Marine observations;Smart interface;Underwater acoustics;Underwater noise;Acoustic noise;Bioacoustics;Data handling;Embedded systems;Hydrophones;Information management;Interoperability;Time measurement;Underwater acoustics;Communication capabilities;Embedded processing;Hydro-acoustic surveys;Marine observations;Passive acoustic sensor;Real time measurements;Smart interface;Underwater noise;Real time systems,Elsevier B.V.,02632241 (ISSN),English,Meas J Int Meas Confed,Article,Scopus,"Export Date: 14 March 2025; Cited By: 5; Correspondence Address: D.M. Toma; SARTI Research Group. Electronics Dept. Univeritat Politècnica de Catalunya, UPC Rambla Exposició 24, Barcelona, 08800 Vilanova i la Geltrú, Spain; email: daniel.mihai.toma@upc.edu; CODEN: MSRMD",,,592,605,,,130,0,14/03/2025 14:24,
99,JOUR,"Van Klink, R.",Delivering on a promise: Futureproofing automated insect monitoring methods,2024,Philosophical Transactions of the Royal Society B: Biological Sciences,379,20230105,10.1098/rstb.2023.0105,https://www.scopus.com/inward/record.uri?eid=2-s2.0-85192319513&doi=10.1098%2frstb.2023.0105&partnerID=40&md5=283a370f8b258592b35791aa4daba84b,"German Centre for Integrative Biodiversity Research Halle-Jena-Leipzig, Puschstrasse 4, Leipzig, 04103, Germany","Due to rapid technological innovations, the automated monitoring of insect assemblages comes within reach. However, this continuous innovation endangers the methodological continuity needed for calculating reliable biodiversity trends in the future. Maintaining methodological continuity over prolonged periods of time is not trivial, since technology improves, reference libraries grow and both the hard- and software used now may no longer be available in the future. Moreover, because data on many species are collected at the same time, there will be no simple way of calibrating the outputs of old and new devices. To ensure that reliable long-term biodiversity trends can be calculated using the collected data, I make four recommendations: (1) Construct devices to last for decades, and have a five-year overlap period when devices are replaced. (2) Construct new devices to resemble the old ones, especially when some kind of attractant (e.g. light) is used. Keep extremely detailed metadata on collection, detection and identification methods, including attractants, to enable this. (3) Store the raw data (sounds, images, DNA extracts, radar/lidar detections) for future reprocessing with updated classification systems. (4) Enable forward and backward compatibility of the processed data, for example by in-silico data 'degradation' to match the older data quality. This article is part of the theme issue 'Towards a toolkit for global insect biodiversity monitoring'.  © 2024 The Author(s).",arthropods;bioacoustics;computer vision;DNA barcoding;lidar;radar;Animals;Automation;Biodiversity;Entomology;Insecta;automation;bioacoustics;computer vision;data quality;DNA;insect;lidar;radar imagery;animal;automation;biodiversity;devices;entomology;insect;physiology;procedures,Royal Society Publishing,09628436 (ISSN),English,Philos. Trans. R. Soc. B Biol. Sci.,Article,Scopus,"Export Date: 14 March 2025; Cited By: 1; Correspondence Address: R. Van Klink; German Centre for Integrative Biodiversity Research Halle-Jena-Leipzig, Leipzig, Puschstrasse 4, 04103, Germany; email: roel.klink@idiv.de; CODEN: PTRBA",1904,38705192,,,,,99,0,14/03/2025 14:25,
66,JOUR,"Lantéri, N.;Ruhl, H.A.;Gates, A.;Martínez, E.;del Rio Fernandez, J.;Aguzzi, J.;Cannat, M.;Delory, E.;Embriaco, D.;Huber, R.;Matabos, M.;Petihakis, G.;Reilly, K.;Rolin, J.-F.;van der Schaar, M.;André, M.;Blandin, J.;Cianca, A.;Francescangeli, M.;Garcia, O.;Hartman, S.;Lagadec, J.-R.;Legrand, J.;Pagonis, P.;Piera, J.;Remirez, X.;Toma, D.M.;Marinaro, G.;Moreau, B.;Santana, R.;Wright, H.;Dañobeitia, J.J.;Favali, P.",The EMSO Generic Instrument Module (EGIM): Standardized and Interoperable Instrumentation for Ocean Observation,2022,Frontiers in Marine Science,9,801033,10.3389/fmars.2022.801033,https://www.scopus.com/inward/record.uri?eid=2-s2.0-85127936609&doi=10.3389%2ffmars.2022.801033&partnerID=40&md5=e87349b93c6f717998699f1d35a95152,"Institut Français de Recherche pour l’Exploitation de la Mer, Plouzané, France","The oceans are a fundamental source for climate balance, sustainability of resources and life on Earth, therefore society has a strong and pressing interest in maintaining and, where possible, restoring the health of the marine ecosystems. Effective, integrated ocean observation is key to suggesting actions to reduce anthropogenic impact from coastal to deep-sea environments and address the main challenges of the 21st century, which are summarized in the UN Sustainable Development Goals and Blue Growth strategies. The European Multidisciplinary Seafloor and water column Observatory (EMSO), is a European Research Infrastructure Consortium (ERIC), with the aim of providing long-term observations via fixed-point ocean observatories in key environmental locations across European seas from the Arctic to the Black Sea. These may be supported by ship-based observations and autonomous systems such as gliders. In this paper, we present the EMSO Generic Instrument Module (EGIM), a deployment ready multi-sensor instrumentation module, designed to measure physical, biogeochemical, biological and ecosystem variables consistently, in a range of marine environments, over long periods of time. Here, we describe the system, features, configuration, operation and data management. We demonstrate, through a series of coastal and oceanic pilot experiments that the EGIM is a valuable standard ocean observation module, which can significantly improve the capacity of existing ocean observatories and provides the basis for new observatories. The diverse examples of use included the monitoring of fish activity response upon oceanographic variability, hydrothermal vent fluids and particle dispersion, passive acoustic monitoring of marine mammals and time series of environmental variation in the water column. With the EGIM available to all the EMSO Regional Facilities, EMSO will be reaching a milestone in standardization and interoperability, marking a key capability advancement in addressing issues of sustainability in resource and habitat management of the oceans. Copyright © 2022 Lantéri, Ruhl, Gates, Martínez, del Rio Fernandez, Aguzzi, Cannat, Delory, Embriaco, Huber, Matabos, Petihakis, Reilly, Rolin, van der Schaar, André, Blandin, Cianca, Francescangeli, Garcia, Hartman, Lagadec, Legrand, Pagonis, Piera, Remirez, Toma, Marinaro, Moreau, Santana, Wright, Dañobeitia and Favali.",EGIM;EMSO;EOV;fixed-point observatories;multi-parametric monitoring;seafloor;water column,Frontiers Media S.A.,22967745 (ISSN),English,Front. Mar. Sci.,Article,Scopus,"Export Date: 14 March 2025; Cited By: 11; Correspondence Address: N. Lantéri; Institut Français de Recherche pour l’Exploitation de la Mer, Plouzané, France; email: nlanteri@ifremer.fr",,,,,,,66,0,14/03/2025 14:26,
187,JOUR,"Malfante, M.;Mars, J.I.;Dalla Mura, M.;Gervaise, C.",Automatic fish sounds classification,2018,Journal of the Acoustical Society of America,143,,10.1121/1.5036628,https://www.scopus.com/inward/record.uri?eid=2-s2.0-85047017863&doi=10.1121%2f1.5036628&partnerID=40&md5=f06d7588e371f91d6f7750502334adab,"Institute of Engineering University Grenoble Alpes, CNRS, Grenoble INP, GIPSA-Lab, Grenoble, 38000, France","The work presented in this paper focuses on the use of acoustic systems for passive acoustic monitoring of ocean vitality for fish populations. Specifically, it focuses on the use of acoustic systems for passive acoustic monitoring of ocean vitality for fish populations. To this end, various indicators can be used to monitor marine areas such as both the geographical and temporal evolution of fish populations. A discriminative model is built using supervised machine learning (random-forest and support-vector machines). Each acquisition is represented in a feature space, in which the patterns belonging to different semantic classes are as separable as possible. The set of features proposed for describing the acquisitions come from an extensive state of the art in various domains in which classification of acoustic signals is performed, including speech, music, and environmental acoustics. Furthermore, this study proposes to extract features from three representations of the data (time, frequency, and cepstral domains). The proposed classification scheme is tested on real fish sounds recorded on several areas, and achieves 96.9% correct classification compared to 72.5% when using reference state of the art features as descriptors. The classification scheme is also validated on continuous underwater recordings, thereby illustrating that it can be used to both detect and classify fish sounds in operational scenarios. © 2018 Acoustical Society of America.","Acoustics;Animals;Fishes;Machine Learning;Sound;Vocalization, Animal;Acoustic fields;Acoustic measuring instruments;Decision trees;Fish;Fisheries;Monitoring;Semantics;Supervised learning;Acoustic signals;Classification scheme;Discriminative models;Environmental acoustics;Operational scenario;Passive acoustic monitoring;Supervised machine learning;Temporal evolution;acoustics;animal;classification;fish;machine learning;physiology;sound;vocalization;Underwater acoustics",Acoustical Society of America,00014966 (ISSN),English,J. Acoust. Soc. Am.,Article,Scopus,Export Date: 14 March 2025; Cited By: 38; CODEN: JASMA,5,29857733,2834,2846,,,187,0,14/03/2025 14:29,
35,BOOK,"Erbe, C.;Thomas, J.A.",Exploring Animal Behavior Through Sound: Volume 1: Methods,2022,Exploring Animal Behavior Through Sound: Volume 1: Methods,,,10.1007/978-3-030-97540-1,https://www.scopus.com/inward/record.uri?eid=2-s2.0-85159560535&doi=10.1007%2f978-3-030-97540-1&partnerID=40&md5=fe1106bd380a8a5ae434f14aaa3f1772,"Centre for Marine Science and Technology, Curtin University, Perth, WA, Australia","This open-access book empowers its readers to explore the acoustic world of animals. By listening to the sounds of nature, we can study animal behavior, distribution, and demographics; their habitat characteristics and needs; and the effects of noise. Sound recording is an efficient and affordable tool, independent of daylight and weather; and recorders may be left in place for many months at a time, continuously collecting data on animals and their environment. This book builds the skills and knowledge necessary to collect and interpret acoustic data from terrestrial and marine environments. Beginning with a history of sound recording, the chapters provide an overview of off-the-shelf recording equipment and analysis tools (including automated signal detectors and statistical methods); audiometric methods; acoustic terminology, quantities, and units; sound propagation in air and under water; soundscapes of terrestrial and marine habitats; animal acoustic and vibrational communication; echolocation; and the effects of noise. This book will be useful to students and researchers of animal ecology who wish to add acoustics to their toolbox, as well as to environmental managers in industry and government. © Springer Nature Switzerland AG 2022. All rights reserved.",Animal Communication;Anthropogenic noise;Bioacoustics;Biotremology;Echolocation;Hearing;Mate choice;Open Access;Sound production;Stridulation;Syrinx;Vocalization,Springer International Publishing,978-303097540-1 (ISBN); 978-303097538-8 (ISBN),English,Explor. Anim. Behav. Through Sound: Vol. 1: Methods,Book,Scopus,Export Date: 14 March 2025; Cited By: 28,,,1,517,,,35,0,14/03/2025 14:31,
248,CONF,"Gorrepati, R.R.;Park, D.-H.;Kim, D.-H.",A semantic sensing information representation for bird ecology,2012,Lecture Notes in Electrical Engineering,181 LNEE,,10.1007/978-94-007-5076-0_52,https://www.scopus.com/inward/record.uri?eid=2-s2.0-84867460310&doi=10.1007%2f978-94-007-5076-0_52&partnerID=40&md5=c60a811d6e00d361dd8b605a3e2d3791,"Dept. of Computer Engineering, Jeju National University, Jeju, South Korea","Birds have become an increasing concern for ecological preservation and safety. This paper proposes architecture of semantic sensing information for bird acoustic data representation in bird ecological environment. This architecture provides various real-time sensing data such as bird calls using acoustic sensors in sensor networks. Information of this architecture supports to recognize bird calls, to identify birds, to classify species, and to track a bird behavior in bird ecological environment. © 2012 Springer Science+Business Media.",Bird ecology;Context-aware;Semantic sensor information;Ecology;Semantics;Sensor networks;Acoustic data;Acoustic Sensors;Context-Aware;Ecological environments;Ecological preservation;Real time sensing;Semantic sensors;Sensing information;Bioacoustics,,18761119 (ISSN); 978-940075075-3 (ISBN),English,Lect. Notes Electr. Eng.,Conference paper,Scopus,"Export Date: 14 March 2025; Cited By: 1; Correspondence Address: D.-H. Kim; Dept. of Computer Engineering, Jeju National University, Jeju, South Korea; email: kimdh@jejunu.ac.kr",,,429,433,,,248,0,14/03/2025 14:33,
12,JOUR,"Weldy, M.J.;Fleishman, T.D.B.;Tolchin, J.;McKown, M.;Spaan, R.S.;Ruff, Z.J.;Jenkins, J.M.A.;Betts, M.G.;Lesmeister, D.B.","Audio tagging of avian dawn chorus recordings in California, Oregon and Washington",2024,Biodiversity Data Journal,12,,10.3897/BDJ.12.E118315,https://www.scopus.com/inward/record.uri?eid=2-s2.0-85194185842&doi=10.3897%2fBDJ.12.E118315&partnerID=40&md5=c6fb5ea8f30f30325d130f6c386676ff,"Department of Forest Ecosystems and Society, Oregon State University, Corvallis, OR, United States","Background Declines in biodiversity and ecosystem health due to climate change are raising urgent concerns. In response, large-scale multispecies monitoring programmes are being implemented that increasingly adopt sensor-based approaches such as acoustic recording. These approaches rely heavily on ecological data science. However, developing reliable algorithms for processing sensor-based data relies heavily on labelled datasets of sufficient quality and quantity. We present a dataset of 1,575 dawn chorus soundscape recordings, 141 being fully annotated (n = 32,994 annotations) with avian, mammalian and amphibian vocalisations. The remaining recordings were included to facilitate novel research applications. These recordings are paired with 48 site-level climatic, forest structure and topographic covariates. This dataset provides a valuable resource to researchers developing acoustic classification algorithms or studying biodiversity and wildlife behaviour and its relationship to environmental gradients. The dawn chorus recordings were collected as part of a long-term Northern Spotted Owl monitoring program; this demonstrates the complementary value of harnessing existing monitoring efforts to strengthen biodiversity sampling. New information This dataset of dawn chorus soundscape recordings is one of the few open-access acoustic datasets annotated with non-biotic and both interspecific (across species) and intraspecific (within species) bird, mammal and amphibian sonotypes and the first that is paired with climatic, forest structure and topographical covariates extracted at recorder locations. This makes it a valuable resource for researchers studying the dawn chorus and its relationship to the environment. © (2024), Pensoft Publishers. All rights reserved.",amphibian;annotated soundscapes;bird;forest ecology;mammal;vocalisation;California;Oregon;United States;Washington;amphibian;biodiversity;bird;climate change;ecosystem health;mammal;vocalization,Pensoft Publishers,13142828 (ISSN),English,Biodivers. Data J.,Article,Scopus,"Export Date: 14 March 2025; Cited By: 0; Correspondence Address: M.G. Betts; Department of Forest Ecosystems and Society, Oregon State University, Corvallis, United States; email: matthewjweldy@gmail.com",,,e118315,,,,12,0,14/03/2025 15:00,
55,JOUR,"Cañas, J.S.;Toro-Gómez, M.P.;Sugai, L.S.M.;Benítez Restrepo, H.D.;Rudas, J.;Posso Bautista, B.;Toledo, L.F.;Dena, S.;Domingos, A.H.R.;de Souza, F.L.;Neckel-Oliveira, S.;da Rosa, A.;Carvalho-Rocha, V.;Bernardy, J.V.;Sugai, J.L.M.M.;dos Santos, C.E.;Bastos, R.P.;Llusia, D.;Ulloa, J.S.",A dataset for benchmarking Neotropical anuran calls identification in passive acoustic monitoring,2023,Scientific Data,10,771,10.1038/s41597-023-02666-2,https://www.scopus.com/inward/record.uri?eid=2-s2.0-85175844000&doi=10.1038%2fs41597-023-02666-2&partnerID=40&md5=b30874ff16351b94d509f89a25a59888,"Instituto de Investigación de Recursos Biológicos Alexander von Humboldt, Avenida Paseo Bolívar 16-20, Bogotá, Colombia","Global change is predicted to induce shifts in anuran acoustic behavior, which can be studied through passive acoustic monitoring (PAM). Understanding changes in calling behavior requires automatic identification of anuran species, which is challenging due to the particular characteristics of neotropical soundscapes. In this paper, we introduce a large-scale multi-species dataset of anuran amphibians calls recorded by PAM, that comprises 27 hours of expert annotations for 42 different species from two Brazilian biomes. We provide open access to the dataset, including the raw recordings, experimental setup code, and a benchmark with a baseline model of the fine-grained categorization problem. Additionally, we highlight the challenges of the dataset to encourage machine learning researchers to solve the problem of anuran call identification towards conservation policy. All our experiments and resources have been made available at https://soundclim.github.io/anuraweb/ . © 2023, The Author(s).","Acoustics;Animals;Anura;Benchmarking;Ecosystem;Vocalization, Animal;acoustics;animal;Anura;benchmarking;ecosystem;vocalization",Nature Research,20524463 (ISSN),English,Sci. Data,Data paper,Scopus,"Export Date: 14 March 2025; Cited By: 7; Correspondence Address: J.S. Cañas; Instituto de Investigación de Recursos Biológicos Alexander von Humboldt, Avenida Paseo Bolívar 16-20, Bogotá, Colombia; email: jcanas@humboldt.org.co",1,37932332,,,,,55,0,14/03/2025 15:05,
277,JOUR,"Heupel, M.R.;Semmens, J.M.;Hobday, A.J.","Automated acoustic tracking of aquatic animals: Scales, design and deployment of listening station arrays",2006,Marine and Freshwater Research,57,,10.1071/MF05091,https://www.scopus.com/inward/record.uri?eid=2-s2.0-30944433385&doi=10.1071%2fMF05091&partnerID=40&md5=1e7455c294f0d6f3f413dae371ee4457,"Center for Shark Research, Mote Marine Laboratory, Sarasota, FL 34236, 1600 Ken Thompson Parkway, United States","The recent introduction of low-cost, moored data-logging acoustic receivers has provided opportunities for tracking marine organisms over small (hundreds of metres) and large scales (hundreds of kilometres). Acoustic receivers have been deployed in many different environments to examine specific hypotheses regarding the movement of aquatic species. This technology provides many advantages for studying aquatic animal movement patterns, but also has limitations and provides unique difficulties for users. Study design, applications, advantages and limitations are discussed with examples from past and current studies. Data management and analysis techniques are in their infancy and few standardised techniques exist. Complications with data management and potential data analysis techniques are discussed. Examples from the literature are utilised wherever possible to provide useful references. © CSIRO 2006.",Acoustic monitoring;Movement patterns;Telemetry;Tracking;Animalia;acoustic method;aquatic organism;movement;telemetry,,13231650 (ISSN),English,Mar. Freshw. Res.,Review,Scopus,"Export Date: 14 March 2025; Cited By: 492; Correspondence Address: M.R. Heupel; Center for Shark Research, Mote Marine Laboratory, Sarasota, FL 34236, 1600 Ken Thompson Parkway, United States; email: mheupel@mote.org; CODEN: AJMFA",1,,113,,,,277,0,14/03/2025 15:06,
84,JOUR,"Brinkløv, S.M.M.;Macaulay, J.;Bergler, C.;Tougaard, J.;Beedholm, K.;Elmeros, M.;Madsen, P.T.",Open-source workflow approaches to passive acoustic monitoring of bats,2023,Methods in Ecology and Evolution,14,,10.1111/2041-210X.14131,https://www.scopus.com/inward/record.uri?eid=2-s2.0-85159953504&doi=10.1111%2f2041-210X.14131&partnerID=40&md5=14d4767e69592250942f0117b5f12207,"Department of Ecoscience—Wildlife Ecology, Aarhus University, Aarhus C, Denmark","The affordability, storage and power capacity of compact modern recording hardware have evolved passive acoustic monitoring (PAM) of animals and soundscapes into a non-invasive, cost-effective tool for research and ecological management particularly useful for bats and toothed whales that orient and forage using ultrasonic echolocation. The use of PAM at large scales hinges on effective automated detectors and species classifiers which, combined with distance sampling approaches, have enabled species abundance estimation of toothed whales. But standardized, user-friendly and open access automated detection and classification workflows are in demand for this key conservation metric to be realized for bats. We used the PAMGuard toolbox including its new deep learning classification module to test the performance of four open-source workflows for automated analyses of acoustic datasets from bats. Each workflow used a different initial detection algorithm followed by the same deep learning classification algorithm and was evaluated against the performance of an expert manual analyst. Workflow performance depended strongly on the signal-to-noise ratio and detection algorithm used: the full deep learning workflow had the best classification accuracy (≤67%) but was computationally too slow for practical large-scale bat PAM. Workflows using PAMGuard's detection module or triggers onboard an SM4BAT or AudioMoth accurately classified up to 47%, 59% and 34%, respectively, of calls to species. Not all workflows included noise sampling critical to estimating changes in detection probability over time, a vital parameter for abundance estimation. The workflow using PAMGuard's detection module was 40 times faster than the full deep learning workflow and missed as few calls (recall for both ~0.6), thus balancing computational speed and performance. We show that complete acoustic detection and classification workflows for bat PAM data can be efficiently automated using open-source software such as PAMGuard and exemplify how detection choices, whether pre- or post-deployment, hardware or software-driven, affect the performance of deep learning classification and the downstream ecological information that can be extracted from acoustic recordings. In particular, understanding and quantifying detection/classification accuracy and the probability of detection are key to avoid introducing biases that may ultimately affect the quality of data for ecological management. © 2023 The Authors. Methods in Ecology and Evolution published by John Wiley & Sons Ltd on behalf of British Ecological Society.",automated;bat;classification;deep learning;detection;echolocation;open source;passive acoustic monitoring,British Ecological Society,2041210X (ISSN),English,Methods Ecol. Evol.,Article,Scopus,"Export Date: 14 March 2025; Cited By: 2; Correspondence Address: S.M.M. Brinkløv; Department of Ecoscience—Wildlife Ecology, Aarhus University, Aarhus C, Denmark; email: brinklov@ecos.au.dk",7,,1747,1763,,,84,0,14/03/2025 15:07,
50,JOUR,"Holderried, P.;Duschmalé, H.;Günther, D.;Isenberg, L.;Coppes, J.",Essential steps for establishing a large-scale passive acoustic monitoring for an elusive forest bird species: the Eurasian Woodcock (Scolopax rusticola),2024,Ibis,,,10.1111/ibi.13373,https://www.scopus.com/inward/record.uri?eid=2-s2.0-85208786354&doi=10.1111%2fibi.13373&partnerID=40&md5=79720150fcffec192e91aec18f40405a,"Forest Research Institute Baden-Württemberg, Wonnhaldestraße 4, Freiburg, 79100, Germany","In light of global biodiversity loss, comprehensive monitoring of species and biodiversity is fundamental for effective conservation management. Technology-driven approaches, particularly in the field of bioacoustics, have gained importance, with autonomous recording units (ARUs) such as the AudioMoth being a notable example. However, a systematic application of this technology in large-scale passive acoustic monitoring (PAM) schemes is challenging because of a lack of species-specific calibration techniques and information on survey design. Using Eurasian Woodcock Scolopax rusticola as our focal species, we present application-oriented guidelines for testing and implementing a terrestrial, single-species PAM scheme. In this process, we assessed the species-specific detection space of AudioMoths, considering the influence of recording setup and location. ARUs had similar detection rates as a human observer when set up in locations with low vegetation. A further comparative analysis of bioacoustic and traditional roding surveys confirmed the comparability of the two methods. The last step comprised an evaluation of BirdNET as a means of automated species detection. Although BirdNET reliably detected Woodcock occurrence, our results underline the need for rigorous testing of computer-aided data analysis as well as recording hardware before establishing PAM. We demonstrate that low-cost open source ARUs and open access analysis tools can yield results on a par with traditional survey methods, and we provide specific recommendations for PAM for Eurasian Woodcock. © 2024 The Author(s). IBIS published by John Wiley & Sons Ltd on behalf of British Ornithologists' Union.",autonomous recording units;bioacoustics;BirdNET;Scolopax rusticola,John Wiley and Sons Inc,00191019 (ISSN),English,Ibis,Article,Scopus,"Export Date: 14 March 2025; Cited By: 1; Correspondence Address: J. Coppes; Forest Research Institute Baden-Württemberg, Freiburg, Wonnhaldestraße 4, 79100, Germany; email: joy.coppes@forst.bwl.de; CODEN: IBISA",,,,,,,50,0,14/03/2025 15:08,
48,JOUR,"La Manna, G.;Moro Merella, M.;Vargiu, R.;Morello, G.;Sarà, G.;Ceccherelli, G.",Spatio-temporal patterns of fish acoustic communities in Western Mediterranean coralligenous reefs: optimizing monitoring through recording duration,2024,Frontiers in Marine Science,11,1483661,10.3389/fmars.2024.1483661,https://www.scopus.com/inward/record.uri?eid=2-s2.0-85211158768&doi=10.3389%2ffmars.2024.1483661&partnerID=40&md5=d7c693078536d95e814cb41d8a149258,"Università di Sassari, Dipartimento di Scienze Chimiche, Fisiche, Matematiche e Naturali, Sassari, Italy","In this study, we explored the fish acoustic community at two coralligenous sites in Sardinia (Tavolara and Santa Teresa, western Mediterranean Sea) during the summer 2023. Our goal was to understand spatial and temporal patterns of fish acoustic activity on different temporal scales to offer insights for optimizing acoustic monitoring of this crucial ecosystem. We identified seventeen distinct sound types, revealing a diverse acoustic community. Tavolara had higher acoustic richness and abundance compared to Santa Teresa, which may be attributed to site-specific factors such as habitat structure, species composition, or levels of protection. Temporal analysis revealed clear diel patterns, with certain sounds associated with nocturnal or diurnal periods, reflecting the daily rhythms of different species. The study also examined how recording duration influenced acoustic richness, finding that longer recordings (15 minutes per hour and 15 minutes per hour at night) provided a more comprehensive detection of acoustic activity. Additionally, the number of recording days required to detect species richness varied depending on the site. While extended recordings improve the likelihood of detecting rare or sporadic sounds, they also present challenges in data management and equipment maintenance. The study underscores the importance of carefully planning sampling strategies to optimize acoustic monitoring and ensure effective and sustainable ecological research in coralligenous ecosystems. Copyright © 2024 La Manna, Moro Merella, Vargiu, Morello, Sarà and Ceccherelli.",biodiversity;cryptic species;fish acoustic community;fish sounds;monitoring strategies;passive acoustic monitoring,Frontiers Media SA,22967745 (ISSN),English,Front. Mar. Sci.,Article,Scopus,"Export Date: 14 March 2025; Cited By: 0; Correspondence Address: G. La Manna; Università di Sassari, Dipartimento di Scienze Chimiche, Fisiche, Matematiche e Naturali, Sassari, Italy; email: glamanna@uniss.it",,,,,,,48,0,14/03/2025 15:09,
89,CONF,"Joly, A.;Goëau, H.;Kahl, S.;Picek, L.;Lorieul, T.;Cole, E.;Deneu, B.;Servajean, M.;Durso, A.;Bolon, I.;Glotin, H.;Planqué, R.;Vellinga, W.-P.;Klinck, H.;Denton, T.;Eggel, I.;Bonnet, P.;Müller, H.;Šulc, M.",LifeCLEF 2022 Teaser: An Evaluation of Machine-Learning Based Species Identification and Species Distribution Prediction,2022,Lecture Notes in Computer Science (including subseries Lecture Notes in Artificial Intelligence and Lecture Notes in Bioinformatics),13186 LNCS,,10.1007/978-3-030-99739-7_49,https://www.scopus.com/inward/record.uri?eid=2-s2.0-85128722595&doi=10.1007%2f978-3-030-99739-7_49&partnerID=40&md5=a6f9e6f3ec72557d1eb17a817c89c17b,"Inria, LIRMM, Univ Montpellier, CNRS, Montpellier, France","Building accurate knowledge of the identity, the geographic distribution and the evolution of species is essential for the sustainable development of humanity, as well as for biodiversity conservation. However, the difficulty of identifying plants, animals and fungi is hindering the aggregation of new data and knowledge. Identifying and naming living organisms is almost impossible for the general public and is often difficult even for professionals and naturalists. Bridging this gap is a key step towards enabling effective biodiversity monitoring systems. The LifeCLEF campaign, presented in this paper, has been promoting and evaluating advances in this domain since 2011. The 2022 edition proposes five data-oriented challenges related to the identification and prediction of biodiversity: (i) PlantCLEF: very large-scale plant identification, (ii) BirdCLEF: bird species recognition in audio soundscapes, (iii) GeoLifeCLEF: remote sensing based prediction of species, (iv) SnakeCLEF: Snake Species Identification in Medically Important scenarios, and (v) FungiCLEF: Fungi recognition from images and metadata. © 2022, The Author(s), under exclusive license to Springer Nature Switzerland AG.",Biodiversity;Conservation;Forecasting;Geographical distribution;Machine learning;Population distribution;Remote sensing;Biodiversity conservation;Biodiversity monitoring;General publics;Large-scales;Living organisms;Machine-learning;Monitoring system;Plant identification;Species distributions;Species identification;Fungi,Springer Science and Business Media Deutschland GmbH,03029743 (ISSN); 978-303099738-0 (ISBN),English,Lect. Notes Comput. Sci.,Conference paper,Scopus,"Export Date: 14 March 2025; Cited By: 13; Correspondence Address: A. Joly; Inria, LIRMM, Univ Montpellier, CNRS, Montpellier, France; email: alexis.joly@inria.fr",,,390,399,Hagen M.;Verberne S.;Macdonald C.;Seifert C.;Balog K.;Nørvåg K.;Setty V.,,89,0,14/03/2025 15:09,
28,JOUR,"Woo, W.;Richards, W.;Selker, J.;Udell, C.",WeatherChimes: An Open IoT Weather Station and Data Sonification System,2023,HardwareX,13,e00402,10.1016/j.ohx.2023.e00402,https://www.scopus.com/inward/record.uri?eid=2-s2.0-85149058426&doi=10.1016%2fj.ohx.2023.e00402&partnerID=40&md5=d0d0781b6c80594fda5e6ef81a73f264,"OPEnS Lab, Oregon State University, Corvallis, OR, United States","Many people in the United States are disconnected from their environment: urban residents spend 90% of their time indoors inside confined climate-controlled spaces. In addition to being physically separated from the natural environment, much of human understanding of the world's environment is inferred from data collected by satellites orbiting 22,000 miles away. In contrast, in-situ environmental sensor systems are physically accessible, location specific, and essential for correcting and validating weather measurements. However, present options for in-situ systems are mostly limited to expensive, proprietary commercial data loggers with inflexible data access protocols. WeatherChimes is an open-source Arduino-programmable, low-cost hardware and software suite that enables near real-time access to in-situ environmental sensor data (including light, temperature, relative humidity, and soil moisture) anywhere with a WiFi internet connection. Scientists, educators, and artists alike can use this tool to obtain and interact with environmental data in new and innovative ways, as well as collaborate remotely. Transforming data collection processes of environmental sensors into Internet of Things (IoT) compatible formats opens new doors into accessing, understanding, and interacting with natural phenomena. WeatherChimes not only enables users to observe data online, but can also transform data into auditory signals and soundscapes through sonification processes or creative animations using newly-created computer applications. Lab and field tests have confirmed the sensor and online data logging performance of the system. We describe the application of WeatherChimes in an undergraduate Honors College classroom and STEM (Science, Technology, Engineering, and Math) education workshop series in Sitka Alaska, which was used to not only teach about environmental sensors, but to explore how different aspects of our environment are interrelated (e.g. temperature and humidity) through sonification. © 2023 The Author(s)",Arduino;Data Logging;Data Sonification;Environmental Observation;Max8;MongoDB;MQTT;Near real-time Data;Costs;Engineering education;Information retrieval;Metadata;Open source software;Open systems;Soil moisture;Arduino;Data sonification;Data-logging;Environmental observation;Environmental sensor;Max8;MongoDB;MQTT;Near real-time datum;Near-real-time data;Internet of things,Elsevier Ltd,24680672 (ISSN),English,HardwareX,Article,Scopus,"Export Date: 14 March 2025; Cited By: 8; Correspondence Address: C. Udell; OPEnS Lab, Oregon State University, Corvallis, United States; email: udellc@oregonstate.edu",,,,,,,28,0,14/03/2025 15:13,
146,JOUR,"Ozcevik Bilen, A.;Yuksel Can, Z.",An applied soundscape approach for acoustic evaluation – compatibility with ISO 12913,2021,Applied Acoustics,180,108112,10.1016/j.apacoust.2021.108112,https://www.scopus.com/inward/record.uri?eid=2-s2.0-85105347175&doi=10.1016%2fj.apacoust.2021.108112&partnerID=40&md5=1b13dadc3a230b61988c48f92171b0f1,"Department of Architecture, Faculty of Architecture and Design, 2 Eylül Campus, Eskişehir Technical University, Eskisehir, 26470, Turkey","Soundscape treats the acoustical climate depending on the complex interaction among multiple sound sources, properties of the environment, and society. Research published on soundscape since 1970s, display a great variety of aims, area selections, evaluation criteria, and therefore, methodologies. The ISO 12913 series on soundscape was first published in 2014, and since then, it has been developed to harmonize definitions, to regulate methods for data collection and reporting requirements as well as data analysis with their interpretations. This paper presents a research that aims to build up an applied soundscape approach developed for the evaluation, conservation, and rehabilitation of acoustical comfort in urban areas. The conceptual frame of this study is based on a methodology derived from field studies aiming to relate objective and subjective assessments of the urban environment. Besides, binaural sound recordings using soundwalk method, surveys including questionnaires, and semantic evaluations by the pairs of adjectives were obtained from the area. It is confirmed that the binaural recordings represent the actual sound environment by statistical analysis between subjective data obtained from on-site and the laboratory via recordings. The subjective data (pairs of adjectives) are correlated with the objective ones (sound quality metrics calculated through the recordings). Thus, the approach enables the qualitative judgments from the quantitative data by utilizing the listed equations for pairs of adjectives that can be described by the sound quality metrics. It is also documented that satisfaction from the sound environment is directly related to satisfaction from soundmarks. The methodology suggested by the study will provide significant benefits in the time-consuming field studies on urban acoustical comfort by ensuring rapid and systematic progress in related processes, which are obtaining, collecting, organizing, and archiving data. Thus, the need for on-site studies will be minimized. Furthermore, it is believed that the outcomes of the study will contribute to ISO 12913-2 and 3. © 2021 Elsevier Ltd",Acoustic evaluation;ISO 12913;Sound quality metrics;Soundmark;Soundscape;Acoustic variables measurement;Quality control;Semantics;Surveys;Acoustic evaluation;Acoustical comfort;Field studies;ISO 12913;Property;Sound environment;Sound quality metrics;Sound source;Soundmark;Soundscapes;Sound reproduction,Elsevier Ltd,0003682X (ISSN),English,Appl Acoust,Article,Scopus,"Export Date: 14 March 2025; Cited By: 14; Correspondence Address: A. Ozcevik Bilen; Department of Architecture, Faculty of Architecture and Design, 2 Eylül Campus, Eskişehir Technical University, Eskisehir, 26470, Turkey; email: asliozcevik@hotmail.com; CODEN: AACOB",,,,,,,146,0,14/03/2025 15:14,
251,CONF,"Stowell, D.;Plumbley, M.D.",An open dataset for research on audio field recording archives: Freefield1010,2014,Proceedings of the AES International Conference,,,,https://www.scopus.com/inward/record.uri?eid=2-s2.0-84904355988&partnerID=40&md5=c6e24ac3e62129b8a39797f272f31f95,"Centre for Digital Music, Queen Mary University, London, United Kingdom","We introduce a free and open dataset of 7690 audio clips sampled from the field-recording tag in the Freesound audio archive. The dataset is designed for use in research related to data mining in audio archives of field recordings/soundscapes. Audio is standardised, and audio and metadata are Creative Commons licensed. We describe the data preparation process, characterise the dataset descriptively, and illustrate its use through an auto-tagging experiment.",Semantics;Audio archives;Audio clips;Creative Commons;Data preparation;Field recording;Data processing,Audio Engineering Society,978-163266284-2 (ISBN),English,Proc. AES Int. Conf.,Conference paper,Scopus,"Export Date: 14 March 2025; Cited By: 18; Correspondence Address: D. Stowell; Centre for Digital Music, Queen Mary University, London, United Kingdom; email: dan.stowell@qmul.ac.uk",,,80,86,,,251,0,14/03/2025 15:14,
226,CONF,"Guyot, P.;Pinquier, J.",Soundscape visualization: A new approach based on automatic annotation and Samocharts,2015,Euronoise 2015,,,,https://www.scopus.com/inward/record.uri?eid=2-s2.0-85080919810&partnerID=40&md5=0973f30d0d293d4ccd7d14e70c078630,"SAMoVA team, IRIT, University of Toulouse, France","The visualization of sounds facilitates their identification and classification. However, in the case of audio recording websites, the access to a sound is usually based on the metadata of the sounds, i.e. sources and recording conditions. As sonic environments, or soundscapes, are mostly composed of multiples sources, their compact description is an issue that makes difficult the choice of an item in a sound corpus. The time-component matrix chart, which is abbreviated as TM-chart, has been proposed recently as a tool to describe and compare sonic environments. However their process of creation is based on a subjective annotation that makes their creation time-consuming. In this paper, we present a new method for urban soundscape corpus visualization. In the context of the CIESS project, we propose Samochart: an extension of the TM-chart that is based on sound detection algorithms. We describe three original algorithms that allow the detection of alarms, footsteps, and motors. Samocharts can be computed from the results of these algorithms. This process is applied to a concrete case study: 20 urban recordings of 5 minutes each, from different situations (places and time). An application case shows that Samocharts allow an identification of different situations. Finally, the whole method provides a low-cost tool for soundscape visualization that can easily be applied to the management and use of a sound corpus. Copyright © (2015) by EAA-NAG-ABAV, All rights reserved",Acoustic variables control;Visualization;Automatic annotation;Low cost tools;New approaches;Original algorithms;Sonic environments;Sound detection;Time components;Urban soundscape;Audio acoustics,DC/ConfOrg,,English,Euronoise,Conference paper,Scopus,Export Date: 14 March 2025; Cited By: 0,,,1489,1494,,,226,0,14/03/2025 15:15,
76,JOUR,"Terranova, F.;Betti, L.;Ferrario, V.;Friard, O.;Ludynia, K.;Petersen, G.S.;Mathevon, N.;Reby, D.;Favaro, L.",Windy events detection in big bioacoustics datasets using a pre-trained Convolutional Neural Network,2024,Science of the Total Environment,949,174868,10.1016/j.scitotenv.2024.174868,https://www.scopus.com/inward/record.uri?eid=2-s2.0-85199535220&doi=10.1016%2fj.scitotenv.2024.174868&partnerID=40&md5=36bc2a44154bdaf7156b53c789c3eeba,"Department of Life Sciences and Systems Biology, University of Turin, Turin, Italy","Passive Acoustic Monitoring (PAM), which involves using autonomous record units for studying wildlife behaviour and distribution, often requires handling big acoustic datasets collected over extended periods. While these data offer invaluable insights about wildlife, their analysis can present challenges in dealing with geophonic sources. A major issue in the process of detection of target sounds is represented by wind-induced noise. This can lead to false positive detections, i.e., energy peaks due to wind gusts misclassified as biological sounds, or false negative, i.e., the wind noise masks the presence of biological sounds. Acoustic data dominated by wind noise makes the analysis of vocal activity unreliable, thus compromising the detection of target sounds and, subsequently, the interpretation of the results. Our work introduces a straightforward approach for detecting recordings affected by windy events using a pre-trained convolutional neural network. This process facilitates identifying wind-compromised data. We consider this dataset pre-processing crucial for ensuring the reliable use of PAM data. We implemented this preprocessing by leveraging YAMNet, a deep learning model for sound classification tasks. We evaluated YAMNet as-is ability to detect wind-induced noise and tested its performance in a Transfer Learning scenario by using our annotated data from the Stony Point Penguin Colony in South Africa. While the classification of YAMNet as-is achieved a precision of 0.71, and recall of 0.66, those metrics strongly improved after the training on our annotated dataset, reaching a precision of 0.91, and recall of 0.92, corresponding to a relative increment of >28 %. Our study demonstrates the promising application of YAMNet in the bioacoustics and ecoacoustics fields, addressing the need for wind-noise-free acoustic data. We released an open-access code that, combined with the efficiency and peak performance of YAMNet, can be used on standard laptops for a broad user base. © 2024 The Authors","Bioacoustics;Deep learning;Ecoacoustics;Passive Acoustic Monitoring;Soundscape ecology;Wind-noise;Acoustics;Animals;Environmental Monitoring;Neural Networks, Computer;Noise;South Africa;Wind;Acoustic noise;Animals;Chemical detection;Classification (of information);Convolution;Convolutional neural networks;Deep learning;Learning systems;Acoustic data;Convolutional neural network;Deep learning;Ecoacoustic;Events detection;Passive acoustic monitoring;Soundscape ecology;Soundscapes;Wind noise;Wind-induced noise;artificial neural network;behavioral response;bioacoustics;data set;detection method;noise;wild population;wind forcing;acoustic spectroscopy;acoustics;algorithm;animal behavior;animal society;Article;Baccharis;convolutional neural network;deep learning;ecoacoustics;environmental noise;information processing;landscape;learning algorithm;machine learning;measurement accuracy;nerve cell network;nonhuman;predictive value;receiver operating characteristic;signal processing;skin conductance;South Africa;transfer of learning;wildlife conservation;wind;acoustics;animal;artificial neural network;environmental monitoring;noise;procedures;wind;Acoustic fields",Elsevier B.V.,00489697 (ISSN),English,Sci. Total Environ.,Article,Scopus,"Export Date: 14 March 2025; Cited By: 1; Correspondence Address: F. Terranova; Department of Life Sciences and Systems Biology, University of Turin, Turin, Italy; email: francesca.terranova@unito.it; CODEN: STEVA",,39034006,,,,,76,0,14/03/2025 15:15,
75,CONF,"Gouvêa, T.S.;Kath, H.;Troshani, I.;Lüers, B.;Serafini, P.P.;Campos, I.B.;Afonso, A.S.;Leandro, S.M.F.M.;Swanepoel, L.;Theron, N.;Swemmer, A.M.;Sonntag, D.",Interactive Machine Learning Solutions for Acoustic Monitoring of Animal Wildlife in Biosphere Reserves,2023,IJCAI International Joint Conference on Artificial Intelligence,2023-August,,10.24963/ijcai.2023/711,https://www.scopus.com/inward/record.uri?eid=2-s2.0-85170389521&doi=10.24963%2fijcai.2023%2f711&partnerID=40&md5=486227e733a64128025493cd82c256a1,"German Research Center for Artificial Intelligence (DFKI), Oldenburg, Germany","Biodiversity loss is taking place at accelerated rates globally, and a business-as-usual trajectory will lead to missing internationally established conservation goals. Biosphere reserves are sites designed to be of global significance in terms of both the biodiversity within them and their potential for sustainable development, and are therefore ideal places for the development of local solutions to global challenges. While the protection of biodiversity is a primary goal of biosphere reserves, adequate information on the state and trends of biodiversity remains a critical gap for adaptive management in biosphere reserves. Passive acoustic monitoring (PAM) is an increasingly popular method for continued, reproducible, scalable, and cost-effective monitoring of animal wildlife. PAM adoption is on the rise, but its data management and analysis requirements pose a barrier for adoption for most agencies tasked with monitoring biodiversity. As an interdisciplinary team of machine learning scientists and ecologists experienced with PAM and working at biosphere reserves in marine and terrestrial ecosystems on three different continents, we report on the co-development of interactive machine learning tools for semi-automated assessment of animal wildlife. © 2023 International Joint Conferences on Artificial Intelligence. All rights reserved.",Animals;Biospherics;Cost effectiveness;Digital storage;Information management;Machine learning;Acoustic monitoring;Adaptive Management;Biodiversity loss;Biosphere reserve;Business-as-usual;Cost effective;Global challenges;Interactive machine learning;ITS data;Passive acoustic monitoring;Biodiversity,International Joint Conferences on Artificial Intelligence,10450823 (ISSN); 978-195679203-4 (ISBN),English,IJCAI Int. Joint Conf. Artif. Intell.,Conference paper,Scopus,Export Date: 14 March 2025; Cited By: 4,,,6405,6413,Elkind E.,,75,0,14/03/2025 15:16,
3,JOUR,"van Osta, J.M.;Dreis, B.;Meyer, E.;Grogan, L.F.;Castley, J.G.","An active learning framework and assessment of inter-annotator agreement facilitate automated recogniser development for vocalisations of a rare species, the southern black-throated finch (Poephila cincta cincta)",2023,Ecological Informatics,77,102233,10.1016/j.ecoinf.2023.102233,https://www.scopus.com/inward/record.uri?eid=2-s2.0-85166324255&doi=10.1016%2fj.ecoinf.2023.102233&partnerID=40&md5=5c12fb84ebe757fd2b93a017edd4b4cd,"Centre for Planetary Health and Food Security, Griffith University, Gold Coast Campus, 4222, QLD, Australia","The application of machine learning methods has led to major advances in the development of automated recognisers used to analyse bioacoustics data. To further improve the performance of automated call recognisers, we investigated the development of efficient data annotation strategies and how best to address uncertainty around ambiguous vocalisations. These challenges present a particular problem for species whose vocalisations are rare in field recordings, where collecting enough training data can be problematic and a species' vocalisations may be poorly documented. We provide an open access solution to address these challenges using two strategies. First, we applied an active learning framework to iteratively improve a convolutional neural network (CNN) model able to automate call identification for a target rare bird species, the southern black-throated finch (Poephila cincta cincta). We collected 9098 h of unlabelled audio recordings from a field study in the Desert Uplands Bioregion of Queensland, Australia, and used active learning to prioritise human annotation effort towards data that would best improve model fit. Second, we progressed methods for managing ambiguous vocalisations by applying machine learning methods more commonly used in medical image analysis and natural language processing. Specifically, we assessed agreement among human annotators and the CNN model (i.e. inter-annotator agreement) and used this to determine realistic performance outcomes for the CNN model and to identify areas where inter-annotator agreement may be improved. We also applied a classification approach that allowed the CNN model to classify sounds into an ‘uncertain’ category, which replicated a requirement of human-annotation and facilitated the comparison of human-model annotation performance. We found that active learning was an efficient strategy to build a CNN model where there was limited labelled training data available, and target calls were extremely rare in the unlabelled data. As few as five active learning iterations, generating a final labelled dataset of 1073 target calls and 5786 non-target sounds, were required to train a model to identify the target species with comparable performance to experts in the field. Assessment of inter-annotator agreement identified a bias in our model to align predictions most closely with those of the primary annotator and identified significant differences in inter-annotator agreement among subsets of our acoustic data. Our results highlight the use of inter-annotator agreement to understand model performance and identify areas for improvement in data annotation. We also show that excluding ambiguous vocalisations during data annotation results in an overestimation of model performance, an important consideration for datasets with inter-annotator disagreement. © 2023 The Authors",Active learning;Annotator agreement;Bioacoustics;Call recognition;Machine learning;Australia;Queensland;assessment method;bioacoustics;image analysis;language;machine learning;passerine;rare species;vocalization,Elsevier B.V.,15749541 (ISSN),English,Ecol. Informatics,Article,Scopus,"Export Date: 14 March 2025; Cited By: 2; Correspondence Address: J.M. van Osta; Centre for Planetary Health and Food Security, Griffith University, Gold Coast Campus, 4222, Australia; email: john.vanosta@griffithuni.edu.au",,,,,,,3,0,14/03/2025 15:17,
127,CHAP,"Thorogood, M.;Pasquier, P.",Soundscape Online Databases State of the Art and Challenges,2019,Foundations in Sound Design for Interactive Media: A Multidisciplinary Approach,,,10.4324/9781315106342-15,https://www.scopus.com/inward/record.uri?eid=2-s2.0-85136634072&doi=10.4324%2f9781315106342-15&partnerID=40&md5=3822bbbfd9961fa5d9cdcc840bf9965a,"University of British Columbia, Canada","Soundscape composition, sound design for film and game sound commonly use audio databases or libraries of sound files. Different audio databases use different strategies to help users search, retrieve and contribute sound data. This chapter explores the characteristics of online audio databases beginning with a review of the core literature on cataloging sound files by taxonomy, ontology representation and collaborative tagging. A general outline of database environments is examined, focusing on the user-contributed model, expertly managed databases and sound maps. We frame these developments in the context of soundscape composition. Finally, we provide a guide to the characteristics of the databases discussed in this article for those wanting to utilize these assets in research and production. © 2020 Taylor and Francis.",,Taylor and Francis,978-135160386-7 (ISBN); 978-113809393-5 (ISBN),English,Foundations in Sound Design for Interact. Media: A Multidisciplinary Approach,Book chapter,Scopus,Export Date: 14 March 2025; Cited By: 1,,,333,354,,,127,0,14/03/2025 15:27,
238,CONF,"Sugimatsu, H.;Ura, T.;Kojima, J.;Hiryu, S.;Bahl, R.;Behera, S.;Pattnaik, A.;Mandati, I.;Tomuro, S.;Kreb, D.",Asian dolphin observatories real-time networking ADORN,2012,Program Book - OCEANS 2012 MTS/IEEE Yeosu: The Living Ocean and Coast - Diversity of Resources and Sustainable Activities,,6263425,10.1109/OCEANS-Yeosu.2012.6263425,https://www.scopus.com/inward/record.uri?eid=2-s2.0-84866653227&doi=10.1109%2fOCEANS-Yeosu.2012.6263425&partnerID=40&md5=465aba599c5d41c4fa2cf2def202ddd6,"Institute of Industrial Science, University of Tokyo, Tokyo, Japan","Aiming to develop a strategy for the conservation of freshwater dolphins inhabiting Asian areas, a new international collaborating project for real time networking of freshwater dolphin's observatories in Asian waters using passive acoustic monitoring system between Japanese team, Indian team and Indonesian team has been started since April 2010. The project networks the data from the observatories that consist of the existing observatories for the Ganges river dolphins in Narora (India), the Irrawaddy dolphins in Chilika lake (India) and a newly developed observatory for the Irrawaddy dolphins in Mahakam river (Indonesia). The systems are designed by the following common concept: dolphin's 3-D location data and their habitat environment data such as water quality are transferred through the host server anywhere in the world by internet and monitored by a PC with appropriate viewer program. In addition, the database for recorded data from three observatories has been created for data sharing and further analysis. The initial experiments in Borneo were made from 17-22 December 2011 and the recorded data was uploaded to the database. © 2012 IEEE.",Echolocation click;Freshwater dolphin;Passive acoustic monitoring;small toothed whale;Acoustic measuring instruments;Buildings;Observatories;Oceanography;Water quality;Chilika lake;Data Sharing;Echolocation clicks;Environment data;Ganges River;Host servers;Indonesia;Location data;Passive acoustic monitoring;Project networks;Real time;small toothed whale;Dolphins (structures),,978-145772089-5 (ISBN),English,Program Book - OCEANS MTS/IEEE Yeosu: Living Ocean Coast - Diversity Resour. Sustainable Act.,Conference paper,Scopus,"Export Date: 14 March 2025; Cited By: 6; Correspondence Address: H. Sugimatsu; Institute of Industrial Science, University of Tokyo, Tokyo, Japan; email: harumis@iis.u-tokyo.ac.jp",,,,,,,238,0,14/03/2025 15:28,
30,JOUR,"Hannah, K.C.;Leston, L.F.V.;Knight, E.C.;Weeber, R.",In the twilight zone: patterns in Common Nighthawk (Chordeiles minor) acoustic signals during the breeding season and recommendations for surveys,2022,Avian Conservation and Ecology,17,18,10.5751/ACE-02241-170218,https://www.scopus.com/inward/record.uri?eid=2-s2.0-85140255382&doi=10.5751%2fACE-02241-170218&partnerID=40&md5=a969cedfe30920a2c0f4bfbc94700bc3,"Canadian Wildlife Service, Environment and Climate Change Canada, Canada","Surveys optimized to coincide with peak detectability of target species are critical to the success of monitoring programs, especially those targeting species of conservation concern. Established species-specific survey protocols are often inconsistent between jurisdictions, with limited spatial and temporal data to inform survey timing. The recent proliferation of programmable autonomous recording units (ARUs) and automated detection software enables the processing of huge volumes of acoustic data, which can improve our understanding of the acoustic phenology of many bird species. In May–July 2014, we deployed ARUs across a gradient of latitude near the northern limit of the breeding range of the Common Nighthawk (Chordeiles minor), a species of conservation concern, to quantify variation in temporal detection patterns. Most activity occurred after sunset and before sunrise, with a pronounced peak during civil twilight. We found considerable latitudinal differences in the activity patterns of birds, related to variation in the occurrence or duration of twilight periods. At northern sites (> 60° N), birds were active from dusk until dawn, likely because civil twilight lasted the entire period. At southern sites (< 55° N), twilight periods were short, resulting in concentrated, bimodal activity. Activity peaked in the middle of the breeding season, which occurred earlier in the south than the north. Our results suggest surveys should occur in June in southern Canada (> 50° N) and between mid-June and mid-July further north, given high activity rates throughout the breeding season. Given that non-vocal booms are more strongly associated with breeding activity and nesting sites, future surveys should focus on targeting this acoustic signal. Considering the timing of activity patterns in this species, we recommend a targeted, species-specific survey to ensure documentation of their abundance and distribution. Finally, we provide recommendations to improve survey timing and provide advice for acoustic data management and processing in relation to this species. © 2022 by the author(s).",acoustic monitoring;aerial insectivore;ARU;autonomous recording unit;boreal forest;crepuscular;nightjar,Resilience Alliance,17126568 (ISSN),English,Avian Conserv. Ecology,Article,Scopus,"Export Date: 14 March 2025; Cited By: 2; Correspondence Address: K.C. Hannah; Canadian Wildlife Service, Environment and Climate Change Canada, Canada; email: kevin.hannah@ec.gc.ca",2,,,,,Dans la zone crépusculaire: tendance des signaux acoustiques de l’Engoulevent d’Amérique (Chordeiles minor) pendant la saison de nidification et recommandations visant les relevés,30,0,14/03/2025 15:28,
180,JOUR,"Montgomery, G.A.;Belitz, M.W.;Guralnick, R.P.;Tingley, M.W.",Standards and Best Practices for Monitoring and Benchmarking Insects,2021,Frontiers in Ecology and Evolution,8,579193,10.3389/fevo.2020.579193,https://www.scopus.com/inward/record.uri?eid=2-s2.0-85100088132&doi=10.3389%2ffevo.2020.579193&partnerID=40&md5=2e31745c36e0a8102967080269d03adc,"Department of Ecology and Evolutionary Biology, University of California, Los Angeles, Los Angeles, CA, United States","Benchmark studies of insect populations are increasingly relevant and needed amid accelerating concern about insect trends in the Anthropocene. The growing recognition that insect populations may be in decline has given rise to a renewed call for insect population monitoring by scientists, and a desire from the broader public to participate in insect surveys. However, due to the immense diversity of insects and a vast assortment of data collection methods, there is a general lack of standardization in insect monitoring methods, such that a sudden and unplanned expansion of data collection may fail to meet its ecological potential or conservation needs without a coordinated focus on standards and best practices. To begin to address this problem, we provide simple guidelines for maximizing return on proven inventory methods that will provide insect benchmarking data suitable for a variety of ecological responses, including occurrence and distribution, phenology, abundance and biomass, and diversity and species composition. To track these responses, we present seven primary insect sampling methods—malaise trapping, light trapping, pan trapping, pitfall trappings, beating sheets, acoustic monitoring, and active visual surveys—and recommend standards while highlighting examples of model programs. For each method, we discuss key topics such as recommended spatial and temporal scales of sampling, important metadata to track, and degree of replication needed to produce rigorous estimates of ecological responses. We additionally suggest protocols for scalable insect monitoring, from backyards to national parks. Overall, we aim to compile a resource that can be used by diverse individuals and organizations seeking to initiate or improve insect monitoring programs in this era of rapid change. © Copyright © 2021 Montgomery, Belitz, Guralnick and Tingley.",entomology;insect decline;metadata;methodology;survey,Frontiers Media S.A.,2296701X (ISSN),English,Front. ecol. evol.,Review,Scopus,"Export Date: 14 March 2025; Cited By: 149; Correspondence Address: M.W. Tingley; Department of Ecology and Evolutionary Biology, University of California, Los Angeles, Los Angeles, United States; email: mtingley@ucla.edu",,,,,,,180,0,14/03/2025 15:28,
192,CONF,"Ødegaard, L.;Pedersen, G.;Johnsen, E.",UNDERWATER NOISE FROM WIND AT THE HIGH NORTH LOVE OCEAN OBSERVATORY,2019,Underwater Acoustic Conference and Exhibition Series,,,,https://www.scopus.com/inward/record.uri?eid=2-s2.0-85096894790&partnerID=40&md5=b3204c1e8d1ead63847c29cfea6a33c1,"Norwegian Defence Research Establishment (FFI), Horten, Norway","The Lofoten-Vesterålen (LoVe) Cabled Ocean Observatory is located in an oceanographic, ecological, and economical hotspot off the Northern Norwegian cost. The observatory is a national research infrastructure under development by a national consortium led by the Institute of Marine Research (IMR). The first observation node of the infrastructure was launched in September 2013 and is located at 258 m depth about 15 km offshore. Preliminary analyses [1] using hydrophone recordings from Node 1 indicate that wind generated noise at low frequencies is significantly higher at the LoVe Observatory than in the commonly used Wenz curve. A more thorough study of wind generated noise using larger datasets from the hydrophone at Node 1 is presented here. Hydrophone data are summarized in percentile plots to describe the variation in underwater noise. Metadata on shipping from AIS (Automatic Identification System) and metadata on wind from the Norwegian metrological institute have been used to show how much of the variation in underwater noise that may be explained by wind. Our results show that the LoVe area is a quiet area suitable to study noise from wind, and our results confirms that the wind generated noise at low frequencies is significantly higher at the LoVe Observatory than in the Wenz curve. © 2019, I.A.C.M, Foundation for Research and Technology - Hellas. All rights reserved.",AIS;ambient noise;LoVe Ocean Observatory;ocean soundscape;Underwater noise;whale vocalization;wind,"I.A.C.M, Foundation for Research and Technology - Hellas",24080195 (ISSN),English,Underw. Acoust. Conf. Exhib. Ser.,Conference paper,Scopus,"Export Date: 14 March 2025; Cited By: 7; Correspondence Address: L. Ødegaard; FFI, Horten, PB 115, 3191, Norway; email: Lars-Alf.Odegaard@ffi.no",,,359,366,Papadakis J.S.,,192,0,14/03/2025 15:29,
107,JOUR,"Lafay, G.;Rossignol, M.;Misdariis, N.;Lagrange, M.;Petiot, J.-F.",Investigating the perception of soundscapes through acoustic scene simulation,2019,Behavior Research Methods,51,,10.3758/s13428-018-1138-0,https://www.scopus.com/inward/record.uri?eid=2-s2.0-85055573690&doi=10.3758%2fs13428-018-1138-0&partnerID=40&md5=b7dfe86242b17909fd6bb194e9a41302,"Laboratoire des Sciences du Numérique de Nantes-CNRS-École Centrale de Nantes, Nantes, France","This paper introduces a new experimental protocol for studying mental representations of urban soundscapes through a simulation process. Subjects are asked to create a full soundscape by means of a dedicated software tool, coupled with a structured sound data set. This paradigm is used to characterize urban sound environment representations by analyzing the sound classes that were used to simulate the auditory scenes. A rating experiment of the soundscape pleasantness using a seven-point bipolar semantic scale is conducted to further refine the analysis of the simulated urban acoustic scenes. Results show that (1) a semantic characterization in terms of presence/absence of sound sources is an effective way to characterize urban soundscape pleasantness, and (2) acoustic pressure levels computed for specific sound sources better characterize the appraisal than the acoustic pressure level computed over the overall soundscape. © 2018, Psychonomic Society, Inc.",Cognitive psychology;Soundscape perception;Soundscape simulator;Acoustics;Auditory Perception;Emotions;Humans;Semantics;Sound;acoustics;emotion;hearing;human;semantics;sound,Springer New York LLC,1554351X (ISSN),English,Behav. Res. Methods,Article,Scopus,"Export Date: 14 March 2025; Cited By: 9; Correspondence Address: M. Lagrange; Laboratoire des Sciences du Numérique de Nantes-CNRS-École Centrale de Nantes, Nantes, France; email: mathieu.lagrange@cnrs.fr",2,30334149,532,555,,,107,0,14/03/2025 15:29,
240,JOUR,"Favali, P.;Chierici, F.;Marinaro, G.;Giovanetti, G.;Azzarone, A.;Beranzoli, L.;De Santis, A.;Embriaco, D.;Monna, S.;Lo Bue, N.;Sgroi, T.;Cianchini, G.;Badiali, L.;Qamili, E.;De Caro, M.G.;Falcone, G.;Montuori, C.;Frugoni, F.;Riccobene, G.;Sedita, M.;Barbagallo, G.;Cacopardo, G.;Cali, C.;Cocimano, R.;Coniglione, R.;Costa, M.;D'Amico, A.;Del Tevere, F.;Distefano, C.;Ferrera, F.;Giordano, V.;Imbesi, M.;Lattuada, D.;Migneco, E.;Musumeci, M.;Orlando, A.;Papaleo, R.;Piattelli, P.;Raia, G.;Rovelli, A.;Sapienza, P.;Speziale, F.;Trovato, A.;Viola, S.;Ameli, F.F.;Bonori, M.;Capone, A.;Masullo, R.;Simeone, F.;Pignagnoli, L.;Zitellini, N.;Bruni, F.;Gasparoni, F.;Pavan, G.",NEMO-SN1 abyssal cabled observatory in the Western Ionian sea,2013,IEEE Journal of Oceanic Engineering,38,6401252,10.1109/JOE.2012.2224536,https://www.scopus.com/inward/record.uri?eid=2-s2.0-84876289885&doi=10.1109%2fJOE.2012.2224536&partnerID=40&md5=e65050fb9aeb4332ab1bdc729defc336,"Istituto Nazionale di Geofisica e Vulcanologia (INGV), Rome I-00143, Italy","The NEutrino Mediterranean Observatory-Submarine Network 1 (NEMO-SN1) seafloor observatory is located in the central Mediterranean Sea, Western Ionian Sea, off Eastern Sicily (Southern Italy) at 2100-m water depth, 25 km from the harbor of the city of Catania. It is a prototype of a cabled deep-sea multiparameter observatory and the first one operating with real-time data transmission in Europe since 2005. NEMO-SN1 is also the first-established node of the European Multidisciplinary Seafloor Observatory (EMSO), one of the incoming European large-scale research infrastructures included in the Roadmap of the European Strategy Forum on Research Infrastructures (ESFRI) since 2006. EMSO will specifically address long-term monitoring of environmental processes related to marine ecosystems, climate change, and geohazards. NEMO-SN1 has been deployed and developed over the last decade thanks to Italian funding and to the European Commission (EC) project European Seas Observatory NETwork-Network of Excellence (ESONET-NoE, 2007-2011) that funded the Listening to the Deep Ocean-Demonstration Mission (LIDO-DM) and a technological interoperability test (http://www.esonet-emso.org). NEMO-SN1 is performing geophysical and environmental long-term monitoring by acquiring seismological, geomagnetic, gravimetric, accelerometric, physico-oceanographic, hydroacoustic, and bioacoustic measurements. Scientific objectives include studying seismic signals, tsunami generation and warnings, its hydroacoustic precursors, and ambient noise characterization in terms of marine mammal sounds, environmental and anthropogenic sources. NEMO-SN1 is also an important test site for the construction of the Kilometre-Cube Underwater Neutrino Telescope (KM3NeT), another large-scale research infrastructure included in the ESFRI Roadmap based on a large volume neutrino telescope. The description of the observatory and its most recent implementations is presented. On June 9, 2012, NEMO-SN1 was successfully deployed and is working in real time. © 1976-2012 IEEE.",Bioacoustics;European Multidisciplinary Seafloor Observatory (EMSO);geohazards;high-energy astrophysics;Kilometre-Cube Underwater Neutrino Telescope (KM3NeT);NEutrino Mediterranean Observatory-Submarine Network 1 (NEMO-SN1) cabled observatory;Astrophysics;Bioacoustics;Cables;Climate change;Data communication systems;Geomagnetism;Hazards;Mammals;Neutrons;Observatories;Research;Submarines;Telescopes;Cabled observatories;Geo-hazards;Real time data transmission;Research infrastructure;Scientific objectives;Seafloor observatories;Technological interoperability;Underwater neutrino telescopes;Buildings,,03649059 (ISSN),English,IEEE J Oceanic Eng,Article,Scopus,"Export Date: 14 March 2025; Cited By: 52; Correspondence Address: P. Favali; Istituto Nazionale di Geofisica e Vulcanologia (INGV), Rome I-00143, Italy; email: paolo.favali@ingv.it; CODEN: IJOED",2,,358,374,,,240,0,14/03/2025 15:31,
77,JOUR,"Challéat, S.;Farrugia, N.;Froidevaux, J.S.P.;Gasc, A.;Pajusco, N.;Zina, V.;Puccherelli, I.Z.;Xie, S.;Wu, Y.;Windsor, F.M.;Whyte, D.L.;Wearn, O.R.;Watson, C.J.;Walton, W.D.J.;Vrignault, J.-D.;Vivat, A.;Vinet, O.;Villén-Pérez, S.;Oliveras, J.V.;Victor, P.J.;Ventrice, G.;Vega, K.;Vargas Soto, J.S.;Ullrich, P.A.;Tuninetti, A.;Townsend, K.;Tovar-Garca, J.D.;Todd, M.;Thompson, M.E.;Templeton, C.N.;Tattersall, F.;Tarrant, I.B.;Sugai, L.S.M.;Sueur, J.;Sourdril, A.;Soto-Navarro, C.;Sinclair, P.F.;Simon, V.;Silva, B.M.;Sierra-Durán, C.;Shepherd, B.;Shaw, T.;Serronha, A.M.;Segurado, P.;Sebag, M.S.;Scherer-Lorenzen, M.;Schai-Braun, S.C.;Savage, D.;Santos, J.M.;Sandfort, R.;Sadhukhan, S.;Ryser, A.M.;Rouy, Q.;Ross, S.R.P.J.;Rosa, J.;Roos, A.L.;Romaine, L.;Rodrguez-Rodrguez, E.;Rodrguez-González, P.M.;Rodrigues, C.F.;Rivera, V.;Reginster, J.-B.;Reed, M.;Reckinger, G.;Rasmussen, R.;Ramos, M.;Quiroga, N.I.;Quinn, J.E.;Quaglietta, L.;Puig-Montserrat, X.;Puechmaille, S.J.;Prugh, L.;Proulx, R.;Proppe, D.S.;Pratt, V.;Power, A.;Poppele, J.M.;Poff, Z.;Pinto, N.;Pijanowski, B.C.;Philippe, M.;Peyronnet, C.;Barreiro, S.P.;Pereira, J.M.;Patankar, S.;Parisot, M.;Paris, S.;Paiva, V.H.;Owren, J.O.;Ouertani, M.;Ocampo, D.;O’Mara, M.T.;O’Connell, D.P.;Marcaigh, F.Ó.;Nyssen, P.;Nunes, J.T.;Newton, A.C.;Naka, L.N.;Murillo-Bedoya, D.;Mueller, S.;Moreno-Gómez, F.N.;Moreno, J.M.A.;Moore, A.;Montagne, B.;Miller, K.E.;Médoc, V.;Matheu-Cortada, E.;Mata, V.;Martin, T.;Marques, J.T.;Marques, C.B.;Marn Gómez, O.H.;Marcolin, F.;Marchais, G.;Mande, C.;Machado, R.B.;López-Bosch, D.;López-Baucells, A.;López-Bao, J.V.;Lopes, R.J.;Lopes, P.B.;Lockett, M.;Llusia, D.;Lizcano, D.J.;Linossier, J.;Linhart, P.;Levenson, J.J.;León, M.;Le Corre, M.;Lavin, S.;Lauvin, G.;Laranjeiras, T.O.;Lankau, H.;Laguet, S.;Lace, N.;Krähenbühl-Künzli, K.;Korstjens, A.H.;Kitson, J.J.N.;Khanwilkar, S.;Khalatbari, L.;Jůnek, T.;Jourdan, H.;Jones, S.;Jégou, L.;Jaiswal, A.;Jacobs, M.;Hyland, E.;Hulme, M.F.;Hoecherl, I.;Hodder, K.H.;Oliveira, F.H.;Herzberger, S.E.;Herrera, J.M.;Haupert, S.;Hatlauf, J.;Haribal, M.M.;Hallet, M.E.;Habib, B.;Griesberger, P.;González-Garca, F.;Marques, I.G.;Godet, L.;Godart, L.;Geoffray, S.;Gattus, J.-C.;Garside, D.;Galop, D.;Fuller, S.;Friedman, N.R.;Freitas, B.;Foster-Shaner, L.;Fialas, P.C.;Ferreira, A.M.;Ferreira, D.F.;Ferreira, S.A.F.;Ferreira, D.M.;Evans, D.M.;Esztl, K.;Enguehard, A.;Elliott, D.R.;Elise, S.;Eldridge, A.;Dziock, F.;Dubset, C.;Duarte, G.;Duarte, M.H.L.;Drolet, B.;Draganoiu, T.I.;dos Santos, I.;Dodgin, S.R.;Deoniziak, K.;Dentin, S.;Deans, S.L.;de Lacoste, N.;Davis, T.;da Silva, L.P.;Scarpelli, M.D.A.;Couturier, C.;Cotão, A.;Costa, M.J.;Conde, S.;Colón-Piñeiro, Z.;Clavijo-Bustos, J.;Cibulka, J.;Choksi, P.;Charnaux, M.;Charbonneau, A.;Larrea, A.C.;Challéat, A.;Ceuppens, A.;Cerveira, L.R.;Cazaban, F.;Caycedo, P.C.;Carrasco-Rueda, F.;Cardoso, P.;Canavero, A.;Buxton, R.T.;Burens, A.;Budinski, I.;Buckner, E.;Briglia-Ferreira, S.R.;Briggs, P.A.;Bredewold, W.;Branco, P.;Bradley, A.;Bossaert, M.;Boléat, C.;Biro, P.A.;Besche, T.;Bernard, E.;Beltrão-Mendes, R.;Beltrán, J.F.;Belshaw, S.;Bellisario, K.M.;Belá, G.;Beeston, A.;Beckmann, C.;Beason, R.D.;Baudouin, A.;Bates, H.;Bartheld, J.L.;Barrie, L.E.;Cortés, E.B.;Barbier, E.;Barbaro, L.;Balbuena, D.;Bader, E.;Aucoin, S.;Ascensão, F.;Araújo, P.M.;Andrade, L.B.;Amorim, F.;Alves, A.S.;Alcocer, I.;Albert, C.H.;Aiple, F.;Ahlin, Z.R.;Aguiar, L.M.S.;Acevedo-Charry, O.;Abrahams, C.R.",A dataset of acoustic measurements from soundscapes collected worldwide during the COVID-19 pandemic,2024,Scientific Data,11,928,10.1038/s41597-024-03611-7,https://www.scopus.com/inward/record.uri?eid=2-s2.0-85202741609&doi=10.1038%2fs41597-024-03611-7&partnerID=40&md5=0e34fbb2358da6fef377562f44baa399,"UMR5602 GEODE (Géographie de l’environnement), CNRS, Université Toulouse 2 - Jean Jaurès, Toulouse, 31058, France","Political responses to the COVID-19 pandemic led to changes in city soundscapes around the globe. From March to October 2020, a consortium of 261 contributors from 35 countries brought together by the Silent Cities project built a unique soundscape recordings collection to report on local acoustic changes in urban areas. We present this collection here, along with metadata including observational descriptions of the local areas from the contributors, open-source environmental data, open-source confinement levels and calculation of acoustic descriptors. We performed a technical validation of the dataset using statistical models run on a subset of manually annotated soundscapes. Results confirmed the large-scale usability of ecoacoustic indices and automatic sound event recognition in the Silent Cities soundscape collection. We expect this dataset to be useful for research in the multidisciplinary field of environmental sciences. © The Author(s) 2024.",Acoustics;Cities;COVID-19;Humans;Pandemics;Sound;acoustics;city;coronavirus disease 2019;epidemiology;human;pandemic;sound,Nature Research,20524463 (ISSN),English,Sci. Data,Data paper,Scopus,"Export Date: 14 March 2025; Cited By: 0; Correspondence Address: S. Challéat; UMR5602 GEODE (Géographie de l’environnement), CNRS, Université Toulouse 2 - Jean Jaurès, Toulouse, 31058, France; email: samuel.challeat@cnrs.fr; N. Farrugia; UMR6285 Lab-STICC (Laboratoire des Sciences et Techniques de l’information de la Communication et de la Connaissance), IMT Atlantique, CNRS, Brest, 29238, France; email: nicolas.farrugia@imt-atlantique.fr",1,39191783,,,,,77,0,14/03/2025 15:33,
118,CONF,"Shah, M.A.;Raj, B.;Harras, K.A.",Inferring room semantics using acoustic monitoring,2017,"IEEE International Workshop on Machine Learning for Signal Processing, MLSP",2017-September,,10.1109/MLSP.2017.8168153,https://www.scopus.com/inward/record.uri?eid=2-s2.0-85042332580&doi=10.1109%2fMLSP.2017.8168153&partnerID=40&md5=d2404e94d134116413066463b3f650f6,"Carnegie Mellon University, 5000 Forbes Ave, Pittsburgh, 15213, PA, United States","Having knowledge of the environmental context of the user i.e. the knowledge of the users' indoor location and the semantics of their environment, can facilitate the development of many of location-aware applications. In this paper, we propose an acoustic monitoring technique that infers semantic knowledge about an indoor space over time, using audio recordings from it. Our technique uses the impulse response of these spaces as well as the ambient sounds produced in them in order to determine a semantic label for them. As we process more recordings, we update our confidence in the assigned label. We evaluate our technique on a dataset of single-speaker human speech recordings obtained in different types of rooms at three university buildings. In our evaluation, the confidence for the true label generally outstripped the confidence for all other labels and in some cases converged to 100% with less than 30 samples. © 2017 IEEE.",Acoustic Monitoring;Indoor Mapping;Room Semantic Inference;Acoustic measuring instruments;Artificial intelligence;Audio acoustics;Audio recordings;College buildings;Impulse response;Learning systems;Semantics;Acoustic monitoring;Ambient sounds;Environmental contexts;Indoor locations;Location-aware application;Semantic inference;Semantic knowledge;Semantic labels;Signal processing,IEEE Computer Society,21610363 (ISSN); 978-150906341-3 (ISBN),English,"IEEE Int. Workshop Mach. Learn. Signal Process., MLSP",Conference paper,Scopus,Export Date: 14 March 2025; Cited By: 4,,,1,6,Ueda N.;Chien J.-T.;Matsui T.;Larsen J.;Watanabe S.,,118,0,14/03/2025 15:33,
186,CONF,"Fan, J.;Nichols, E.;Tompkins, D.;Mendez Mendez, A.E.;Elizalde, B.;Pasquier, P.",Multi-Label Sound Event Retrieval Using A Deep Learning-Based Siamese Structure with A Pairwise Presence Matrix,2020,"ICASSP, IEEE International Conference on Acoustics, Speech and Signal Processing - Proceedings",2020-May,9053972,10.1109/ICASSP40776.2020.9053972,https://www.scopus.com/inward/record.uri?eid=2-s2.0-85089220767&doi=10.1109%2fICASSP40776.2020.9053972&partnerID=40&md5=f0eadb6575661ccc50514d5818ef87a2,"Simon Fraser University, Surrey, BC, Canada","Realistic recordings of soundscapes often have multiple sound events co-occurring, such as car horns, engine and human voices. Sound event retrieval is a type of contentbased search aiming at finding audio samples, similar to an audio query based on their acoustic or semantic content. State of the art sound event retrieval models have focused on single-label audio recordings, with only one sound event occurring, rather than on multi-label audio recordings (i.e., multiple sound events occur in one recording). To address this latter problem, we propose different Deep Learning architectures with a Siamesestructure and a Pairwise Presence Matrix. The networks are trained and evaluated using the SONYC-UST dataset containing both single- and multi-label soundscape recordings. The performance results show the effectiveness of our proposed model. © 2020 IEEE.",Multi-label audio retrieval;Siamese Network;Similarity Measure;Sound Events;Audio acoustics;Audio recordings;Audio signal processing;Semantics;Speech communication;Audio samples;Content-based search;Learning architectures;Retrieval models;Semantic content;Sound events;Soundscapes;State of the art;Deep learning,Institute of Electrical and Electronics Engineers Inc.,15206149 (ISSN); 978-150906631-5 (ISBN),English,ICASSP IEEE Int Conf Acoust Speech Signal Process Proc,Conference paper,Scopus,Export Date: 14 March 2025; Cited By: 7; CODEN: IPROD,,,3482,3486,,,186,0,14/03/2025 15:33,
38,JOUR,"Growcott, J.;Lobora, A.;Markham, A.;Searle, C.E.;Wahlström, J.;Wijers, M.;Simmons, B.I.",The secret acoustic world of leopards: A paired camera trap and bioacoustics survey facilitates the individual identification of leopards via their roars,2024,Remote Sensing in Ecology and Conservation,,,10.1002/rse2.429,https://www.scopus.com/inward/record.uri?eid=2-s2.0-85212686663&doi=10.1002%2frse2.429&partnerID=40&md5=f0f8054e5a33c9dc86ec9346ce6a6aa9,"Centre for Ecology and Conservation, College of Life and Environmental Sciences, University of Exeter, Exeter, United Kingdom","Conservation requires accurate information about species occupancy, populations and behaviour. However, gathering these data for elusive, solitary species, such as leopards (Panthera pardus), is often challenging. Utilizing novel technologies that augment data collection by exploiting different species' traits could enable monitoring at larger spatiotemporal scales. Here, we conducted the first, large-scale (~450 km2) paired passive acoustic monitoring (n = 50) and camera trapping survey (n = 50), for large African carnivores, in Nyerere National Park, Tanzania. We tested whether leopards could be individually distinguished by their vocalizations. We identified individual leopards from camera trap images and then extracted their roaring bouts in the concurrent audio. We extracted leopard roar summary features and used 2-state Gaussian Hidden–Markov Models (HMMs) to model the temporal pattern of individual leopard roars. Using leopard roar summary features, individual vocal discrimination was achieved at a maximum accuracy of 46.6%. When using HMMs to evaluate the temporal pattern of a leopard's roar, individual identification was more successful, with an overall accuracy of 93.1% and macro-F1 score of 0.78. Our study shows that using multiple modes of technology, which record complementary data, can be used to discover species traits, such as, individual leopards can be identified from their vocalizations. Even though additional equipment, data management and analytical expertise are required, paired surveys are still a promising monitoring methodology which can exploit a wider variety of species traits, to monitor and inform species conservation more efficiently, than single technology studies alone. © 2024 The Author(s). Remote Sensing in Ecology and Conservation published by John Wiley & Sons Ltd on behalf of Zoological Society of London.",camera trap;individual identification;leopard;passive acoustic monitoring;Vocalizations,John Wiley and Sons Inc,20563485 (ISSN),English,Remote Sens. Ecol. Conserv.,Article,Scopus,"Export Date: 14 March 2025; Cited By: 0; Correspondence Address: J. Growcott; Department for Ecology and Conservation University of Exeter, Cornwall, Penryn Campus, Treliever Road, Penryn, TR10 9FE, United Kingdom; email: jlg230@exeter.ac.uk",,,,,,,38,0,14/03/2025 15:33,
72,JOUR,"Wu, S.-H.;Ko, J.C.-J.;Lin, R.-S.;Chang-Yang, C.-H.;Chang, H.-W.",Evaluating community-wide temporal sampling in passive acoustic monitoring: A comprehensive study of avian vocal patterns in subtropical montane forests,2024,F1000Research,12,1299,10.12688/f1000research.141951.2,https://www.scopus.com/inward/record.uri?eid=2-s2.0-85191406978&doi=10.12688%2ff1000research.141951.2&partnerID=40&md5=2923b5fc124cae4f34b307cf0b1bbc98,"Department of Biological Sciences, National Sun Yat-sen University, Kaohsiung, 804, Taiwan","Background: From passive acoustic monitoring (PAM) recordings, the vocal activity rate (VAR), vocalizations per unit of time, can be calculated and is essential for assessing bird population abundance. However, VAR is subject to influences from a range of factors, including species and environmental conditions. Identifying the optimal sampling design to obtain representative acoustic data for VAR estimation is crucial for research objectives. PAM commonly uses temporal sampling strategies to decrease the volume of recordings and the resources needed for audio data management. Yet, the comprehensive impact of this sampling approach on VAR estimation remains insufficiently explored. Methods: In this study, we used vocalizations extracted from recordings of 12 bird species, taken at 14 PAM stations situated in subtropical montane forests over a four-month period, to assess the impact of temporal sampling on VAR across three distinct scales: short-term periodic, diel, and hourly. For short-term periodic sampling analysis, we employed hierarchical clustering analysis (HCA) and the coefficient of variation (CV). Generalized additive models (GAMs) were utilized for diel sampling analysis, and we determined the average difference in VAR values per minute for the hourly sampling analysis. Results: We identified significant day and species-specific VAR fluctuations. The survey season was divided into five segments; the earliest two showed high variability and are best avoided for surveys. Data from days with heavy rain and strong winds showed reduced VAR values and should be excluded from analysis. Continuous recordings spanning at least seven days, extending to 14 days is optimal for minimizing sampling variance. Morning chorus recordings effectively capture the majority of bird vocalizations, and hourly sampling with frequent, shorter intervals aligns closely with continuous recording outcomes. Conclusions: While our findings are context-specific, they highlight the significance of strategic sampling in avian monitoring, optimizing resource utilization and enhancing the breadth of monitoring efforts. Copyright: © 2024 Wu SH et al.","Aves;passive acoustic monitoring;temporal sampling;vocal activity rate;Acoustics;Animals;Birds;Environmental Monitoring;Forests;Vocalization, Animal;rain;acoustics;altitude;Article;bird;Brachypteryx goodfellowi;breeding;Carpodacus formosanus;circadian rhythm;Columba pulchricollis;Columbidae;controlled study;dispersion;environmental factor;environmental temperature;hierarchical clustering;jungle crow;Locustella alishanensis;Niltava vivida;nonhuman;owl;Parus;Parus monticolus;Pericrocotus solaris;Picidae;Picus canus;precipitation;prevalence;relative humidity;seasonal variation;Sitta europaea;Taenioptynx brodiei;tropical forest;vegetation;vocalization;wind speed;Yuhina brunneiceps;animal;environmental monitoring;forest;physiology;procedures",F1000 Research Ltd,20461402 (ISSN),English,F1000 Res.,Article,Scopus,"Export Date: 14 March 2025; Cited By: 0; Correspondence Address: C.-H. Chang-Yang; Taiwan Biodiversity Research Institute, Nantou, 552, Taiwan; email: changyang@mail.nsysu.edu.tw; H.-W. Chang; Taiwan Biodiversity Research Institute, Nantou, 552, Taiwan; email: hwchang@mail.nsysu.edu.tw",,38655208,,,,,72,0,14/03/2025 15:34,
215,CONF,"Favetta, F.;Laurini, R.",Visualization and exploration of landscape architecture project information,2006,Proceedings:  DMS 2006 - 12th International Conference on Distributed Multimedia Systems,,,,https://www.scopus.com/inward/record.uri?eid=2-s2.0-52249091859&partnerID=40&md5=b6de64cd498cb657201aaaf29cc5360d,"Research Center for Images and Intelligent Information Systems, United States","Landscape Architecture project requires specific geographic and multimedia data management. To meet the landscape architect's needs, especially in the project analysis phase, we propose a geographic file exploration approach that improves visualization and exploration of landscape data. We have developed a prototype that incorporates our proposal. We are also realizing tests with potential users and first results are encouraging. © 2006 by Knowledge Systems Institute Graduate School. All rights reserved.",Data visualization and exploration;GIS;Interactive and visual interfaces;Landscape Architecture;Metaphors;Multimedia;Soundscapes;Architecture;Data visualization;Geographic information systems;Multimedia systems;Visualization;Landscape architecture;Metaphors;Multimedia;Soundscapes;Visual Interface;Information management,Knowledge Systems Institute Graduate School,1891706195 (ISBN),English,Proc DMS Intl. Conf. Distributed Multimedia Syst.,Conference paper,Scopus,Export Date: 14 March 2025; Cited By: 1,,,153,156,,,215,0,14/03/2025 15:34,
200,CONF,"Cordeiro, J.",FuXi: A fish-driven instrument for real-time music performance,2015,Lecture Notes in Computer Science (including subseries Lecture Notes in Artificial Intelligence and Lecture Notes in Bioinformatics),9027,,10.1007/978-3-319-16498-4_4,https://www.scopus.com/inward/record.uri?eid=2-s2.0-84925282231&doi=10.1007%2f978-3-319-16498-4_4&partnerID=40&md5=99cb9018340cbb1dc30e25163474b0fa,"University of Saint Joseph, Rua de Londres, 16, Macau, China","In this paper we present a system for real-time computer music performance (live electronics) and live visuals based on the behavior of a fish in an aquarium. The system is comprised of (1) an aquarium with a fish; (2) a computer vision module; (3) a visual display of the fish overlaid by graphical elements controlled by the user, (4) a sound synthesis module and (5) a standard MIDI controller. The musical expression and graphic generation is a combination of the fish movements and decisions made by the performer in real-time. By making use of a live animal, the system provides indeterminacy and natural gestures to the sound being generated. The match between sound and image shows some semantic redundancy, aiming at a more narrative compositional approach where the fish is the main character. The system is targeted to soundscape composition and electroacoustic music featuring a high degree of improvisation. © Springer International Publishing Switzerland 2015.",Electroacoustic music;Fish-driven instrument;HCI;Improvisation;Indeterminism;NIME;Computer music;Computer vision;Human computer interaction;Semantics;Electroacoustic music;Graphical elements;Improvisation;Indeterminism;Music performance;Musical expression;NIME;Real-time computer;Fish,Springer Verlag,03029743 (ISSN); 978-331916497-7 (ISBN),English,Lect. Notes Comput. Sci.,Conference paper,Scopus,Export Date: 14 March 2025; Cited By: 0,,,39,49,Carballal A.;Correia J.;Johnson C.,,200,0,14/03/2025 15:34,
169,JOUR,"Guerra, V.;Llusia, D.;Gambale, P.G.;de Morais, A.R.;Márquez, R.;Bastos, R.P.","The advertisement calls of Brazilian anurans: Historical review, current knowledge and future directions",2018,PLoS ONE,13,e0191691,10.1371/journal.pone.0191691,https://www.scopus.com/inward/record.uri?eid=2-s2.0-85041188351&doi=10.1371%2fjournal.pone.0191691&partnerID=40&md5=794725cb17dea3a7e6779516c585831a,"Programa de Pós-Graduação em Ecologia de Ambientes Aquáticos Continentais (PEA), Universidade Estadual de Maringá (UEM), Maringá, Paraná, CEP: 87020-900, Brazil","Advertisement calls are often used as essential basic information in studies of animal behaviour, ecology, evolution, conservation, taxonomy or biodiversity inventories. Yet the description of this type of acoustic signals is far to be completed, especially in tropical regions, and is frequently non-standardized or limited in information, restricting the application of bioacoustics in science. Here we conducted a scientometric review of the described adverstisement calls of anuran species of Brazil, the world richest territory in anurans, to evaluate the amount, standard and trends of the knowledge on this key life-history trait and to identify gaps and directions for future research strategies. Based on our review, 607 studies have been published between 1960 to 2016 describing the calls of 719 Brazilian anuran species (68.8% of all species), a publication rate of 10.6 descriptions per year. From each of these studies, thirty-one variables were recorded and examined with descriptive and inferential statistics. In spite of an exponential rise over the last six decades in the number of studies, described calls, and quantity of published metadata, as revealed by regression models, clear shortfalls were identified with regard to anuran families, biomes, and categories of threat. More than 55% of these species belong to the two richest families, Hylidae or Leptodactylidae. The lowest percentage of species with described calls corresponds to the most diverse biomes, namely Atlantic Forest (65.1%) and Amazon (71.5%), and to the IUCN categories of threat (56.8%), relative to the less-than-threatened categories (74.3%). Moreover, only 52.3% of the species have some of its calls deposited in the main scientific sound collections. Our findings evidence remarkable knowledge gaps on advertisement calls of Brazilian anuran species, emphasizing the need of further efforts in standardizing and increasing the description of anuran calls for their application in studies of the behaviour, ecology, biogeography or taxonomy of the species. © 2018 Guerra et al. This is an open access article distributed under the terms of the Creative Commons Attribution License, which permits unrestricted use, distribution, and reproduction in any medium, provided the original author and source are credited.",Animal Communication;Animals;Anura;Brazil;advertising;article;behavior;biogeography;Brazil;ecology;forest;Hylidae;inferential statistics;Leptodactylidae;life history trait;metadata;nonhuman;publication;sound;animal;animal communication;Anura;physiology,Public Library of Science,19326203 (ISSN),English,PLoS ONE,Article,Scopus,"Export Date: 14 March 2025; Cited By: 50; Correspondence Address: V. Guerra; Programa de Pós-Graduação em Ecologia de Ambientes Aquáticos Continentais (PEA), Universidade Estadual de Maringá (UEM), Maringá, Paraná, CEP: 87020-900, Brazil; email: vinicius.guerrabatista@gmail.com; CODEN: POLNC",1,29381750,,,,,169,0,14/03/2025 15:37,
191,CONF,"Faruqi, S.A.S.S.;Park, T.H.","Urban soundscape: Analyzing spatiotemporal patterns of acoustic events and soundscape components, and its influence on the socio-economic status of New York City neighborhoods",2018,ICMC 2018 - Proceedings of the 2018 International Computer Music Conference,,,,https://www.scopus.com/inward/record.uri?eid=2-s2.0-85060215291&partnerID=40&md5=8d60d9766bacfafda4f3769003dab584,"NYU Steinhardt, United States","Research literature establishing the detrimental effects of acoustic noise on urban wellbeing is well-documented, and can cause problems such as sleep deprivation, cognitive impairments and cardiovascular diseases. Recent studies also indicate that the socially disadvantaged are subject to greater exposure to environmental hazards. The motivation behind this research is to fill a gap in the literature evaluating urban soundscapes by (1) measuring the spatiotemporal patterns of acoustic events and the distribution of composite soundscape components within selected New York City (NYC) neighborhoods and (2) analyzing this datum with socio-economic data of the surrounding urban environments. This paper focuses on seven NYC neighborhoods, each representing one of the seven levels of noise metadata found on the 311 noise map which produced ninety 30-minute soundscape samples of different time intervals across three days. Findings aligned with the hypothesis that high numbers of acoustic events negatively correlate to the socioeconomic composition of neighborhoods but showed inconsistencies when compared to neighborhood noise metadata. Copyright: © 2018 SF et al. This is an open-access article distributed under the terms of the Creative Commons Attribution License 3.0 Unported",Computer music;Economics;Metadata;Noise pollution;Sleep research;Cardio-vascular disease;Cognitive impairment;Environmental hazards;Sleep deprivation;Socio-economic data;Socio-economic status;Spatiotemporal patterns;Urban environments;Acoustic noise,International Computer Music Association,0984527478 (ISBN); 978-098452747-2 (ISBN),English,ICMC - Proc. Int. Computer Music Conf.,Conference paper,Scopus,Export Date: 14 March 2025; Cited By: 0,,,156,163,,,191,0,14/03/2025 15:37,
56,JOUR,"Zarei, F.;Nik-Bakht, M.;Lee, J.;Zarei, F.","Urban-Scale Acoustic Comfort Map: Fusion of Social Inputs, Noise Levels, and Citizen Comfort in Open GIS",2024,Processes,12,2864,10.3390/pr12122864,https://www.scopus.com/inward/record.uri?eid=2-s2.0-85213081528&doi=10.3390%2fpr12122864&partnerID=40&md5=dabc59b723f90b989690dae3f2b1aee6,"Department of Building, Civil and Environmental Engineering, Concordia University, Montreal, H3G 1M8, QC, Canada","With advancements in the Internet of Things (IoT), diverse and high-resolution data sources, such as environmental sensors and user-generated inputs from mobile devices, have become available to model and estimate citizens’ acoustic comfort in urban environments. These IoT-enabled data sources offer scalable insights in real time into both objective parameters (e.g., noise levels and environmental conditions) and subjective perceptions (e.g., personal comfort and soundscape experiences), which were previously challenging to capture comprehensively by using traditional methods. Despite this, there remains a lack of a clear framework explicitly presenting the role of these diverse inputs in determining acoustic comfort. This paper contributes by (1) exploring the relationship between attributes governing the physical aspect of the built environment (sensory data) and the end-users’ characteristics/inputs/sensations (such as their acoustic comfort level) and how these attributes can correlate/connect; (2) developing a CityGML-based framework that leverages semantic 3D city models to integrate and represent both objective sensory data and subjective social inputs, enhancing data-driven decision making at the city level; and (3) introducing a novel approach to crowdsourcing citizen inputs to assess perceived acoustic comfort indicators, which inform predictive modeling efforts. Our solution is based on CityGML’s capacity to store and explain 3D city-related shapes with their semantic characteristics, which are essential for city-level operations such as spatial data mining and thematic queries. To do so, a crowdsourcing method was used, and 20 perceptive indicators were identified from the existing literature to evaluate people’s perceived acoustic attributes and types of sound sources and their relations to the perceived soundscape comfort. Three regression models—K-Nearest Neighbor (KNN), Support Vector Regression (SVR), and XGBoost—were trained on the collected data to predict acoustic comfort at bus stops in Montréal based on physical and psychological attributes of travellers. In the best-performing scenario, which incorporated psychological attributes and measured noise levels, the models achieved a normalized mean squared error (NMSE) as low as 0.0181, a mean absolute error (MAE) of 0.0890, and a root mean square error (RMSE) of 0.1349. These findings highlight the effectiveness of integrating subjective and objective data sources to accurately predict acoustic comfort in urban environments. © 2024 by the authors.",acoustic comfort;citizen engagement;infrastructure management;open GIS;urban information modeling;Acoustic variables measurement;Architectural acoustics;Array processing;Benchmarking;Bragg cells;Crowdsourcing;Depth perception;Eye movements;Formal concept analysis;Forward error correction;Nearest neighbor search;Semantics;SGML;Steganography;Support vector regression;Thermoacoustic engines;Time difference of arrival;Ultrasonic devices;Acoustic comfort;Citizen engagements;Data-source;Information Modeling;Infrastructure managements;Noise levels;Open GIS;Soundscapes;Urban environments;Urban information modeling;Mean square error,Multidisciplinary Digital Publishing Institute (MDPI),22279717 (ISSN),English,Process.,Article,Scopus,"Export Date: 14 March 2025; Cited By: 0; Correspondence Address: M. Nik-Bakht; Department of Building, Civil and Environmental Engineering, Concordia University, Montreal, H3G 1M8, Canada; email: mazdak.nikbakht@concordia.ca",12,,,,,,56,0,14/03/2025 15:37,
158,JOUR,"Buitrago-Cardona, A.;Colón-Piñeiro, Z.;Borja-Acosta, K.G.;Ospina-Larrea, A.M.;Galeano, S.P.;Acevedo-Charry, O.",Dataset on audio records of animals from the northeast Andes of Colombia I: The bird sounds of Boyacá department,2020,Data in Brief,28,104941,10.1016/j.dib.2019.104941,https://www.scopus.com/inward/record.uri?eid=2-s2.0-85076414529&doi=10.1016%2fj.dib.2019.104941&partnerID=40&md5=47a86c74fc814ec03824dd8220dbc11f,"Colección de Sonidos Ambientales, Colecciones Biológicas, Instituto de Investigación de Recursos Biológicos Alexander von Humboldt, Claustro de San Agustín – Carrera 8 # 15-08, Villa de Leyva, Boyacá, Colombia","This dataset is the first effort to combine the audio biodiversity of a taxonomic group in a selected location, the Boyacá department in Colombia. We conducted a detailed review of the sound recordings for birds from the Boyacá department within three repositories, the environmental sound collection of the Humboldt Institute, the Macaulay Library of the Cornell Lab of Ornithology, and the xeno-canto platform of the Naturalis Biodiversity Center. We selected recordings that were identified up to species and had complete metadata information. Using latitude and longitude information, we assigned each recording to one of the three regions and one of the 12 biotic units reported for Boyacá. We reported a total of 2321 recordings belonging to the Andean region (1892), Orinoquian region (425), and Carare-Lebrija-Nechi-Sinu (4). The sounds of Boyacá birds have been sampled for approximately three decades, with two peaks of activity in the early 2000's and 2018. We also included a map with the distribution of biotic units and sound recordings of our dataset. This dataset can be used to extract acoustic traits to test hypotheses of turnover in the acoustic space or traits by species, or to compare acoustic traits between species. It can also allow decision-makers to support biodiversity-based economies such as avitourism. © 2019",Bioacoustics;Bird acoustics;Ecoacoustics;Sound collection;Sounds recordings;Audio acoustics;Audio recordings;Biodiversity;Decision making;Statistical tests;Andean Region;Biotics;Bird acoustic;Colombia;Ecoacoustic;Environmental sounds;Metadata information;Naturalis;Sound collection;Taxonomic groups;Birds,Elsevier Inc.,23523409 (ISSN),English,Data Brief,Data paper,Scopus,"Export Date: 14 March 2025; Cited By: 2; Correspondence Address: O. Acevedo-Charry; Colección de Sonidos Ambientales, Colecciones Biológicas, Instituto de Investigación de Recursos Biológicos Alexander von Humboldt, Villa de Leyva, Boyacá, Claustro de San Agustín – Carrera 8 # 15-08, Colombia; email: oacevedo@humboldt.org.co",,,,,,,158,0,14/03/2025 15:38,
120,JOUR,"Droumeva, M.;Mcgregor, I.",Sound Stories: A Context-Based Study of Everyday Listening to Augmented Soundscapes,2019,Interacting with Computers,31,,10.1093/iwc/iwz024,https://www.scopus.com/inward/record.uri?eid=2-s2.0-85075075721&doi=10.1093%2fiwc%2fiwz024&partnerID=40&md5=5b9c0eecdffba4c33d0bd202d005e908,"School of Communication, Simon Fraser University, Applied Sciences Building, 8888 University Drive, Burnaby, V5A1S6, BC, Canada","With an increasing number of everyday operations and communications becoming both automated and autonomous, ambient intelligent soundscapes are transforming to accommodate additional sonic feedback, and with it, new frameworks of listening. While this type of research and design of audio augmented technology is not new, the impact pre-existing acoustic environments upon listeners' sense-making activities is rarely considered holistically. Much of the study into the design of effective auditory displays focuses on perceptual acuity and correct source identification, often at the expense of understanding the context of meaning-making. This paper presents a study involving 70 participants who listened to unidentified audio recordings of two archetypal everyday urban sound environments naturally containing artificial signals as well as typical sounds. Using a ThinkAloud protocol we investigated listeners' approaches to meaning-making in both semantic and temporal dimensions. Through a semantic content analysis, we articulate five aspects of sonic meaning-making: spatial, descriptive, experiential, associational and narrative. We further analyse the use of these perceptual elements on a temporal plane, in order to investigate how listeners construct a narrative of what they hear in real-time, naturally evolving as each subsequent sound event is interpreted. Results suggest that while listeners attend to sound events and spatial characteristics of a sound environment at the beginning of a new listening situation, as the soundscape unfolds they utilize associations and familiarity in order to place individual sounds into increasingly coherent narratives. Finally, we suggest that this approach could provide sound designers and human-computer interaction specialists with a model for investigating the context aspects of a soundscape more holistically, allowing them to evaluate the effect of any new designed sounds prior to introduction into real-world environments. © 2019 The Author(s) 2019.",augmented environments;ethnography;everyday listening;sound design;ThinkAloud;user narrative;Human computer interaction;Semantics;Augmented environments;ethnography;everyday listening;Sound designs;ThinkAloud;user narrative;Audio acoustics,Oxford University Press,09535438 (ISSN),English,Interact Comput.,Article,Scopus,"Export Date: 14 March 2025; Cited By: 1; Correspondence Address: M. Droumeva; School of Communication, Simon Fraser University, Applied Sciences Building, Burnaby, 8888 University Drive, V5A1S6, Canada; email: mvdroume@sfu.ca; CODEN: INTCE",3,,336,347,,,120,0,14/03/2025 15:39,
159,CONF,"Jo, H.I.;Seo, R.;Jeon, J.Y.",Soundscape assessment methods: Compatibility of questionnaires and narrative interview based on ISO 12913-2,2020,"Proceedings of 2020 International Congress on Noise Control Engineering, INTER-NOISE 2020",,,,https://www.scopus.com/inward/record.uri?eid=2-s2.0-85101355170&partnerID=40&md5=bb0c20ad3be3681fe037e4a0bb7efb62,"Hanyang University, 222 Wangsimri-ro, Seongdong-gu, Seoul, South Korea","With the introduction of the concept of soundscape, various studies on soundscape evaluation methods and tools have been proposed. Data collection protocols for such studies have been standardized in ISO 12913-2: method A (questionnaire), method B (questionnaire + narrative interview), and method C (narrative interview). However, the compatibility of responses between assessment tools remains controversial because each researcher uses the protocols considered appropriate for the experimental design depending on their judgment. Therefore, in this study, compatibility of the data collection protocols in the ISO standard is compared in a virtual reality (VR) environment that comprises 10 locations in urban environments with different functions, e.g., parks, public spaces. A total of 50 subjects were asked to answer a variety of questions regarding sound source identification, perceived affective quality, and overall quality- the same soundscape evaluation session was repeated three times. Methods A and B showed highly consistent responses even though their contents were somewhat different. Moreover, the results of method C corresponded well with those of methods A and B in terms of vocabulary frequency and semantic connection. Based on these findings, this study proposes a guideline for using assessment tools for urban soundscape evaluation. © Proceedings of 2020 International Congress on Noise Control Engineering, INTER-NOISE 2020. All rights reserved.",Acoustic variables control;Data acquisition;ISO Standards;Quality control;Semantics;Assessment tool;Data collection protocols;Evaluation methods;Overall quality;Perceived affective qualities;Sound source identification;Urban environments;Urban soundscape;Surveys,Korean Society of Noise and Vibration Engineering,978-899402136-2 (ISBN),English,"Proc. Int. Congr. Noise Control Eng., INTER-NOISE",Conference paper,Scopus,Export Date: 14 March 2025; Cited By: 3,,,,,Jeon J.Y.,,159,0,14/03/2025 15:39,
166,JOUR,"Beason, R.D.;Riesch, R.;Koricheva, J.",Temporal Pass Plots: An intuitive method for visualising activity patterns of bats and other vocalising animals,2020,Ecological Indicators,113,106202,10.1016/j.ecolind.2020.106202,https://www.scopus.com/inward/record.uri?eid=2-s2.0-85080989562&doi=10.1016%2fj.ecolind.2020.106202&partnerID=40&md5=bbac84b51842ddcee086544ca61fec78,"Department of Biological Sciences, Royal Holloway University of London, Egham, TW20 0EX, Surrey, United Kingdom","Bats perform a number of ecosystem services but face numerous threats. Improved monitoring strategies are essential to better target conservation efforts, and passive acoustic monitoring (PAM) is being increasingly used to record bat activity. Although temporal patterns of bat activity can provide useful information about behaviour and habitat use, such assessments are rarely performed. Here, we describe the Temporal Pass Plot (TPP) that utilises audio file metadata to create highly detailed visualisations of bat activity, enabling direct comparisons of temporal activity patterns between different species and habitats. The example workflow and accompanying suite of utilities facilitate the production of TPPs with R or Excel. TPPs created using bat pass data revealed inter- and intra-specific differences in temporal activity that would normally be missed by typical assessments, which tend to measure bat activity using the total, or average, number of bat passes recorded on each night. This analysis illustrates how TPPs are capable of revealing useful insights into bat behaviour and expanding the scope of information acquired by PAM. TPPs provide an intuitive means of visualising patterns of bat activity over prolonged periods of time. With further study, activity patterns within TPPs could be related to specific behaviours such as roosting and commuting, enabling more detailed assessments of habitat use. Although bats are ideal candidates for TPPs, this technique could also be adapted for other species that can be monitored using time-stamped acoustic data. © 2020 The Authors",Activity;Bat;Behaviour;Passive Acoustic Monitoring;Survey standardisation;Temporal Pass Plot;Animalia;Acoustic measuring instruments;Ecosystems;Forestry;Thermodynamic properties;Activity patterns;Behaviour;Ecosystem services;Intra-specific differences;Monitoring strategy;Passive acoustic monitoring;Temporal Pass Plot;Temporal pattern;activity pattern;bat;bioacoustics;conservation planning;habitat use;interspecific variation;intraspecific variation;metadata;roosting;visualization;Information use,Elsevier B.V.,1470160X (ISSN),English,Ecol. Indic.,Article,Scopus,"Export Date: 14 March 2025; Cited By: 5; Correspondence Address: R.D. Beason; Department of Biological Sciences, Royal Holloway University of London, Egham, TW20 0EX, United Kingdom; email: Richard.Beason.2016@live.rhul.ac.uk",,,,,,,166,0,14/03/2025 15:39,
243,CONF,"Bailey, J.R.;Smith, R.J.;Keith, C.M.;Searles, K.H.;Wang, L.",Passive seismic data management and processing to monitor heavy oil steaming operations,2008,"Society of Petroleum Engineers - International Thermal Operations and Heavy Oil Symposium, ITOHOS 2008 - ""Heavy Oil: Integrating the Pieces""",1,,10.2118/117484-ms,https://www.scopus.com/inward/record.uri?eid=2-s2.0-64049085192&doi=10.2118%2f117484-ms&partnerID=40&md5=984878e304c24ced09677bc114cc147b,"ExxonMobil Upstream Research Company, United States","Cyclic Steam Stimulation (CSS) is a cost-effective means to produce heavy oil at the Cold Lake field in Alberta, Canada. The high viscosity of bitumen is the main obstacle to economic production, but the bitumen viscosity decreases significantly with temperature. Steam is injected at fracturing conditions, resulting in complex interactions of reservoir expansion (dilation) and contraction (recompaction) that propagate stress and strain fields in the overburden. The mechanical loads on wells resulting from this production process are an important design consideration. To enhance operational integrity, a dedicated passive seismic monitoring well is installed on new development pads to provide early detection of casing failures and possible fracturing of the formation overburden. There is now an installed base of almost 90 such acoustic monitoring wells in the operator's field. With data acquisition or 15 to 30 geophones per system, recording continuously at 2000 or 3000 samples per second, the data management issues for this monitoring network are challenging. Several classes of acoustic events have been identified, including those due to casing failure, formation heave, near-wellbore cement cracking, and production rod pump background noise, in addition to ""Continuous Microseismic Radiation"" (CMR) that resembles harmonic tremors. Most casing failures are detected by observation of singular events. The detection of fracturing of the overburden, which may include the presence of bitumen and/or produced water that has migrated out of zone, is a more complex process that requires distinguishing shear events and CMR events from normal formation heave and other environmental noise. The operator has stewarded the development of a cost-effective system that includes local pad data acquisition, uploading of selected data to a server with data archiving facilities, and downloading data to dedicated analysts. This paper will present a summary of the data management and processing technologies developed to address the challenge of managing this data-intensive problem. Copyright 2008, SPE/PS/CHOA International Thermal Operations and Heavy Oil Symposium.",Acoustic noise;Bituminous materials;Boreholes;Complex networks;Cost effectiveness;Crude oil;Data acquisition;Data handling;Engineers;Fracture;Gasoline;Information management;Oil well testing;Oil wells;Seismology;Viscosity;Acoustic monitoring;Cost effective systems;Cost-effective means;Cyclic steam stimulations;Design considerations;Economic production;Environmental noise;Processing technologies;Heavy oil production,Society of Petroleum Engineers,978-160560676-7 (ISBN),English,"Int. Therm. Oper. Heavy Oil Symp., ITOHOS - ""Heavy Oil: Integr. Pieces""",Conference paper,Scopus,Export Date: 14 March 2025; Cited By: 7,,,339,348,,,243,0,14/03/2025 15:40,
13,JOUR,"Park, H.;Chung, Y.;Kim, J.-H.","Deep Neural Networks-based Classification Methodologies of Speech, Audio and Music, and its Integration for Audio Metadata Tagging",2023,Journal of Web Engineering,22,,10.13052/jwe1540-9589.2211,https://www.scopus.com/inward/record.uri?eid=2-s2.0-85175580845&doi=10.13052%2fjwe1540-9589.2211&partnerID=40&md5=c0a2f1050870ecf76e0804b38c9047ae,"Sogang University, Seoul, South Korea","Videos contain visual and auditory information. Visual information in a video can include images of people, objects, and the landscape, whereas auditory information includes voices, sound effects, background music, and the soundscape. The audio content can provide detailed information on the story by conducting a voice and atmosphere analysis of the sound effects and soundscape. Metadata tags represent the results of a media analysis as text. The tags can classify video content on social networking services, like YouTube. This paper presents the methodologies of speech, audio, and music processing. Also, we propose integrating these audio tagging methods and applying them in an audio metadata generation system for video storytelling. The proposed system automatically creates metadata tags based on speech, sound effects, and background music information from the audio input. The proposed system comprises five subsystems: (1) automatic speech recognition, which generates text from the linguistic sounds in the audio, (2) audio event classification for the type of sound effect, (3) audio scene classification for the type of place from the soundscape, (4) music detection for the background music, and (5) keyword extraction from the automatic speech recognition results. First, the audio signal is converted into a suitable form, which is subsequently combined from each subsystem to create metadata for the audio content. We evaluated the proposed system using video logs (vlogs) on YouTube. The proposed system exhibits a similar accuracy to handcrafted metadata for the audio content, and for a total of 104 YouTube vlogs, achieves an accuracy of 65.83%.  © 2023 River Publishers.",audio event classification;audio scene classification;Content retrieval;music detection;speech recognition,River Publishers,15409589 (ISSN),English,J. Web Eng.,Article,Scopus,"Export Date: 14 March 2025; Cited By: 4; Correspondence Address: J.-H. Kim; Sogang University, Seoul, South Korea; email: kimjihwan@sogang.ac.kr",1,,1,26,,,13,0,14/03/2025 15:40,
39,CONF,"Ortega, S.V.M.;Sarria-Paja, M.",Bird Identification from the Thamnophilidae Family at the Andean Region of Colombia,2022,Lecture Notes in Computer Science (including subseries Lecture Notes in Artificial Intelligence and Lecture Notes in Bioinformatics),13293 LNCS,,10.1007/978-3-031-10539-5_18,https://www.scopus.com/inward/record.uri?eid=2-s2.0-85135020031&doi=10.1007%2f978-3-031-10539-5_18&partnerID=40&md5=ab545013c5df18753bbfe7664a299d37,"Universidad Santiago de Cali, Cali, Colombia","Colombia, with more than 1900 known bird species, is amongst the countries with the highest diversity of this biological group worldwide. It is important to promote environmental conservation to help protect wildlife and biodiversity. In order to promote environmental conservation we need to characterize the areas of interest, by identifying the wildlife species populating such areas. Bioacoustics plays an important role in this area, as it uses non-invasive methods, thus reducing the impact while collecting data. In the case of characterizing bird population, bioacoustics helps to analyze their vocalizations and characterize the species by using their calls and songs. In this research, we center attention on the western mountain range of Colombia, in order to identify and classify the 30 species of the Thamnophilidae family inhabiting this area. We use audio recordings from Xenocanto (www.xeno-canto.org ), by filtering the metadata it was possible to select 3689 recordings labeled as birdsongs from the Thamnophilidae family and collected in the area of interest. We compare different classification approaches, ranging from classical machine learning techniques such as logistic regression and support vector machine classifiers to modern techniques based on deep learning. For the task at hand, we use pre-trained models to evaluate the usability of models trained on other domains. According to the results, good performance was achieved when using transfer learning for feature extraction and use classical machine learning schemes for classification. Nevertheless, best performance was achieved using a support vector machine classifier and a feature representation based on the mel-frequency cepstral coefficients as feature vectors. Other deep learning approaches have poor performance or were unable to converge given the low amount of data. © 2022, The Author(s), under exclusive license to Springer Nature Switzerland AG.",Bird identification;Deep embedding;MFCC;Thamnophilidae family;Transfer learning;Biodiversity;Classification (of information);Conservation;Deep learning;Learning systems;Noninvasive medical procedures;Support vector machines;Area of interest;Bird identification;Colombia;Deep embedding;Embeddings;Environmental conservation;MFCC;Support vector machine classifiers;Thamnophilidae family;Transfer learning;Birds,Springer Science and Business Media Deutschland GmbH,03029743 (ISSN); 978-303110538-8 (ISBN),English,Lect. Notes Comput. Sci.,Conference paper,Scopus,"Export Date: 14 March 2025; Cited By: 2; Correspondence Address: M. Sarria-Paja; Universidad Santiago de Cali, Cali, Colombia; email: milton.sarria00@usc.edu.co",,,243,257,Saeed K.;Dvorský J.,,39,0,14/03/2025 15:41,
218,CONF,"Drumm, I.;O'Hare, J.",Workflow automations and optimisations to facilitate room acoustics prediction within multimodal virtual environments,2015,"22nd International Congress on Sound and Vibration, ICSV 2015",,,,https://www.scopus.com/inward/record.uri?eid=2-s2.0-84971247390&partnerID=40&md5=5f73a21aa2d6d814cbe9bbc571f9451e,"Informatics Research Group, Universiy of Salford, Salford, M5 4WT, United Kingdom","This paper addresses some challenges associated with incorporating complex architectural data within a high end immersive multi-modal display system with integrated Wave Field Synthesis, for a real-time multisensory experience. Typically BIM & architectural data will have a very high polygon count, complex textural information and metadata. Parsing this data for associated auralistion with room acoustic prediction requires a large degree of simplification together with a rendering strategy that presents only the most subjectively important features of the soundscape whilst preserving ecological validity. This paper will present and assess automations and optimisations in the work flow for the fast realisation of multisensory virtual environments with convincing acoustic components.",Architectural acoustics;Architectural design;Display devices;Virtual reality;Acoustic components;Ecological validity;Important features;Multi-Modal Displays;Multi-modal virtual environments;Room acoustics;Textural information;Wave field synthesis;Acoustics,International Institute of Acoustics and Vibrations,978-888894248-3 (ISBN),English,"Int. Congr. Sound Vib., ICSV",Conference paper,Scopus,Export Date: 14 March 2025; Cited By: 1,,,,,,,218,0,14/03/2025 15:41,
29,CONF,"Iseri, H.A.D.;Bilen, A.O.",Searching for Acoustic Quality Spaces Between Quiet/Calm Areas and Soundscape Concepts,2023,Proceedings of Forum Acusticum,,,,https://www.scopus.com/inward/record.uri?eid=2-s2.0-85191245994&partnerID=40&md5=952089e4a6fab4a58d356a9f63b9b350,"Department of Architecture, Eskisehir Technical University, Eskisehir, Turkey","It is known that physical noise management based on limit values is insufficient for acoustic environment research by itself. As cities become more populated and complex, researchers need to more rigorously examine the soundscape that perceptually approaches this management. The European Environmental Noise Directive directs researchers to the concept of “quiet/calm areas” constituted depending on the quantity of sound. In researches, it is seen that acoustic quality spaces have significant potential to increase the quality of life. For this reason, researchers have been directed to investigate concepts such as ""soundscape"", ""quiet/calm areas"" and ""acoustic quality"". However, it's observed that there is a semantic confusion between these concepts, which are used for similar purposes in the literature. In addition, the concept of acoustic quality has an inclusive feature. However, what makes a place of acoustic quality is still not clearly defined. In this case, it should be understood what an acoustic quality space is. This study was conducted with the aim of understanding the general framework of the concept of an acoustic quality spaces. Based on the literature data, a comparison was made between a quiet/calm area and an acoustic quality space. © 2023 Dogan Iseri and Ozcevik Bilen This is an open-access article distributed under the terms of the Creative Commons Attribution 3.0 Unported License, which permits unrestricted use, distribution, and reproduction in any medium, provided the original author and source are credited.",acoustic quality space;noise management;quiet/calm areas;soundscape;Acoustic noise;Noise pollution;Acoustic environment;Acoustic quality;Acoustic quality space;Environment research;Environmental noise;Limit values;Noise management;Quiet/calm area;Soundscapes;Space between;Semantics,"European Acoustics Association, EAA",22213767 (ISSN); 978-888894267-4 (ISBN),English,Proc. Forum Acusticum,Conference paper,Scopus,"Export Date: 14 March 2025; Cited By: 0; Correspondence Address: H.A.D. Iseri; Department of Architecture, Eskisehir Technical University, Eskisehir, Turkey; email: haycadogan@gmail.com",,,,,,,29,0,14/03/2025 15:41,
139,CONF,"Schlüter, J.","Bird identification from timestamped, geotagged audio recordings",2018,CEUR Workshop Proceedings,2125,,,https://www.scopus.com/inward/record.uri?eid=2-s2.0-85051055236&partnerID=40&md5=4e8f4a7fb05f0e932e818a8105fae9be,"Austrian Research Institute for Artificial Intelligence, Vienna, Austria","Large-scale biodiversity monitoring would profit from automated solutions supporting or complementing human experts and citizen scientists. To foster their development, the yearly BirdCLEF scientific challenge compares approaches for identifying bird species in recorded vocalizations. The solution described in this work is based on an ensemble of Convolutional Neural Networks (CNNs) processing a mei spectrogram combined with Multi-Layer Perceptrons (MLPs) processing the recording date, time and geographic location. In BirdCLEF 2018, it achieved a mean average precision of 0.705 in detecting 1, 500 South American bird species (0.785 for the foreground species), the second best entry to the challenge.",Bioacoustics;Bird vocalizations;BirdCLEF 2018;Convolutional Neural Networks;Deep Learning;Metadata;Spectrograms;Bioacoustics;Biodiversity;Convolution;Deep learning;Metadata;Neural networks;Spectrographs;Automated solutions;Biodiversity monitoring;BirdCLEF 2018;Convolutional neural network;Geographic location;Human expert;Multi-layer perceptrons (MLPs);Spectrograms;Birds,CEUR-WS,16130073 (ISSN),English,CEUR Workshop Proc.,Conference paper,Scopus,"Export Date: 14 March 2025; Cited By: 4; Correspondence Address: J. Schlüter; Austrian Research Institute for Artificial Intelligence, Vienna, Austria; email: jan.schlueter@ofai.at",,,,,"Ferro N.;University of Padua, Department of Information Engineering (DEI), Via Gradenigo 6/B, Padova;Nie J.-Y.;Soulier L.;Soulier L.;Cappellato L.;University of Padua, Department of Information Engineering (DEI), Via Gradenigo 6/B, Padova",,139,0,14/03/2025 15:41,
31,JOUR,"Viveros-Muñoz, R.;Huijse, P.;Vargas, V.;Espejo, D.;Poblete, V.;Arenas, J.P.;Vernier, M.;Vergara, D.;Suárez, E.",Dataset for polyphonic sound event detection tasks in urban soundscapes: The synthetic polyphonic ambient sound source (SPASS) dataset,2023,Data in Brief,50,109552,10.1016/j.dib.2023.109552,https://www.scopus.com/inward/record.uri?eid=2-s2.0-85171354502&doi=10.1016%2fj.dib.2023.109552&partnerID=40&md5=fbbfa9dfde69f2032847ff3dac986cd7,"Instituto de Acústica, Universidad Austral de Chile, General Lagos 2086, Valdivia, Chile","This paper presents the Synthetic Polyphonic Ambient Sound Source (SPASS) dataset, a publicly available synthetic polyphonic audio dataset. SPASS was designed to train deep neural networks effectively for polyphonic sound event detection (PSED) in urban soundscapes. SPASS contains synthetic recordings from five virtual environments: park, square, street, market, and waterfront. The data collection process consisted of the curation of different monophonic sound sources following a hierarchical class taxonomy, the configuration of the virtual environments with the RAVEN software library, the generation of all stimuli, and the processing of this data to create synthetic recordings of polyphonic sound events with their associated metadata. The dataset contains 5000 audio clips per environment, i.e., 25,000 stimuli of 10 s each, virtually recorded at a sampling rate of 44.1 kHz. This effort is part of the project ``Integrated System for the Analysis of Environmental Sound Sources: FuSA System'' in the city of Valdivia, Chile, which aims to develop a system for detecting and classifying environmental sound sources through deep Artificial Neural Network (ANN) models. © 2023",Acoustic virtual reality;Deep learning;Polyphonic sound event detection;Soundscape;Audio acoustics;Deep neural networks;Digital libraries;E-learning;Parks;Virtual reality;Acoustic virtual realities;Ambient sounds;Deep learning;Environmental sounds;Polyphonic sound event detection;Polyphonic sounds;Sound event detection;Sound source;Soundscapes;Urban soundscape;Data handling,Elsevier Inc.,23523409 (ISSN),English,Data Brief,Data paper,Scopus,"Export Date: 14 March 2025; Cited By: 2; Correspondence Address: R. Viveros-Muñoz; Instituto de Acústica, Universidad Austral de Chile, Valdivia, General Lagos 2086, Chile; email: rhoddy.viveros@uach.cl",,,,,,,31,0,14/03/2025 15:41,
144,CONF,"Sudarsono, A.S.;Lam, Y.W.;Davies, W.J.",The validation of acoustic environment simulator to determine the relationship between sound objects and soundscape,2017,Acta Acustica united with Acustica,103,,10.3813/AAA.919094,https://www.scopus.com/inward/record.uri?eid=2-s2.0-85023759711&doi=10.3813%2fAAA.919094&partnerID=40&md5=4c89b2874190fbb7cd5ab5a8d14e7988,"Acoustics Research Centre, University of Salford, Salford, M5 4WT, United Kingdom","An acoustic environment simulator is a system that facilitates acoustic environment composition by controlling the parameters of sound objects (both background and sound events), allowing the user to compose and compare soundscapes against their expectations. By using the acoustic environment simulator, data regarding parameters of sound objects, such as their sound level and selection, can be obtained. Furthermore, these data can be used to understand the relationship between the sound objects and the soundscapes. This paper describes the development and validation of an acoustic environment simulator, which can be used to design a complex acoustic environment in the laboratory according to the expectations of the user. Validation of the simulated soundscape, whether the composed acoustic environment has the same soundscape dimension characteristics as previous insitu and other laboratory experiments, was conducted by reproducing acoustic environment compositions using a two-dimensional ambisonic system in the laboratory. Listener responses on semantic differential scales were reduced to three reliable soundscape dimensions by principal component analysis: Calmness/Relaxation (40%), Dynamics/Vibrancy (12%), and Communication (11%). These three soundscape dimensions are consistent with a previous study conducted in situ. The results reported here indicate that acoustic environment composition can successfully imitate the soundscape dimensions of an actual acoustic environment. © S. Hirzel Verlag · EAA.",Principal component analysis;Semantics;Simulators;Acoustic environment;Laboratory experiments;Semantic differential scale;Sound events;Sound level;Soundscapes;Acoustics,S. Hirzel Verlag GmbH,16101928 (ISSN),English,Acta Acust. United Acust.,Conference paper,Scopus,Export Date: 14 March 2025; Cited By: 25; CODEN: AAACF,4,,657,667,,,144,0,14/03/2025 15:42,
108,JOUR,"Droumeva, M.",The sound of the future: listening as data and the politics of soundscape assessment,2021,Sound Studies,7,,10.1080/20551940.2020.1863121,https://www.scopus.com/inward/record.uri?eid=2-s2.0-85110899067&doi=10.1080%2f20551940.2020.1863121&partnerID=40&md5=7d9aa26b96d40b7dce34cb63e3d863e9,"School of Communication, Simon Fraser University, Vancouver, Canada","This sonic ecology of cities has been highlighted recently by the effects of the global pandemic: fewer cars and people on the road are letting quieter layers of the soundscape to come forward, signalling unequivocally that the urban soundscape is a direct result of anthropocenic activity. This is a time, then, to listen and reflect, and perhaps heed new models for thinking of urban sound. One barrier to such a process is the persistent and entrenched disconnect between soundscape literature, public engagement with sound, and urban planning. By critically surveying literature on soundscape assessment as it intersects with cultural sound studies and acoustic ecology, this paper traces a number of important disciplinary ontologies of everyday listening in cities, ranging from attempts to standardise evaluation metrics and classification of soundscapes, to the emergence of subjective listening studies. More recently a ‘digital commons’ approach to civic engagement has led to crowdsourcing sonic experiences, soundmapping, and, at the infrastructural level–networked monitoring of noise levels. These rhetorical and practical developments fit within important contemporary conversations in critical data and algorithm studies and as such require a critical excavation of underlying values and conceptions of listening. © 2021 Informa UK Limited, trading as Taylor & Francis Group.",algorithmic governance;cities;database;digital commons;listening;soundmaps;Soundscape;soundscape assessment;urban sound,UBM Exhibition Singapore PTE LTD,20551940 (ISSN),English,Sound Stud.,Article,Scopus,"Export Date: 14 March 2025; Cited By: 3; Correspondence Address: M. Droumeva; School of Communication, Simon Fraser University, Vancouver, Canada; email: mvdroume@sfu.ca",2,,225,241,,,108,0,14/03/2025 15:42,
129,CHAP,"Tsingos, N.",Object-based audio,2017,Immersive Sound: The Art and Science of Binaural and Multi-Channel Audio,,,10.4324/9781315707525,https://www.scopus.com/inward/record.uri?eid=2-s2.0-85050187781&doi=10.4324%2f9781315707525&partnerID=40&md5=214b8d958ee1f52ccc4cc5c7f51ed1b9,"Dolby Laboratories, United States","Audio content production or interactive rendering is traditionally based on the manipulation of sound objects. We define sound objects as audio waveforms (audio elements) and associated parameters (metadata) that embody the artistic intent by specifying the translation from the audio elements to loudspeaker signals. Sound objects generally use monophonic audio tracks that have been recorded or synthesized through a process of sound design. These sound elements can be further manipulated, e.g., in a digital audio workstation (DAW), so as to be positioned in a horizontal plane around the listener, or in more recent systems in full three-dimensional (3D) space (see Chapter 6), using positional metadata. An audio object can therefore be thought of as a “track” in a DAW. Similarly, interactive audio engines found in video games or simulators are also manipulating sound objects-generally point source emitters-as the building blocks for complex dynamic soundscapes. In this case, they can incorporate very rich sets of metadata determining their behavior. © 2018 Taylor & Francis.",,Taylor and Francis,978-131748011-2 (ISBN); 978-113890000-4 (ISBN),English,Immersive Sound: The Art and Science of Binaural and Multi-Channel Audio,Book chapter,Scopus,Export Date: 14 March 2025; Cited By: 6,,,244,275,,,129,0,14/03/2025 15:42,
147,CONF,"Shah, M.A.;Harras, K.A.;Raj, B.",Sherlock: A crowd-sourced system for automatic tagging of indoor floor plans,2020,"Proceedings - 2020 IEEE 17th International Conference on Mobile Ad Hoc and Smart Systems, MASS 2020",,9356066,10.1109/MASS50613.2020.00078,https://www.scopus.com/inward/record.uri?eid=2-s2.0-85102182572&doi=10.1109%2fMASS50613.2020.00078&partnerID=40&md5=1c1b26c820f1b0578c370eb3455a3ff0,"Carnegie Mellon University, United States","Having knowledge of the users' indoor location and the semantics of their environment can facilitate the development of many indoor context-aware applications. For such applications, an accurate indoor map is often needed. While current techniques are capable of producing such maps, these maps are not labeled and hence are of limited utility for many applications. To address this shortcoming, we propose Sherlock, a crowdsourced system for automatically tagging indoor floor plans. Sherlock leverages the myriad of sensors embedded in modern smartphones to intelligently gather audio and visual data, and upload it to the Sherlock Server. At the Sherlock Server, acoustic monitoring and object recognition techniques are used to classify these data samples. The classification scores of current and past samples are then aggregated in a probabilistic framework to determine the confidence with which we can apply as label to a given space. We evaluate Sherlock on a dataset of more than 11, 000 audio recordings and 1, 200 images, that we collected in three different university campuses. In our evaluation, the confidence for the true label generally outstripped the confidence for all other labels and, in some cases, even reached as high as 100% with as little as 30 data samples. © 2020 IEEE.",Acoustic Monitoring;Indoor Mapping;Semantic Labeling;Floors;Object recognition;Semantics;Acoustic monitoring;Automatic tagging;Context aware applications;Crowdsourced systems;Indoor locations;Probabilistic framework;University campus;Visual data;Crowdsourcing,Institute of Electrical and Electronics Engineers Inc.,978-172819866-8 (ISBN),English,"Proc. - IEEE Int. Conf. Mob. Ad Hoc Smart Syst., MASS",Conference paper,Scopus,Export Date: 14 March 2025; Cited By: 6,,,594,602,,,147,0,14/03/2025 15:42,
91,JOUR,"Duong, L.;White, R.;Dabbert, B.;Sari-Sarraf, H.",A complete framework for hyperbolic acoustic localization with application to northern bobwhite covey calls,2024,Ecological Informatics,84,102871,10.1016/j.ecoinf.2024.102871,https://www.scopus.com/inward/record.uri?eid=2-s2.0-85207814506&doi=10.1016%2fj.ecoinf.2024.102871&partnerID=40&md5=0732403dca4b8419b78e03bea2dee407,"Texas Tech University, Lubbock, TX, United States","Passive monitoring of wildlife has proven to be a highly effective tool in management and conservation. This work describes an end-to-end system for acoustic localization within the context of a specific use case. The system is described in terms of its constituent modules and the functionality of each module, as it relates to the use case of Northern bobwhite (Colinus virginianus) localization, is detailed. First, we address the field deployment of acoustic recorders in terms of optimal configuration, spacing, and number in a manner that is at once utilitarian and mathematically rigorous. Then, we propose novel methods used to automatically detect the calls from recordings, match the detected calls across recordings, and calculate the time difference of arrivals (TDOAs). Finally, a new hyperbolic localization approach is presented that uses the TDOAs to estimate the position of the calls. Each module is formulated within a theoretical framework, implemented numerically in an efficient manner, and shown to compare favorably against existing methods. Moreover, the performance of the complete system is evaluated using field recorded data and the impact of environmental factors such as field relief, vegetation features, and wind speed are illustrated and discussed. We assert and demonstrate that the factor with the most immediate and profound impact on advancing the state of the art in acoustic monitoring of wildlife is open access to high-volume, diverse field data that is accompanied by high-quality ground truth. © 2024",Acoustic monitoring;Autonomous recording units;Deep learning;Hyperbolic localization;Northern bobwhite;acoustics;environmental factor;machine learning;monitoring system;wind velocity,Elsevier B.V.,15749541 (ISSN),English,Ecol. Informatics,Article,Scopus,"Export Date: 14 March 2025; Cited By: 1; Correspondence Address: L. Duong; Texas Tech University, Lubbock, United States; email: dnl2kclone1@gmail.com",,,,,,,91,0,14/03/2025 15:44,
85,JOUR,"Lennox, R.J.;Whoriskey, F.G.;Verhelst, P.;Vandergoot, C.S.;Soria, M.;Reubens, J.;Rechisky, E.L.;Power, M.;Murray, T.;Mulder, I.;Markham, J.L.;Lowerre-Barbieri, S.K.;Lindley, S.T.;Knott, N.A.;Kessel, S.T.;Iverson, S.;Huveneers, C.;Heidemeyer, M.;Harcourt, R.;Griffin, L.P.;Friess, C.;Filous, A.;Fetterplace, L.C.;Danylchuk, A.J.;Daly, R.;Cowley, P.;Cooke, S.J.;Chávez, E.J.;Blaison, A.;Whoriskey, K.","Globally coordinated acoustic aquatic animal tracking reveals unexpected, ecologically important movements across oceans, lakes and rivers",2024,Ecography,2024,e06801,10.1111/ecog.06801,https://www.scopus.com/inward/record.uri?eid=2-s2.0-85175809469&doi=10.1111%2fecog.06801&partnerID=40&md5=5b47409b20a7f80a10ad4ab413ae52ff,"Laboratory of Freshwater Ecology and Inland Fisheries at NORCE Norwegian Research Centre, Bergen, Nygardsgaten, Norway","Acoustic telemetry is a popular approach used to track many different aquatic animal taxa in marine and freshwater systems. However, information derived from focal studies is typically resource- and geography-limited by the extent and placement of acoustic receivers. Even so, animals tagged and tracked in one region or study may be detected unexpectedly at distant locations by other researchers using compatible equipment, who ideally share that information. Synergies through national and global acoustic tracking networks are facilitating significant discoveries and unexpected observations that yield novel insight into the movement ecology and habitat use of wild animals. Here, we present a selection of case studies that highlight unexpected tracking observations or absence of observations where we expected to find animals in aquatic systems around the globe. These examples span freshwater and marine systems across spatiotemporal scales ranging from adjacent watersheds to distant ocean regions. These unexpected movements showcase the power of collaborative telemetry networks and serendipitous observations. Unique and unexpected observations such as those presented here can capture the imagination of both researchers and members of the public, and improve understanding of movement and connectivity within aquatic ecosystems. © 2023 The Authors. Ecography published by John Wiley & Sons Ltd on behalf of Nordic Society Oikos.",acoustic telemetry;biologging;biotelemetry;conservation;data sharing;ecology;Ocean Tracking Network;aquatic environment;bioacoustics;biotelemetry;connectivity;conservation management;ecology;movement;ocean;tracking,John Wiley and Sons Inc,09067590 (ISSN),English,Ecography,Review,Scopus,"Export Date: 14 March 2025; Cited By: 7; Correspondence Address: R.J. Lennox; Laboratory of Freshwater Ecology and Inland Fisheries at NORCE Norwegian Research Centre, Nygardsgaten, Bergen, Norway; email: lennox@dal.ca; CODEN: ECOGE",1,,,,,,85,0,14/03/2025 15:44,
81,JOUR,"Zhang, Y.;McGill, P.R.;Ryan, J.P.",Optimized design of windowed-sinc anti-aliasing filters for phase-preserving decimation of hydrophone data,2022,Journal of the Acoustical Society of America,151,,10.1121/10.0009823,https://www.scopus.com/inward/record.uri?eid=2-s2.0-85127505575&doi=10.1121%2f10.0009823&partnerID=40&md5=a8de7be4814232ea44134a39ad8eab74,"Monterey Bay Aquarium Research Institute, Moss Landing, 95039, CA, United States","Passive acoustic monitoring generates large data sets for which decimation is beneficial to analysis and portability for data sharing. Among the goals for effective decimation are avoidance of aliasing in the passband, accurate and complete control of the attenuation profile, phase preservation, and high efficiency in processing. We present an approach to decimator design that addresses each of these goals, and we demonstrate its application to ocean audio recordings. Anti-aliasing is achieved by windowed-sinc filters that also preserve phase. Control of the passband attenuation profile is based on the specification of the maximum allowed attenuation at a certain percentage of the final output Nyquist frequency. The window type is selected to meet the stopband attenuation requirement. Efficiency is achieved through optimization of the anti-aliasing filters applied in each decimation stage, and through parallelization of processing. The best combination of the sinc function's cutoff frequency and the mainlobe bandwidth of the window function generates the shortest qualifying filter, optimizing the trade-off between filter performance and computational load. Parallelization is enabled by applying the overlap-add method to contiguous segments of audio data, consistent with the commonly used storage of contiguous audio data in files of limited duration. Beyond addressing common goals for effective decimation of audio data, the approach presented is deployable in open-source environments.  © 2022 Author(s).",Anti-aliasing;Digital storage;Economic and social effects;Efficiency;Aliasing;Antialiasing filters;Audio data;Data Sharing;Hydrophone data;Large datasets;Optimized designs;Parallelizations;Pass bands;Passive acoustic monitoring;Cutoff frequency,Acoustical Society of America,00014966 (ISSN),English,J. Acoust. Soc. Am.,Article,Scopus,"Export Date: 14 March 2025; Cited By: 5; Correspondence Address: Y. Zhang; Monterey Bay Aquarium Research Institute, Moss Landing, 95039, United States; email: yzhang@mbari.org; CODEN: JASMA",3,35364936,2077,2084,,,81,0,14/03/2025 15:44,
124,CONF,"Wu, H.;Li, M.",Construction and improvements of bird songs' classification system,2018,CEUR Workshop Proceedings,2125,,,https://www.scopus.com/inward/record.uri?eid=2-s2.0-85051087834&partnerID=40&md5=53e97a5d512f5b28d284998bcc8d980d,"Sun Yat-sen University, China","Detection of bird species with bird songs is a challenging and meaningful task. Two scenarios are presented in BirdCLEF challenge this year, which are monophone and soundscape. We trained convolutional neural network with both spectrograms extracted from recordings and additionally provided metadata. Focusing on the soundscape situation, we applied bird event detection to reduce false alarm. Besides, we rescored the retrievals using masks which are designed for all species being identified. In addition, context information was also taken into consideration in our system. Our system was evaluated in BirdCLEF 2018 and we achieved an official mean average precision (MAP) score of 0.6548 for monophone classification without background bird songs and 0.5882 for identification with background bird songs. For soundscape, we achieved 0.1196 in classification mean average precision (C-MAP).",Bird song;Convolutional neural network;Sound detection;Convolution;Neural networks;Bird species;Classification system;Context information;Convolutional neural network;Event detection;False alarms;Sound detection;Spectrograms;Birds,CEUR-WS,16130073 (ISSN),English,CEUR Workshop Proc.,Conference paper,Scopus,Export Date: 14 March 2025; Cited By: 1,,,,,"Ferro N.;University of Padua, Department of Information Engineering (DEI), Via Gradenigo 6/B, Padova;Nie J.-Y.;Soulier L.;Soulier L.;Cappellato L.;University of Padua, Department of Information Engineering (DEI), Via Gradenigo 6/B, Padova",,124,0,14/03/2025 15:44,
140,JOUR,"Kendall, M.S.;Siceloff, L.;Winship, A.;Monaco, M.E.",Determining conservation potential of an opportunistically defined MPA boundary using fish telemetry,2017,Biological Conservation,211,,10.1016/j.biocon.2017.05.010,https://www.scopus.com/inward/record.uri?eid=2-s2.0-85019069052&doi=10.1016%2fj.biocon.2017.05.010&partnerID=40&md5=66a5667bb4e090a02b64dff14e4aeaf0,"NOAA/NOS/NCCOS/CCMA/Biogeography Branch, 1305 East West Highway, Silver Spring, 20910, MD, United States","Marine protected areas (MPA) that are created opportunistically must be evaluated in an ecological context to ensure that conservation goals and societal expectations are achievable. This study used acoustic telemetry to investigate movements of reef fish relative to the boundary of the Virgin Islands Coral Reef National Monument (VICRNM) in Coral Bay, U.S. Virgin Islands. Although created to enhance ecosystem protection, VICRNM boundaries were established purely on the basis of adjacency to public versus privately owned lands. Transmitters were implanted into a diversity of reef fish species representative of the local community whose movements were logged for one year on an array of acoustic-receivers that were positioned within, outside, and along the MPA boundary. Results indicate that the boundary has coincidentally aligned with a deep sandy area that does not cross through continuous reef or mangrove habitat. This acted as a natural barrier to movements of species such as Lutjanus griseus, Epinephelus guttatus, Cephalopholus cruentatus, Holocentrus rufus, and Sparisoma aurofrenatum. Other species were more mobile and were routinely detected outside VICRNM, especially at night, such as L. synagris, Haemulon plumierii, and H. sciurus. In addition to fish movements in relation to the VICRNM boundary, network analysis revealed several hotspots of concentrated fish activity including a reef promontory and bay mouths. Investment in enforcement of existing regulations to protect fish is warranted to realize the full potential of this MPA. Using these types of data, management actions in this and other MPAs can be focused on those species and locations that would experience the greatest benefit. © 2017",Acoustic telemetry;Diel migrations;Marine reserve;MPA efficacy;Network analysis;Leeward Islands [Lesser Antilles];Virgin Islands;Virgin Islands (U.S.);Anthozoa;Epinephelus guttatus;Haemulon plumierii;Holocentrus rufus;Lutjanus griseus;Sparisoma aurofrenatum;bioacoustics;biotelemetry;conservation status;coral reef;diel migration;ecosystem management;mangrove;marine park;network analysis;perciform;protected area;regulatory approach;species diversity,Elsevier Ltd,00063207 (ISSN),English,Biol. Conserv.,Article,Scopus,"Export Date: 14 March 2025; Cited By: 9; Correspondence Address: M.S. Kendall; Silver Spring, 305 East West Highway, SSMC4, Rm 9124, United States; email: matt.kendall@noaa.gov; CODEN: BICOB",,,37,46,,,140,0,14/03/2025 15:45,
121,JOUR,"Wang, C.-M.;Chien, K.-H.","Mapping the subaquatic animals in the Aquatocene: Offshore wind power, the materialities of the sea and animal soundscapes",2020,Political Geography,83,102285,10.1016/j.polgeo.2020.102285,https://www.scopus.com/inward/record.uri?eid=2-s2.0-85091669155&doi=10.1016%2fj.polgeo.2020.102285&partnerID=40&md5=57069713631bf8eb33b3ca01575fc5b5,"Department of Bio-Industry Communication and Development, National Taiwan University, No 1 Sec. 4 Roosevelt Rd., Taipei, 10617, Taiwan","This paper examines the controversy around marine animal management in Taiwan Strait, where the sea has been territorialized by offshore wind power developers. Concerns have been focused on the impacts of pile-driving noise on the Taiwanese white dolphin which is on the IUCN list of extremely endangered species. To deal with the problem, both state and developers have been involved in volumetric practices which attempt to render the marine mammals knowable, and in turn, governable. While recent work on volumetric thinking has revealed that power is exercised through volume, we contend that insufficient attention has been given to those lively ‘non-human’ subjects living in the volumetric spaces. Inspired by recent scholarship on animal atmospheres and the wet ontologies, we argue that marine animals are sentient beings that cannot be known, or mapped, by the state-corporate volumetric practices which are mainly based on scientific experiments, conducted in isolated social contexts. To illustrate this, we draw on assemblage thinking and develop the idea of marine animal soundscapes. We suggest that marine animal soundscapes exist only through the embodied experience of a sensory, marine animal body, which is able to affect, and learn to be affected by, others, through non-linguistic ‘signs’, such as sound. We maintain that animal soundscapes are shaped by social, ecological and material circumstances, of which, the materialities of the sea, such as its liquidity, rapidity and fluidity, are of great importance. With an emphasis on the subaquatic animal soundscapes, our approach intends to extend social relationality to non-humans and calls for an ontology, distinct from the one with which existing volumetric analysts work. © 2020 Elsevier Ltd",Aquatocene;Marine animal soundscapes;Offshore wind power;Sea;Volume;Taiwan Strait;Animalia;Mammalia;alternative energy;local government;marine mammal;offshore structure;Red List;renewable resource;wind power,Elsevier Ltd,09626298 (ISSN),English,Polit. Geogr.,Article,Scopus,"Export Date: 14 March 2025; Cited By: 14; Correspondence Address: K.-H. Chien; Institute of Technology Management, National Tsing Hua University, Hsinchu, No 101 Section 2 Kuang-Fu Road, 300044, Taiwan; email: kerhsuanchien@gmail.com",,,,,,,121,0,21/03/2025 09:46,
135,JOUR,"Stamatiadou, M.E.;Thoidis, I.;Dimoulas, C.;Vryzas, N.;Vrysis, L.",Semantic crowdsourcing of soundscapes heritage: A mojo model for data-driven storytelling,2021,Sustainability (Switzerland),13,2714,10.3390/su13052714,https://www.scopus.com/inward/record.uri?eid=2-s2.0-85102522339&doi=10.3390%2fsu13052714&partnerID=40&md5=4be4723f529ef8ecf13cfa3fea4fb18c,"Multidisciplinary Media & Mediated Communication Research Group (M3C), Aristotle University, Thessaloniki, 54636, Greece","The current paper focuses on the development of an enhanced Mobile Journalism (MoJo) model for soundscape heritage crowdsourcing, data-driven storytelling, and management in the era of big data and the semantic web. Soundscapes and environmental sound semantics have a great impact on cultural heritage, also affecting the quality of human life, from multiple perspectives. In this view, context-and location-aware mobile services can be combined with state-of-the-art machine and deep learning approaches to offer multilevel semantic analysis monitoring of sound-related heritage. The targeted utilities can offer new insights toward sustainable growth of both urban and rural areas. Much emphasis is also put on the multimodal preservation and auralization of special soundscape areas and open ancient theaters with remarkable acoustic behavior, representing important cultural artifacts. For this purpose, a pervasive computing architecture is deployed and investigated, utilizing both client-and cloud-wise semantic analysis services, to implement and evaluate the envisioned MoJo methodology. Elaborating on previous/baseline MoJo tools, research hypotheses and questions are stated and put to test as part of the human-centered application design and development process. In this setting, primary algorithmic backend services on sound semantics are implemented and thoroughly validated, providing a convincing proof of concept of the proposed model. © 2021 by the authors. Licensee MDPI, Basel, Switzerland.",Audiovisual heritage;Content crowdsourcing;Cultural heritage;Data-driven storytelling;Heritage management;Semantic audio;Soundscapes;algorithm;crowdsourcing;cultural heritage;design;learning;model validation;research work,MDPI AG,20711050 (ISSN),English,Sustainability,Article,Scopus,"Export Date: 14 March 2025; Cited By: 13; Correspondence Address: M.E. Stamatiadou; Multidisciplinary Media & Mediated Communication Research Group (M3C), Aristotle University, Thessaloniki, 54636, Greece; email: mstamat@auth.gr; C. Dimoulas; Multidisciplinary Media & Mediated Communication Research Group (M3C), Aristotle University, Thessaloniki, 54636, Greece; email: babis@eng.auth.gr",5,,1,19,,,135,0,21/03/2025 09:47,
209,CONF,,"4th International Workshop on Wearable and Implantable Body Sensor Networks, BSN 2007",2007,IFMBE Proceedings,13,,,https://www.scopus.com/inward/record.uri?eid=2-s2.0-84885063409&partnerID=40&md5=d25e75cdbe53819b9e6149114b5e0ae4,,The proceedings contain 47 papers. The special focus in this conference is on Wearable and Implantable Body Sensor Networks. The topics include: Modelling and characterisation of a compact sensor antenna for healthcare applications; low energy on-body communication for BSN; bioimpedance spectroscopy with textile electrodes for a continuous monitoring application; contactless EMG sensors embroidered onto textile; bio-sensing textiles - wearable chemical biosensors for health monitoring; in-body wireless communication made real; realizing a phone-centric body sensor network; a low power compression processor for body sensor network system; path loss for short range telemetry; acoustic monitoring of lung sounds for the detection of one lung intubation; automatic step detection in the accelerometer signal; EMFi in wearable audio applications; policy-based management for body-sensor networks; the development of an in-vivo active pressure monitoring system; optimizing on-chip piezoelectric energy scavenging for integration of medical sensors with low-power wireless electronics; a smart phone-based personal area network for remote monitoring of biosignals; real-time pervasive monitoring for postoperative care; embedded real-time heart variability analysis; behaviour profiling with ambient and wearable sensing; role of signal processing in wearable devices; evaluation of a wireless pulse oximetry monitoring system in infants; electrochemical noise properties of different electrode materials in different electrolytes; smart textiles for automotive; celeritas - a wearable sensor system for interactive digital dance theatre; medical sensors of the BASUMA body sensor network; reflective photoplethysmograph earpiece sensor for ubiquitous heart rate monitoring; multi-axis inertial measurement units measuring human posture and motion; a system for wearable monitoring of seated posture in computer users; physical activity monitoring for assisted living at home; approximate data collection using resolution control based on context; recognizing soldier activities in the field; probabilistic parsing of dietary activity events; an all-detailed architecture of a RF wireless transmitter; towards plug-and-play interoperability for wireless personal telehealth systems; healthy aims overview and minimizing thermal effects of in vivo body sensors.,,,16800737 (ISSN); 978-354070993-0 (ISBN),English,IFMBE Proc.,Conference review,Scopus,Export Date: 14 March 2025; Cited By: 0,,,,,,,209,0,21/03/2025 09:47,
133,JOUR,"Bruce, B.D.;Harasti, D.;Lee, K.;Gallen, C.;Bradford, R.",Broad-scale movements of juvenile white sharks Carcharodon carcharias in eastern Australia from acoustic and satellite telemetry,2019,Marine Ecology Progress Series,619,,10.3354/meps12969,https://www.scopus.com/inward/record.uri?eid=2-s2.0-85066784869&doi=10.3354%2fmeps12969&partnerID=40&md5=0181f669c5f02584c9b23e3bd015ef16,"CSIRO Oceans and Atmosphere, Hobart, 7004, TAS, Australia","The advent of electronic tagging has seen vast advances in our understanding of marine top-order predator movements over broad spatial scales. However, most studies are restricted to short temporal scales. We examined movements of 43 juvenile white sharks Carcharodon carcharias (1.7−3.2 m total length) in eastern Australia via satellite-linked radio tags (SLRTs) and internally implanted long-life acoustic tags, the latter monitored by receiver arrays spanning a continental scale and across international boundaries. Although SLRT data were restricted to less than 2 yr, the study registered approximately 182 000 detections of acoustic-tagged white sharks on 287 receivers over 7 yr, with individual tracking periods of up to 5 yr. Data reveal complex movement patterns over distances of thousands of kilometres and 13° of latitude, with sharks ranging from the southern Great Barrier Reef, Queensland, to Tasmania and across the Tasman Sea to New Zealand. Sharks showed a variety of movement patterns, including annual fidelity to spatially restricted nursery areas, directed seasonal coastal movements, intermittent areas of temporary nearshore residency and offshore excursions into the Tasman Sea. Movements east to west through Bass Strait were restricted, further supporting the 2-population model for the species in Australian waters. The latitudinal range of movements increased with years at liberty, and female sharks were more commonly encountered than males in nearshore waters. Long-term monitoring of acoustic-tagged sharks via data sharing through collaborative national and international receiver arrays offers future promise to examine movements over periods relevant to ontogenetic changes and at scales providing context to interannual variability. © The authors 2019.",Australia’s integrated marine observing system;IMOS;Migration;Nursery area;Australia;Bass Strait;Coral Sea;Great Barrier Reef;Pacific Ocean;Queensland;Queensland;Tasman Sea;Carcharodon carcharias;Chondrichthyes;bioacoustics;biomonitoring;biotelemetry;juvenile;movement;nearshore environment;nursery ground;observational method;population migration;population modeling;predator;shark,Inter-Research,01718630 (ISSN),English,Mar. Ecol. Prog. Ser.,Article,Scopus,"Export Date: 14 March 2025; Cited By: 42; Correspondence Address: R. Bradford; CSIRO Oceans and Atmosphere, Hobart, 7004, Australia; email: russ.bradford@csiro.au; CODEN: MESED",,,1,15,,,133,0,21/03/2025 09:48,
164,CONF,"Ludovico, L.A.;Ntalampiras, S.;Presti, G.;Cannas, S.;Battini, M.;Mattiello, S.",CatMeows: A Publicly-Available Dataset of Cat Vocalizations,2021,Lecture Notes in Computer Science (including subseries Lecture Notes in Artificial Intelligence and Lecture Notes in Bioinformatics),12573 LNCS,,10.1007/978-3-030-67835-7_20,https://www.scopus.com/inward/record.uri?eid=2-s2.0-85101620130&doi=10.1007%2f978-3-030-67835-7_20&partnerID=40&md5=515f46585163848a7865a964f7880d5c,"Department of Computer Science, University of Milan, Milan, Italy","This work presents a dataset of cat vocalizations focusing on the meows emitted in three different contexts: brushing, isolation in an unfamiliar environment, and waiting for food. The dataset contains vocalizations produced by 21 cats belonging to two breeds, namely Maine Coon and European Shorthair. Sounds have been recorded using low-cost devices easily available on the marketplace, and the data acquired are representative of real-world cases both in terms of audio quality and acoustic conditions. The dataset is open-access, released under Creative Commons Attribution 4.0 International licence, and it can be retrieved from the Zenodo web repository. © 2021, Springer Nature Switzerland AG.",Audio dataset;Audio signal processing;Bioacoustics;Cat vocalizations;Meows;Artificial intelligence;Computer science;Computers;Acoustic conditions;Audio quality;Creative Commons;Low-cost devices;Real-world;Web repositories;Audio acoustics,Springer Science and Business Media Deutschland GmbH,03029743 (ISSN); 978-303067834-0 (ISBN),English,Lect. Notes Comput. Sci.,Conference paper,Scopus,"Export Date: 14 March 2025; Cited By: 3; Correspondence Address: L.A. Ludovico; Department of Computer Science, University of Milan, Milan, Italy; email: luca.ludovico@unimi.it",,,230,243,Lokoc J.;Skopal T.;Schoeffmann K.;Mezaris V.;Li X.;Vrochidis S.;Patras I.,,164,0,21/03/2025 09:48,
2,JOUR,"Brower, A.;Ferguson, M.;Clarke, J.;Fujioka, E.;DeLand, S.",Biologically Important Areas II for cetaceans within U.S. and adjacent waters – Aleutian Islands and Bering Sea Region,2022,Frontiers in Marine Science,9,1055398,10.3389/fmars.2022.1055398,https://www.scopus.com/inward/record.uri?eid=2-s2.0-85144307851&doi=10.3389%2ffmars.2022.1055398&partnerID=40&md5=8c1c1ad7bd6a7dc4a86cabff4851522b,"Cooperative Institute for Climate, Ocean, and Ecosystem Studies, University of Washington, Seattle, WA, United States","We delineated and scored Biologically Important Areas (BIAs) for cetaceans in the Aleutian Islands and Bering Sea region. BIAs represent areas and times in which cetaceans are known to concentrate for activities related to reproduction, feeding, and migration, and also the known ranges of small and resident populations. This effort, the second led by the National Oceanic and Atmospheric Administration (NOAA), uses structured elicitation principles to build upon the first version of NOAA’s BIAs (BIA I) for cetaceans. Supporting evidence for BIA II came from aerial-, land-, and vessel-based surveys; satellite-tagging data; passive acoustic monitoring; Indigenous knowledge; photo-identification data; whaling data, including stomach and fecal contents; prey studies; and genetics. In addition to narratives, maps, and metadata tables, the BIA II products incorporate a scoring and labeling system, which will improve their utility and interpretability. BIAs are compilations of the best available science and have no inherent regulatory authority. They have been used by NOAA, other federal agencies, and the public to support planning and marine mammal impact assessments, and to inform the development of conservation measures for cetaceans. In the Aleutian Islands and Bering Sea region, a total of 19 BIAs were identified, delineated, and scored for seven species, including bowhead, North Pacific right, gray, humpback, fin, and sperm whales, and belugas. These include one hierarchical BIA for belugas that consists of one localized “child” BIA within an overarching “parent” BIA. There were 15 feeding, 3 migratory, and 1 small and resident population BIAs; no reproductive BIAs were identified. In some instances, information existed about a species’ use of a particular area and time, but the information was insufficient to confidently delineate the candidate BIA; in those cases, the candidate BIA was added to a watch list. A total of 22 watch list areas were identified and delineated for 10 species, including all species mentioned above and minke whales, harbor porpoises, and Dall’s porpoises. There were 15 feeding, 4 migratory, 2 reproductive, and 1 small and resident population watch list areas. Some BIAs and watch list areas were transboundary between the Aleutian Islands and Bering Sea region and the Arctic region. Copyright © 2022 Brower, Ferguson, Clarke, Fujioka and DeLand.",Alaska;Aleutian Islands;Bering Sea;cetaceans;feeding area;migratory corridor;small and resident population,Frontiers Media S.A.,22967745 (ISSN),English,Front. Mar. Sci.,Article,Scopus,"Export Date: 14 March 2025; Cited By: 2; Correspondence Address: A. Brower; Cooperative Institute for Climate, Ocean, and Ecosystem Studies, University of Washington, Seattle, United States; email: amelia.brower@noaa.gov",,,,,,,2,0,21/03/2025 09:48,
53,JOUR,"Suhanek, M.;Petosic, A.;Djurek, I.;Slabbekoorn, H.",Exploring the Influence of Avian Vocal Presence on Appraisal of Urban Soundscapes,2024,Applied Sciences (Switzerland),14,11124,10.3390/app142311124,https://www.scopus.com/inward/record.uri?eid=2-s2.0-85211959492&doi=10.3390%2fapp142311124&partnerID=40&md5=2d12e22df0d586d0bc7b3ff9c494b60f,"Faculty of Electrical Engineering and Computing, University of Zagreb, Zagreb, 10000, Croatia","In this paper, six different acoustic environments with different loudness and sharpness levels were reproduced to two groups of listeners—control and experimental. The difference between the groups was achieved by adding different melodious singing bird sounds to the original recording of a children’s park. Therefore, the recording of the children’s park represents the recording listened to by the control group, while the experimental groups listened to the recordings of a children’s park mixed with different types of bird species. The questionnaire used in this research relies on the semantic differential method implemented by defining bipolar adjective pairs, which are selected in a way that they can significantly describe an auditory and emotional human response to a certain soundscape recording. In analyzing the results, psychological research methodology was used to determine the statistical significance of obtained human feedback, which enabled us to evaluate different acoustic environments appropriately. The calculation and correlation between the objective acoustic parameters (loudness, sharpness, roughness, and fluctuation strength) and subjective questionnaire parameters were carried out. The aim of this paper was to investigate the influence of different singing bird species, which are typical for Eastern Europe in terms of human appraisal and overall well-being, especially for participants residing in urban areas where the decline of biodiversity is already present. The results of this type of study could serve as a guideline for restoring and recovering biodiversity in urban areas across Europe; furthermore, it could benefit residents’ mood and overall health. © 2024 by the authors.",acoustic modelling;biodiversity;bipolar adjective pairs;human well-being;listeners’ perception;noise management;questionnaire;soundscape;Abiotic;Acoustic Modeling;Background noise;Biodiversity;Semantics;Sound recording;Acoustic environment;Acoustics model;Bipolar adjective pair;Bird species;Human well-being;Listener’ perception;Noise management;Questionnaire;Soundscapes;Well being;Birds,Multidisciplinary Digital Publishing Institute (MDPI),20763417 (ISSN),English,Appl. Sci.,Article,Scopus,"Export Date: 14 March 2025; Cited By: 0; Correspondence Address: M. Suhanek; Faculty of Electrical Engineering and Computing, University of Zagreb, Zagreb, 10000, Croatia; email: mia.suhanek@fer.hr",23,,,,,,53,0,21/03/2025 09:48,
11,JOUR,"Osborne, P.E.;Alvares-Sanches, T.;White, P.R.",To Bag or Not to Bag? How AudioMoth-Based Passive Acoustic Monitoring Is Impacted by Protective Coverings,2023,Sensors,23,7287,10.3390/s23167287,https://www.scopus.com/inward/record.uri?eid=2-s2.0-85168740548&doi=10.3390%2fs23167287&partnerID=40&md5=ae1a11f6d3365d29333b090ed8664d5e,"School of Geography and Environmental Science, Faculty of Environmental and Life Sciences, University of Southampton, Southampton, SO17 1BJ, United Kingdom","Bare board AudioMoth recorders offer a low-cost, open-source solution to passive acoustic monitoring (PAM) but need protecting in an enclosure. We were concerned that the choice of enclosure may alter the spectral characteristics of recordings. We focus on polythene bags as the simplest enclosure and assess how their use affects acoustic metrics. Using an anechoic chamber, a series of pure sinusoidal tones from 100 Hz to 20 kHz were recorded on 10 AudioMoth devices and a calibrated Class 1 sound level meter. The recordings were made on bare board AudioMoth devices, as well as after covering them with different bags. Linear phase finite impulse response filters were designed to replicate the frequency response functions between the incident pressure wave and the recorded signals. We applied these filters to ~1000 sound recordings to assess the effects of the AudioMoth and the bags on 19 acoustic metrics. While bare board AudioMoth showed very consistent spectral responses with accentuation in the higher frequencies, bag enclosures led to significant and erratic attenuation inconsistent between frequencies. Few acoustic metrics were insensitive to this uncertainty, rendering index comparisons unreliable. Biases due to enclosures on PAM devices may need to be considered when choosing appropriate acoustic indices for ecological studies. Archived recordings without adequate metadata may potentially produce biased acoustic index values and should be treated cautiously. © 2023 by the authors.",acoustic indices;acoustic metrics;AudioMoth;calibration;frequency response;passive acoustic monitoring;Enclosures;Impulse response;Acoustic index;Acoustic metrics;Audiomoth;Bare boards;Low-costs;Open-source solutions;Passive acoustic monitoring;Polythene bags;Simple++;Spectral characteristics;Frequency response,Multidisciplinary Digital Publishing Institute (MDPI),14248220 (ISSN),English,Sensors,Article,Scopus,"Export Date: 14 March 2025; Cited By: 6; Correspondence Address: P.E. Osborne; School of Geography and Environmental Science, Faculty of Environmental and Life Sciences, University of Southampton, Southampton, SO17 1BJ, United Kingdom; email: peo1@soton.ac.uk",16,37631823,,,,,11,0,21/03/2025 09:48,
117,CONF,"West, R.;Johnson, V.;Yeh, I.C.;Thomas, Z.;Tarlton, M.;Mendelowitz, E.",Experiencing a slice of the sky: Immersive rendering and sonification of antarctic astronomy data,2018,IS and T International Symposium on Electronic Imaging Science and Technology,,,10.2352/ISSN.2470-1173.2018.03.ERVR-449,https://www.scopus.com/inward/record.uri?eid=2-s2.0-85055758117&doi=10.2352%2fISSN.2470-1173.2018.03.ERVR-449&partnerID=40&md5=f1cb0ed90d9c044667b45eb1b84b273f,"University of North Texas, Denton, TX, United States","We are creating INSTRUMENT: One Antarctic Night, a performative, multi-participant, and reconfigurable virtual reality artwork. We describe development of a large scale immersive star field from data collected by the AST3 (Antarctic Survey Telescope) robotic telescopes at Dome A of 817,373 astronomical objects from within the Large Magellanic Cloud within a game-engine based virtual environment. Real-time database queries, selections, and filtering operations enable participants to collaboratively interact with the star field to create dataremixes from astronomical data. Additionally, they facilitate collaborative creation of a soundscape via ambisonic audio spatialization and interactive sonification of the data utilizing data-driven granular synthesis. We evaluate the scalability of our approach and demonstrate that it maintains interactive frame rates at datasets with millions of astronomical objects, with each object being both individually manipulable or selectable and manipulable within subsets. Our user interface/interaction prototypes include a controller-attached UI and a wave/ripple based interaction where users grab hold of the star field and propagate waves and ripples throughout the virtual world. Our work arises from the art-science practice of dataremix: the appropriation and recombination (remixing) of data in any and all states along the continuum of its transformation from raw to processed to create new meaning. © 2018, Society for Imaging Science and Technology.",Query languages;Stars;Telescopes;User interfaces;Virtual reality;Antarctic astronomy;Astronomical objects;Filtering operations;Granular synthesis;Immersive rendering;Interactive frame rates;Interactive sonification;Large magellanic clouds;Metadata,Society for Imaging Science and Technology,24701173 (ISSN),English,IS T Intl. Symposium Electronic Imaging Science Technol.,Conference paper,Scopus,Export Date: 14 March 2025; Cited By: 2,,,,,Dolinsky M.;McDowall I.E.,,117,0,21/03/2025 09:49,
6,JOUR,"Ordóñez-Flores, S.;Ibarra-Reyes, A.A.;Ochoa-Ochoa, L.M.",What do we know about advertisement calls of Mexican anurans? A bibliographic review,2023,Bioacoustics,32,,10.1080/09524622.2023.2241046,https://www.scopus.com/inward/record.uri?eid=2-s2.0-85166762555&doi=10.1080%2f09524622.2023.2241046&partnerID=40&md5=499f62c2c70a5006e17e0d709947566c,"Departamento de Biología Evolutiva, Facultad de Ciencias, Universidad Nacional Autónoma de México, Ciudad de Mexico, Mexico","In a fast-changing environment, it is important to keep track of biodiversity. In Mexico, new herpetofauna is described every year. Vocalisations can portray ecological and evolutionary characteristics for better understanding of species. Here, we lay out the current state of knowledge on advertisement calls of Mexican anurans, as well as the publication trends and the use of metadata through an exhaustive literature review and bibliometric analysis. We obtained 174 documents with advertisement call descriptions of 58.4% of Mexican anuran species published between 1940–2021. We identified that most of the species with call descriptions are distributed in the Neotropics and belong to endemic and endangered categories. Anuran call descriptions in publications are frequently accompanied by associated data such as relative humidity, call frequency, or recording format. The mean number of recorded characteristics per description was 12.568 (of 38). Although almost half of the Mexican species have associated advertisement call descriptions, we identified several knowledge gaps, particularly in the degree of information that each description contains. Furthermore, most of the identified studies were performed outside of Mexico by foreign researchers, despite the high level of anuran endemism in the country. We highlight the need for more detailed descriptions published by Mexican researchers. © 2023 Informa UK Limited, trading as Taylor & Francis Group.",anurans;bioacoustics;collections;ecoacoustics;Mexico;Vocalisations,Taylor and Francis Ltd.,09524622 (ISSN),English,Bioacoustics,Review,Scopus,"Export Date: 14 March 2025; Cited By: 0; Correspondence Address: L.M. Ochoa-Ochoa; Departamento de Biología Evolutiva, Facultad de Ciencias, Universidad Nacional Autónoma de México, Ciudad de Mexico, Mexico; email: leticia.ochoa@ciencias.unam.mx",6,,601,621,,,6,0,21/03/2025 09:49,
177,JOUR,"Aletta, F.;Guattari, C.;Evangelisti, L.;Asdrubali, F.;Oberman, T.;Kang, J.",Exploring the compatibility of “Method A” and “Method B” data collection protocols reported in the ISO/TS 12913-2:2018 for urban soundscape via a soundwalk,2019,Applied Acoustics,155,,10.1016/j.apacoust.2019.05.024,https://www.scopus.com/inward/record.uri?eid=2-s2.0-85066758903&doi=10.1016%2fj.apacoust.2019.05.024&partnerID=40&md5=d21144d84a9b79d674f95e1a3cb636da,"Institute for Environmental Design and Engineering, The Bartlett, University College London – 14 Upper Woburn Place, London, WC1H 0NN, United Kingdom","The International Organization for Standardization (ISO) recently released technical specifications about minimum reporting requirements in soundscape studies and methods for data collection (ISO/TS 12913-2:2018). The document provides an informative annex with three alternative methods: two are based on soundwalks and questionnaires, whilst the third refers to narrative interviews. This study was conducted in accordance with the ISO/TS 12913-2 technical specifications. Its aim was testing whether compatible results could be obtained from the first two methods, during the same data collection session. For this purpose, a soundwalk was organised in a university campus with two groups of students using the two methods separately, while experiencing the same acoustic environments. Results show that for this case study the two methods returned soundscape categorisations that are similar and have strong statistically significant associations (p = .023). In particular, in 7 out of 8 locations, the two methods would categorise positive and negative soundscapes identically. However, since the correspondence was not perfect, further studies should investigate the topic of methodological comparisons in soundscape research, and possibly consider revising or integrating the two methods. © 2019 Elsevier Ltd",Binaural recordings;ISO 12913-1:2014;ISO/TS 12913-2:2018;Semantic scales;Soundscape;Soundwalks;Semantics;Specifications;Surveys;Binaural recordings;ISO 12913-1:2014;ISO/TS 12913-2:2018;Soundscapes;Soundwalks;Data acquisition,Elsevier Ltd,0003682X (ISSN),English,Appl Acoust,Article,Scopus,"Export Date: 14 March 2025; Cited By: 62; Correspondence Address: J. Kang; Institute for Environmental Design and Engineering, The Bartlett, University College London – 14 Upper Woburn Place, London, WC1H 0NN, United Kingdom; email: j.kang@ucl.ac.uk; CODEN: AACOB",,,190,203,,,177,0,21/03/2025 09:49,
88,CONF,"Öztürk, Z.S.;Fasllija, E.",ASSESSING SOUNDSCAPE IN PUBLIC LIBRARIES: THE CASE STUDY OF YILDIZ TECHNICAL UNIVERSITY ŞEVKET SABANCI LIBRARY,2023,Proceedings of Forum Acusticum,,,,https://www.scopus.com/inward/record.uri?eid=2-s2.0-85191236445&partnerID=40&md5=27c9969fb145cc5625a05690c029bc31,"Bartlett School of Environment, Energy and Resources, University College London, London, WC1H 0NN, United Kingdom","Libraries are constantly evolving, and as a response, the acoustic requirements of the space are changing too. Nowadays, they serve several purposes, from group discussions to private, quiet study areas. This study analyzes the perceived sound environment in Şevket Sabancı Library. The library has a four-storey plan layout with different functions such as multimedia rooms for group working as well as quiet study areas, resulting in a total of 2500m2. 30s-long binaural recordings are taken from eight different locations in the library, showing their respective functions' soundscape identity. Simultaneously, the spaces' sound pressure levels (SPL) are measured in situ. Twenty different people listened to all recorded clips in a listening room and assessed the perceived sound environment through a semantic differential scale. The participants evaluated the recorded sounds through thirty pairs of adjectives in the Turkish language using a five-point bipolar scale and sound sources. The initial findings indicate variations in the acoustic environment across the chosen spaces, as assessed in terms of their assessment and appropriateness, which also exhibit a positive correlation. Furthermore, the acoustic composition of the soundscape recordings differs across the locations, particularly in terms of the dominance of different sound sources. © 2023 Akdemir & Fasllija. This is an open-access article distributed under the terms of the Creative Commons Attribution 3.0 Unported License, which permits unrestricted use, distribution, and reproduction in any medium, provided the original author and source are credited.",acoustic comfort;indoor soundscape;libraries;semantic scales;Acoustic generators;Audio acoustics;Libraries;Acoustic comfort;Case-studies;Indoor soundscape;Public library;Semantic scale;Sound environment;Sound source;Soundscapes;Study areas;Technical universities;Semantics,"European Acoustics Association, EAA",22213767 (ISSN); 978-888894267-4 (ISBN),English,Proc. Forum Acusticum,Conference paper,Scopus,"Export Date: 14 March 2025; Cited By: 0; Correspondence Address: Z.S. Öztürk; Bartlett School of Environment, Energy and Resources, University College London, London, WC1H 0NN, United Kingdom; email: zeynepsenaakdemir@gmail.com",,,,,,,88,0,21/03/2025 09:49,
275,JOUR,"Haverkamp, M.",Advanced description of noise perception by analysis of cross-sensory interactions within soundscapes,2010,Noise Control Engineering Journal,58,,10.3397/1.3484176,https://www.scopus.com/inward/record.uri?eid=2-s2.0-78650376250&doi=10.3397%2f1.3484176&partnerID=40&md5=5e8b71828ae2b7c6428b1bd1f8c11272,"Ford Motor Company, 50725 Köln, MC1/D13, Germany","Preliminary works indicate that a comprehensive assessment of soundscapes requires integration of cross-sensory data into the evaluation process. From those first assumptions, however, it remains questionable how this information can be represented and used for an overall estimation of the perceptual impact of soundscapes on an individual. Environments for living and working in general provide complex stimuli of various sources, like noise, light, smell, tactile information and others. The first step of perceptive signal processing is to handle stimuli of various senses separately. The perceptual system then correlates the processed attributes and provides multisensory integration. The aim of sensory data processing is to establish multisensory perceptual objects estimating the structures of the world exterior to the perceiving subject. This presentation does not provide measured data. Intention of the presented approach, however, is to provide elements needed to establish a cross-sensory model which serves to estimate the perceptual relevance of a given environment. Such a model is needed to incorporate information of other senses into assessment of soundscapes, cross-sensory measurements and design for laboratory tests. The discussed essential features for a model include correlations to non-auditory attributes (colors, forms, movement etc.) as well as associative connections and semantic representations. Finally, concepts for a comprehensive analysis of soundscapes as well as for an experiment set-up are outlined. © 2010 Institute of Noise Control Engineering.",Data handling;Estimation;Semantics;Signal processing;Comprehensive analysis;Comprehensive assessment;Evaluation process;Laboratory test;Measured data;Multisensory;Multisensory integration;Noise perception;Overall estimation;Perceptual objects;Perceptual system;Semantic representation;Sensory data;Sensory measurement;Soundscapes;Tactile information;Sensory perception,,07362501 (ISSN),English,Noise Control Eng J,Article,Scopus,"Export Date: 14 March 2025; Cited By: 9; Correspondence Address: M. Haverkamp; Ford Motor Company, 50725 Köln, MC1/D13, Germany; email: mhaverka@ford.com; CODEN: NCEJD",5,,540,550,,,275,0,21/03/2025 09:50,
90,JOUR,"Huang, H.-T.;Downey, A.R.J.;Bakos, J.D.",Audio-Based Wildfire Detection on Embedded Systems,2022,Electronics (Switzerland),11,1417,10.3390/electronics11091417,https://www.scopus.com/inward/record.uri?eid=2-s2.0-85129210585&doi=10.3390%2felectronics11091417&partnerID=40&md5=7d838eaf3a218037333efb9f855bc889,"Department of Computer Science and Engineering, University of South Carolina, Columbia, 29208, SC, United States","The occurrence of wildfires often results in significant fatalities. As wildfires are notorious for their high speed of spread, the ability to identify wildfire at its early stage is essential in quickly obtaining control of the fire and in reducing property loss and preventing loss of life. This work presents a machine learning wildfire detecting data pipeline that can be deployed on embedded systems in remote locations. The proposed data pipeline consists of three main steps: audio preprocessing, feature engineering, and classification. Experiments show that the proposed data pipeline is capable of detecting wildfire effectively with high precision and is capable of detecting wildfire sound over the forest’s background soundscape. When being deployed on a Raspberry Pi 4, the proposed data pipeline takes 66 milliseconds to process a 1 s sound clip. To the knowledge of the author, this is the first edge-computing implementation of an audio-based wildfire detection system. © 2022 by the authors. Licensee MDPI, Basel, Switzerland.",acoustic signal detection;embedded system;wildfire detection,MDPI,20799292 (ISSN),English,Electronics (Switzerland),Article,Scopus,"Export Date: 14 March 2025; Cited By: 5; Correspondence Address: A.R.J. Downey; Department of Mechanical Engineering, University of South Carolina, Columbia, 29208, United States; email: austindowney@sc.edu",9,,,,,,90,0,21/03/2025 09:51,
23,JOUR,,"2nd International Libyan Conference on Information and Communication Technologies, ILCICT 2023",2024,Communications in Computer and Information Science,2097 CCIS,,,https://www.scopus.com/inward/record.uri?eid=2-s2.0-85200740573&partnerID=40&md5=c755ac8865d93bca5afff33f9afc1c53,,The proceedings contain 26 papers. The special focus in this conference is on Information and Communication Technologies. The topics include: Topology Discovery Tool for OpenFlow Controllers; Performance Analysis of Classifying URL Phishing Using Recursive Feature Elimination; performance Evaluation of Satellite Communication Link at Millimeter Wave Based on Rain Fade Data Measured in Libya; BJT Based Voltage Reference Circuits Comparisons in 65 nm CMOS Process; solar Flare Classification via Modified Metaheuristic Optimized Extreme Gradient Boosting; naïve Bayes Classifier with Genetic Algorithm for Phishing Website Detection; object-Relational Database Design Approaches: A Survey of Approaches and Techniques; event Abstration in a Forensic Timeline; Innovative SQL Query Generator Using an Arabic Language Description; handling Imbalanced Datasets in Software Refactoring Prediction; KnowAir: A Low-Cost PM2.5 Sensor Citizen-Based Air Pollution Monitoring System for Real-Time; Implementation of Qur’anic Question Answering System Based on the BERT Model; IT Security Office: The Way Forward for IT Governance for Libyan Organizations; Sentiment Analysis of Libyan Middle Region Using Machine Learning with TF-IDF and N-grams; Data Quality Considerations for ERP Implementation: Techniques for Effective Data Management; Fractional Calculus Application for PID Controller of a Nuclear Power Plant; palm Print Recognition Based on a Fusion of Feature Selection Techniques; Predictive Analytics Based on AutoML Email Spam Detection; enhancing a System for Predicting Diabetes Utilizing Conventional Machine Learning Approaches; enhanced Facial Expression Recognition Using Pre-trained Models and Image Processing Techniques; identifying Bird Calls in Soundscapes Using Convolutional Neural Networks; Automated ECG Classification for Myocardial Infarction Diagnosis Using CNN and Wavelet Transform.,,Springer Science and Business Media Deutschland GmbH,18650929 (ISSN); 978-303162623-4 (ISBN),English,Commun. Comput. Info. Sci.,Conference review,Scopus,Export Date: 14 March 2025; Cited By: 0,,,,,Benmusa T.A.T.;Elbuni M.S.;Saleh I.M.;Ashur A.S.;Drawil N.M.;Ellabib I.M.,,23,0,21/03/2025 09:51,
138,JOUR,"Florentin, J.;Dutoit, T.;Verlinden, O.",Identification of European woodpecker species in audio recordings from their drumming rolls,2016,Ecological Informatics,35,,10.1016/j.ecoinf.2016.08.006,https://www.scopus.com/inward/record.uri?eid=2-s2.0-84988924698&doi=10.1016%2fj.ecoinf.2016.08.006&partnerID=40&md5=293c8a1bbafe54ce98c7106feb4e9c79,"Department of Theoretical Mechanics, Dynamics and Vibrations, University of Mons, Mons, Belgium","Drumming sounds are substantial clues when searching audio recordings for the presence of woodpeckers. Woodpeckers use drumming for territory defence and mate attraction to such an extent that some species have no vocalisations for these functions. This implies that drumming bears species markers. This hypothesis stands at the root of our project to develop an autonomous program for the identification of drumming species. To proceed, we assembled a database of 361 recordings from open-access bird sound archives. The recordings were for nine drumming species found on the European continent. Focusing on the signal below 1500 Hz, we reviewed all audio files and extracted 2665 drumming rolls. For recordings where multiple birds were present, the drumming rolls were attributed to individual birds. This allowed keeping track of the time interval between successive rolls. The characteristic traits of drumming are decidedly temporal. Consequently, the spectral features that have been successful in other recent bird identification studies were not applicable in our case. We developed specialized drumming parameters and automated their calculation. We then performed a t-SNE dimensionality reduction to visualise the dataset and to demonstrate that our parameters detached the different classes properly. Eventually, a k-NN algorithm accurately labelled 87.2% of the submitted test samples. The time structure within the drumming rolls (speed, acceleration) provided the critical features. The duration of the rolls followed in importance. The results compare well to existing literature and attest to the feasibility of monitoring European woodpecker species by tracking drumming. © 2016 Elsevier B.V.",Acoustic features;Classification;Drumming;Species identification;t-SNE dimensionality reduction;Woodpeckers;Europe;Aves;Picidae;algorithm;bioacoustics;bird;classification;defense mechanism;identification method;mate attraction;signaling,Elsevier B.V.,15749541 (ISSN),English,Ecol. Informatics,Article,Scopus,"Export Date: 14 March 2025; Cited By: 14; Correspondence Address: J. Florentin; Department of Theoretical Mechanics, Dynamics and Vibrations, University of Mons, Mons, Bd Dolez 31, 7000, Belgium; email: juliette.florentin@umons.ac.be",,,61,70,,,138,0,21/03/2025 09:52,
73,JOUR,,"21st International Conference on Advances in Mobile Computing and Multimedia Intelligence, MoMM 2023",2023,Lecture Notes in Computer Science (including subseries Lecture Notes in Artificial Intelligence and Lecture Notes in Bioinformatics),14417 LNCS,,,https://www.scopus.com/inward/record.uri?eid=2-s2.0-85179169768&partnerID=40&md5=9a0dd99304b66201b374dbda8fb34233,,The proceedings contain 15 papers. The special focus in this conference is on Advances in Mobile Computing and Multimedia Intelligence. The topics include: Face to Face with Efficiency: Real-Time Face Recognition Pipelines on Embedded Devices; multi-camera Live Video Streaming over Wireless Network; effects of Deep Generative AutoEncoder Based Image Compression on Face Attribute Recognition: A Comprehensive Study; Implementation of a Video Game Controlled by Pressing the Upper Arm Using PPG Sensor; immerscape: Supporting the Creation of Immersive Soundscapes by Users in Cultural Heritage Contexts; analysis of Data Obtained from the Mobile Botnet; On the Impact of FFP2 Face Masks on Speaker Verification for Mobile Device Authentication; Blockchain-Enhanced IoHT: A Patient-Centric Internet of Healthcare Things Platform with Smart Contract-Driven Data Management; federated Learning for Collaborative Cybersecurity of Distributed Healthcare; does Use of Blink Interface Affect Number of Blinks When Reading Paper Books?; a Method for Stimuli Control of Carbonated Beverages by Estimating and Reducing Carbonation Level; a Knee Injury Prevention System by Continuous Knee Angle Recognition Using Stretch Sensors; Ubiquitous Mobile Application for Conducting Occupational Therapy in Children with ADHD.,,Springer Science and Business Media Deutschland GmbH,03029743 (ISSN); 978-303148347-9 (ISBN),English,Lect. Notes Comput. Sci.,Conference review,Scopus,Export Date: 14 March 2025; Cited By: 0,,,,,Delir Haghighi P.;Pardede E.;Dobbie G.;Yogarajan V.;ER N.A.S.;Kotsis G.;Khalil I.,,73,0,21/03/2025 09:52,
196,JOUR,"Cardona, L.A.H.;Ulloa, J.S.;Vergara, J.L.P.",Automated detection of bird songs continues to be a challenge: The case of warbleR and Megascops centralis (Chocó owl),2021,Biota Colombiana,22,,10.21068/C2021.V22N01A10,https://www.scopus.com/inward/record.uri?eid=2-s2.0-85099707804&doi=10.21068%2fC2021.V22N01A10&partnerID=40&md5=10dbffce347ba0c03e97ba6c6e3de4aa,"Universidad de Antioquia, Medellín, Colombia","Acoustic monitoring allows the evaluation of spatio-temporal changes in animal populations. However, analyzing large volumes of information is challenging. We evaluate the performance of a detection technique (autodetec function of the R warbleR package) to identify vocalizations of Megascops centralis, using 6877 one-minute recordings from 21 sites in the vicinity of the Jaguas dam, Andes of Antioquia Colombia., All vocalizations were manually annotated and two sites (597 recordings) with the highest number of records (49 and 34) were selected to evaluate the algorithm. The function was implemented with audios at two sampling rates (44 100 Hz and 22 050 Hz) and three amplitude thresholds (5, 10, and 20). We assessed the performance of this function in terms of its sensitivity and specificity, and we estimate the probability of detection of a signal according to its quality. Sensitivity and specificity showed great variation (0-0.48 and 0.5-0.98 respectively) and the probability of detection of a signal increased with its quality (poor: 0.12, medium: 0.27 andhigh: 0.64). Acoustic monitoring has an enormous potential, and its success depends, in part, on the availability of automatic recognition tools, that are open access and can be easily implemented. This development can be achieved by strengthening acoustic collections. © 2021 Entomological Society of Turkey. All rights reserved.",Autodetec;Automatic detection;Bioacoustics;Monitoring;WarbleR,Instituto de investigación de recursos biológicos Alexander von humboldt,2539200X (ISSN),Spanish,Biota Colombiana,Article,Scopus,Export Date: 14 March 2025; Cited By: 1,1,,149,163,,Detección automatizada de cantos de aves continúa siendo un desafío: El caso de warbleR y Megascops centralis (búho del Chocó),196,0,21/03/2025 09:52,
103,CONF,"de Souza Stolfi, A.;Turchet, L.;Ceriani, M.;Barthet, M.",Playsound.space: Inclusive free music improvisations using audio commons,2018,Proceedings of the International Conference on New Interfaces for Musical Expression,,,,https://www.scopus.com/inward/record.uri?eid=2-s2.0-85150293799&partnerID=40&md5=3a2055167ab29e14fcec232b3e5cb4e4,"University of São Paulo, School of Communication and Arts, Av. Prof. Lúcio M. Rodrigues, 443, São Paulo, SP, CEP: 05508-900, Brazil","Playsound.space is a web-based tool to search for and play Creative Commons licensed-sounds which can be applied to free improvisation, experimental music production and soundscape composition. It provides a fast access to about 400k non-musical and musical sounds provided by Freesound, and allows users to play/loop single or multiple sounds retrieved through text based search. Sound discovery is facilitated by use of semantic searches and sound visual representations (spectrograms). Guided by the motivation to create an intuitive tool to support music practice that could suit both novice and trained musicians, we developed and improved the system in a continuous process, gathering frequent feedback from a range of users with various skills. We assessed the prototype with 18 non musician and musician participants during free music improvisation sessions. Results indicate that the system was found easy to use and supports creative collaboration and expressiveness irrespective of musical ability. We identified further design challenges linked to creative identification, control and content quality. © 2018, Steering Committee of the International Conference on New Interfaces for Musical Expression. All rights reserved.",Creative commons;Inclusive design;Music improvisation;Web audio;Audio acoustics;Semantics;Creative Commons;Creatives;Experimental musics;Improvization;Inclusive design;Music improvisations;Music production;Soundscapes;Web audio;Web-based tools;Music,International Conference on New Interfaces for Musical Expression,22204792 (ISSN),English,Proc. Int. Conf. New Interfaces Music. Expr.,Conference paper,Scopus,"Export Date: 14 March 2025; Cited By: 6; Correspondence Address: A. de Souza Stolfi; University of São Paulo, School of Communication and Arts, São Paulo, Av. Prof. Lúcio M. Rodrigues, 443, CEP: 05508-900, Brazil; email: arianestolfi@gmail.com",,,228,233,Dahl L.;Bowman D.;Martin T.,,103,0,21/03/2025 09:52,
10,CONF,"Tan, K.I.;Yean, S.;Lee, B.S.",Attention-Based Sound Classification Pipeline with Sound Spectrum,2023,"2023 IEEE Sensors Applications Symposium, SAS 2023 - Proceedings",,,10.1109/SAS58821.2023.10254193,https://www.scopus.com/inward/record.uri?eid=2-s2.0-85174073579&doi=10.1109%2fSAS58821.2023.10254193&partnerID=40&md5=1060effe4b7a2f75fdb03801713bcd6f,"School of Computer Science and Engineering, Nanyang Technological University, Singapore, Singapore","Urban soundscape research and their impact study are gaining more prominence with regard to a livable environment. Machine learning models have been used extensively to classify sounds where the input sound data, commonly in wave form, needs to be collected in its full frequency spectrum. However, in an application like NoiseCapture, the sound spectrum is divided into 23 frequency bands and thus some information or features are lost. Given the recent success in training a deep learning model to classify sounds with a limited sound spectrum, we developed a pipeline for maximizing the performance of sound spectrum input with attention-based model. Using data from ESC-50, we discover that the use of transformers improve accuracy over the conventional neural networks by 22.5%; however the limited frequency bands in NoiseCapture sound spectrum impairs the model accuracy, necessitating the use of data augmentation. The data pipeline is analyzed for our case study of Singapore, where selected sound labels, curated to fit the local context, are used to train the model, resulting in an improvement in base transformer accuracy by 12.7%.  © 2023 IEEE.",Data Pipeline;Sound ClassificationData Pipeline;Sound Spectrum;Transformer;Deep learning;Learning systems;Data pipelines;Impact study;Machine learning models;Sound classification;Sound classificationdata pipeline;Sound data;Sound spectrum;Transformer;Urban soundscape;Waveforms;Pipelines,Institute of Electrical and Electronics Engineers Inc.,979-835032307-8 (ISBN),English,"IEEE Sensors Appl. Symp., SAS - Proc.",Conference paper,Scopus,Export Date: 14 March 2025; Cited By: 0,,,,,,,10,0,21/03/2025 09:53,
79,JOUR,"Clarke, J.T.;Ferguson, M.C.;Brower, A.A.;Fujioka, E.;Deland, S.",Biologically important areas II for cetaceans in U.S. and adjacent waters - Arctic region,2023,Frontiers in Marine Science,10,1040123,10.3389/fmars.2023.1040123,https://www.scopus.com/inward/record.uri?eid=2-s2.0-85150054514&doi=10.3389%2ffmars.2023.1040123&partnerID=40&md5=6d4c2137730f792a70e320ffd6b702bb,"Cooperative Institute for Climate, Ocean, and Ecosystem Studies (CICOES), University of Washington, Seattle, WA, United States","We delineated and scored Biologically Important Areas (BIAs) in the Arctic region. The Arctic region extends from the Bering Strait to the Chukchi Sea, Beaufort Sea, Amundsen Gulf, and Viscount Melville Sound. This NOAA-led effort uses structured elicitation principles to build upon the first version of NOAA BIAs (BIA I) for cetaceans. In addition to narratives, maps, and metadata tables, BIA II products incorporated a scoring and labeling system to improve their utility and interpretability. BIAs are compilations of the best available science and have no inherent regulatory authority. They have been used by NOAA, other federal agencies, and the public to support marine spatial planning and marine mammal impact assessments, and to inform the development of conservation measures for cetaceans. Supporting evidence for Arctic BIA II came from data derived from aerial-, land-, and vessel-based surveys; satellite telemetry; passive acoustic monitoring; Indigenous knowledge; photo-identification; aboriginal subsistence harvests, including catch and sighting locations and stomach contents; and prey studies. BIAs were identified for bowhead (Balaena mysticetus), gray (Eschrichtius robustus), humpback (Megaptera novaeangliae), fin (Balaenoptera physalus), and beluga (Delphinapterus leucas) whales. In total, 44 BIAs were delineated and scored for the Arctic, including 12 reproduction, 24 feeding, and 8 migration BIAs. BIAs were identified in all months except January-March. Fifteen candidate areas did not have sufficient information to delineate as BIAs and were added to a watch list for future consideration in the BIA process. Some BIAs were transboundary between the Arctic region and the Aleutian Islands-Bering Sea region. Several BIAs were transnational, extending into territorial waters of Russia (in the Chukchi Sea) and Canada (in the Beaufort Sea), and a few BIAs were delineated in international waters. Copyright © 2023 Clarke, Ferguson, Brower, Fujioka and Deland.",Arctic;cetacean;feeding;migratory;reproductive;species distribution,Frontiers Media S.A.,22967745 (ISSN),English,Front. Mar. Sci.,Article,Scopus,"Export Date: 14 March 2025; Cited By: 3; Correspondence Address: J.T. Clarke; Cooperative Institute for Climate, Ocean, and Ecosystem Studies (CICOES), University of Washington, Seattle, United States; email: jclarke@wileylabs.net",,,,,,,79,0,21/03/2025 10:17,
170,JOUR,"de Araújo, C.B.;Furtado, S.N.M.;Vieira, G.H.C.;Simões, C.R.","The acoustic niche: Integrating physics, ecology and theory of communication",2020,Oecologia Australis,24,,10.4257/oeco.2020.2404.01,https://www.scopus.com/inward/record.uri?eid=2-s2.0-85097866482&doi=10.4257%2foeco.2020.2404.01&partnerID=40&md5=9760ae526a25e6f1ff2faa66c6aa0652,"Universidade Estadual de Londrina, Centro de Ciências Biológicas, Rodovia Celso Garcia Cid, PR 445 Km 380, Campus Universitário, Londrina, CEP: 86057-970, Paraná, Brazil","Animal communication is related to many biological processes, and its investigation may help elucidate many aspects of an organism. If in the one hand, animal communication might be seen as a biological process, in the other, sound is a physical phenomenon, so that the understanding of animal communication depends on processes that go beyond biology itself. Here we aim to interlace concepts of Physics, Ecology, and communication to better operationalize the concept of acoustic niche. The study of the relationships between the communication problems (i.e. transmission, semantics and effectiveness), the physical properties of sound (frequency, intensity and time), and ecological aspects of communication, permits a better understanding of the acoustic niche and its evolution. © 2020, Universidade Federal do Rio de Janeiro. All rights reserved.",Acoustic ecology;Acoustic niche;Acoustic space;Bioacoustics,Universidade Federal do Rio de Janeiro,21776199 (ISSN),Portuguese,Oecol. Aus.,Article,Scopus,Export Date: 14 March 2025; Cited By: 4; Correspondence Address: ;,4,,762,769,,"O nicho acústico: Integrando a física, ecologia e teoria da comunicação",170,0,21/03/2025 10:17,
175,JOUR,"Saleem Faruqi, S.A.S.",The urban soundscape: Analysing the spatiotemporal distribution of acoustic events and its influence on the racial/ethnic composition of New York city neighbourhoods,2018,Malaysian Journal of Music,2018,580,,https://www.scopus.com/inward/record.uri?eid=2-s2.0-85078065532&partnerID=40&md5=b74b4246d722cff942bac7fe8208b345,"Department of Music and Performing Arts Professions, Steinhardt School of Culture, Education, and Human Development, New York University, New York, 10003, NY, United States","Past research has shown that the effects of prolonged exposure to urban acoustic noise are both detrimental to mind and body. In recent years, studies have also indicated that the socially disadvantaged are more susceptible to environmental hazards such as noise pollution. This paper aims to fill a gap in literature through the evaluation of urban soundscapes by analysing the spatiotemporal patterns of acoustic events within selected New York City (NYC) neighbourhoods and comparing the datum to the socio-economic data of the urban environments. In this paper, the author aims to address this question, 'Does racial/ethnic composition of each neighbourhood influence how acoustic events are distributed, and in what way does this relate to the socio-economic status of each location?' This study focuses on seven neighbourhoods within the New York City metropolitan area, each location representing one of the seven levels of noise metadata found on NYC's 311 noise map. The ambient soundscape of each location was recorded for 30 minutes over four different time intervals across three days, comprising in a total of 45 hours of raw data. Acoustic events were extracted and annotated for saliency and classed according to soundscape components, which were then compared against the racial/ethnic demography of NYC. The findings in this study partially aligned with past research in which communities of lower socio-economic status with higher proportions of non-Caucasian communities were susceptible to higher levels of noise exposure. Additionally, this study also aligned with the hypothesis that high numbers of acoustic events negatively correlate to the socio-economic composition of neighbourhoods. © Universiti Pendidikan Sultan Idris.",Acoustic events;New york city;Noise pollution;Socio-economic status;Soundscape;Urban soundscape,Universiti Pendidikan Sultan Idris,26009366 (ISSN),English,Malays. J. Of. Music.,Article,Scopus,"Export Date: 14 March 2025; Cited By: 1; Correspondence Address: S.A.S. Saleem Faruqi; Department of Music and Performing Arts Professions, Steinhardt School of Culture, Education, and Human Development, New York University, New York, 10003, United States; email: sss748@nyu.edu",,,180,194,,,175,0,21/03/2025 10:21,
111,JOUR,"Chamberlain, A.;Bødker, M.;Papangelis, K.",Sounding out ethnography and design: Developing metadata frameworks for designing personal heritage soundscapes,2018,AES: Journal of the Audio Engineering Society,66,,10.17743/jaes.2018.0025,https://www.scopus.com/inward/record.uri?eid=2-s2.0-85049205791&doi=10.17743%2fjaes.2018.0025&partnerID=40&md5=d2634f44e67af981c8aa5dd73e95d8f8,"University of Nottingham, Nottingham, United Kingdom","The paper presents reflections on understanding the issues of designing locative sonic memory-scapes. As physical space and digital media become ever more intertwined, together forming and augmenting meaning and experience, we need methods to further explore possible ways in which physical places and intangible personal content can be used to develop meaningful experiences. The paper explores the use of autoethnography as a method for soundscape design in the fields of personal heritage and locative media. Specifically, we explore possible connections between digital media, space, and ""meaning making,"" suggesting how autoethnographies might help discover design opportunities for merging digital media and places. These are methods that are more personally relevant than those typically associated with a more system-based design approaches that we often find are less sensitive to the way that emotion, relationships, memory, and meaning come together. As a way to expand upon these relationships we also reflect on relations between personal and community-based responses. © 2018 Audio Engineering Society. All rights reserved.",Community-based;Design approaches;Locative media;Meaning makings;Media spaces;Personal Content;Soundscapes;Digital storage,Audio Engineering Society,15494950 (ISSN),English,AES J Audio Eng Soc,Article,Scopus,Export Date: 14 March 2025; Cited By: 5; CODEN: JAEAF,6,,468,477,,,111,0,21/03/2025 10:22,
231,CONF,"Ozcevik, A.;Yuksel Can, Z.",A case study regarding the statistical analysis on the evaluation of soundscape,2014,Proceedings of Forum Acusticum,2014-January,,,https://www.scopus.com/inward/record.uri?eid=2-s2.0-84953273408&partnerID=40&md5=2b8ccb81cdf184b7755d5670a0a00f1a,"Anadolu University, Faculty of Architecture and Design, Eskisehir, Turkey","A wide-ranging study was conducted in order to develop an applied soundscape approach for the evaluation, conservation and rehabilitation of acoustic comfort in urban areas by the data from field and laboratory studies allowing the correlation of subjective and objective information's. The steps taken in developing the approach proposal were; deriving objective and subjective evaluations of the sound environment via field and the laboratory studies, statistically analyzing the data and correlating the results. The proposal was revised after being tested at first theoretically by using the first fields selected in Istanbul/Turkey, then practically by using new fields. The aim of this paper is to explain the statistical analysis part of the study. Therefore, the variance and t-test analyses between semantic differential test on site and jury test in laboratory and the simple regression analysis between the tests on two different environments and sound quality metrics, were made by using the data derived by field and laboratory studies.",Laboratories;Regression analysis;Semantics;Sound reproduction;Statistical methods;Acoustic comfort;Laboratory studies;Objective and subjective evaluations;Objective information;Semantic differential;Simple regression analysis;Sound environment;Sound quality metrics;Quality control,"European Acoustics Association, EAA",22213767 (ISSN); 978-836140228-2 (ISBN),English,Proc. Forum Acusticum,Conference paper,Scopus,Export Date: 14 March 2025; Cited By: 0,,,,,Borkowski B.,,231,0,21/03/2025 10:22,
33,JOUR,"Jin, C.;Kim, M.;Jang, S.;Paeng, D.-G.",Semantic segmentation-based whistle extraction of Indo-Pacific Bottlenose Dolphin residing at the coast of Jeju island,2022,Ecological Indicators,137,108792,10.1016/j.ecolind.2022.108792,https://www.scopus.com/inward/record.uri?eid=2-s2.0-85126718026&doi=10.1016%2fj.ecolind.2022.108792&partnerID=40&md5=8b9a320a68cb72eec27d53c79fff129c,"Department of Ocean System Engineering, Jeju National University, Jeju, 63243, South Korea","Passive acoustic monitoring (PAM) is commonly utilized to monitor cetacean species’ distribution, abundance, and behavior. The demand for automated methods to detect and extract cetacean vocalizations from acoustic data has increased in the last few decades. Automatic whistle extraction of Indo-Pacific Bottlenose Dolphin (IPBD) and other whistle-producing delphinids habitating in the coastal areas represents a challenging problem due to the high ambient noise, including ship noise snapping shrimp at the same habitat. The acoustic signal containing snapping shrimp sound was usually excluded during the development of the detection method. A robust tool of bioacoustics for snapping shrimp sound is still lacking. This study trained a convolutional neural network (CNN) designed for semantic segmentation, initially developed for autonomous driving, to extract the whistle contour from spectrogram at a pixel level. A total of 1600 datasets was annotated for training and testing. As a result, the semantic segmentation classified the whistle with an overall mean Precision of 0.96, Accuracy of 0.89, and F-score of 0.86. In particular, the semantic segmentation extracted the whistle even if associated with a rich snapping shrimp sound, which the conventional method is incapable of. The advancement of metrics presented in this paper will enable long-term assessment of the IPBD population and individual or group tracking. © 2022",Indo-Pacific Bottlenose Dolphin;Jeju Island;Passive acoustic monitoring;Semantic segmentation-based whistle extraction;Snapping shrimp sound;Cheju [Cheju (PRV/ISL)];Pacific Ocean;Acoustic noise;Acoustic variables measurement;Convolutional neural networks;Dolphins (structures);Noise pollution;Semantic Segmentation;Semantics;Shellfish;Automated methods;Bottlenose dolphins;Indo-pacific bottlenose dolphin;Jeju island;Passive acoustic monitoring;Semantic segmentation;Semantic segmentation-based whistle extraction;Snapping shrimp;Snapping shrimp sound;Species distributions;acoustic data;bioacoustics;biomonitoring;dolphin;extraction method;pixel;segmentation;signal;Extraction,Elsevier B.V.,1470160X (ISSN),English,Ecol. Indic.,Article,Scopus,"Export Date: 14 March 2025; Cited By: 11; Correspondence Address: D.-G. Paeng; Department of Ocean System Engineering, Jeju National University, Jeju, 63243, South Korea; email: paeng@jejunu.ac.kr",,,,,,,33,0,21/03/2025 10:23,
281,JOUR,"Laurini, R.;Li, K.-J.;Servigne, S.;Kang, M.-A.",Modeling an auditory urban database with a field-oriented approach,1999,Informatica (Ljubljana),23,,,https://www.scopus.com/inward/record.uri?eid=2-s2.0-0032690321&partnerID=40&md5=4cb039e3cfc6265b95f2a4e1280968c3,"Lab. for Info. System Engineering, Claude Bernard University of Lyon, Natl. Inst. Appl. Sci. Lyon I., 69621 Villeurbanne Cedex, France","The goal of this paper is to give some elements in order to design a database dedicated to auditory information in cities. Auditory information is much more larger than traffic noise, because its includes all aspects of sounds which can be found in a city soundscape. Sounds levels can be modeled as a continuous spatio-temporal phenomenon, by means of the field-oriented approach which is very relevant for this kind of database. Indeed its allows the user to see really sounds as continuous phenomena when querying even if they come from samples captured in the city. In this paper, after having introduced the special semantics of auditory information, we will overall present the field-oriented approach and its characteristics. Finally, we will give some indications about the continuous indexing of such data in order to accelerate the queries.",Acoustic intensity;Acoustic noise;Computer simulation;Indexing (of information);Mathematical models;Auditory urban database;Field oriented approach;Sound levels;Database systems,Slovene Society Informatika,03505596 (ISSN),English,Inf,Article,Scopus,Export Date: 14 March 2025; Cited By: 1; CODEN: INFOF,2,,169,185,,,281,0,21/03/2025 10:23,
96,JOUR,"Zhuang, Y.;Kang, Y.;Fei, T.;Bian, M.;Du, Y.",From hearing to seeing: Linking auditory and visual place perceptions with soundscape-to-image generative artificial intelligence,2024,"Computers, Environment and Urban Systems",110,102122,10.1016/j.compenvurbsys.2024.102122,https://www.scopus.com/inward/record.uri?eid=2-s2.0-85191837128&doi=10.1016%2fj.compenvurbsys.2024.102122&partnerID=40&md5=28b834305cf8f5c8f5fa306adb6bb653,"School of Resource and Environmental Sciences, Wuhan University, Wuhan, China","People experience the world through multiple senses simultaneously, contributing to our sense of place. Prior quantitative geography studies have mostly emphasized human visual perceptions, neglecting human auditory perceptions at place due to the challenges in characterizing the acoustic environment vividly. Also, few studies have synthesized the two-dimensional (auditory and visual) perceptions in understanding human sense of place. To bridge these gaps, we propose a Soundscape-to-Image Diffusion model, a generative Artificial Intelligence (AI) model supported by Large Language Models (LLMs), aiming to visualize soundscapes through the generation of street view images. By creating audio-image pairs, acoustic environments are first represented as high-dimensional semantic audio vectors. Our proposed Soundscape-to-Image Diffusion model, which contains a Low-Resolution Diffusion Model and a Super-Resolution Diffusion Model, can then translate those semantic audio vectors into visual representations of place effectively. We evaluated our proposed model by using both machine-based and human-centered approaches. We proved that the generated street view images align with our common perceptions, and accurately create several key street elements of the original soundscapes. It also demonstrates that soundscapes provide sufficient visual information places. This study stands at the forefront of the intersection between generative AI and human geography, demonstrating how human multi-sensory experiences can be linked. We aim to enrich geospatial data science and AI studies with human experiences. It has the potential to inform multiple domains such as human geography, environmental psychology, and urban design and planning, as well as advancing our knowledge of human-environment relationships. © 2024 Elsevier Ltd",Generative AI;LLMs;Sense of place;Soundscape;Stable diffusion;Street view images;Artificial intelligence;Audio acoustics;Audition;Semantics;Acoustic environment;Auditory perception;Diffusion model;Generative artificial intelligence;Language model;Large language model;Sense of place;Soundscapes;Stable diffusion;Street view image;artificial intelligence;hearing;image resolution;numerical model;perception;sense of place;spatial data;vision;Diffusion,Elsevier Ltd,01989715 (ISSN),English,Comput. Environ. Urban Syst.,Article,Scopus,"Export Date: 14 March 2025; Cited By: 4; Correspondence Address: Y. Kang; GISense Lab, Department of Geography, University of South Carolina, United States; email: yuhaokang@sc.edu; T. Fei; School of Resource and Environmental Sciences, Wuhan University, Wuhan, China; email: feiteng@whu.edu.cn; CODEN: CEUSD",,,,,,,96,0,21/03/2025 10:23,
179,JOUR,"Thorogood, M.;Fan, J.;Pasquier, P.",Soundscape audio signal classification and segmentation using listener's perception of background and foreground sound,2016,AES: Journal of the Audio Engineering Society,64,,10.17743/jaes.2016.0021,https://www.scopus.com/inward/record.uri?eid=2-s2.0-84984817512&doi=10.17743%2fjaes.2016.0021&partnerID=40&md5=dd6fa9cfce4bd8cad1124a512677ac6a,"Simon Fraser University, SIAT, Canada","Classification and segmentation are important but time consuming tasks when using soundscape recordings in sound design and research. Background and foreground are criteria when segmenting sound files according to a signal's perceptual attributes. We establish the background and foreground classification task within a musicological and soundscape context and present a method for the automatic segmentation of soundscape recordings based on this task. We present a soundscape corpus with ground truth data obtained from a human perception study. An analysis of the corpus shows participants have a high level of agreement on the category assigned to background samples (92.5%), foreground samples (80.8%), and background with foreground samples (75.3%). We verify the corpus by training a Support Vector Machines classifier. An analysis of the classifier demonstrates a similarly high degree of certainty for background 96.7%, foreground 80%, and background with foreground 86.7%. Further, we report an experiment evaluating the classifier with different analysis window sizes and demonstrate how smaller window sizes affect the performance of the classifier. The classifier is then implemented in a segmentation system. We present the results of an evaluation on three segmentation systems: median filter, k-depth lookahead, and a probabilistic algorithm selecting class association. © 2016, Audio Engineering Society. All rights reserved.",Median filters;Semantics;Automatic segmentations;Classification tasks;Degree of certainty;Ground truth data;Perceptual attributes;Probabilistic algorithm;Segmentation system;Time-consuming tasks;Audio acoustics,Audio Engineering Society,15494950 (ISSN),English,AES J Audio Eng Soc,Article,Scopus,Export Date: 14 March 2025; Cited By: 19; CODEN: JAEAF,07-Aug,,484,492,,,179,0,21/03/2025 10:23,
266,CONF,"Kalantari, L.;Willms, J.;Hatala, M.",Using semantic web approach in augmented audio reality system for museum visitors,2004,"Proceedings of the 13th International World Wide Web Conference on Alternate Track, Papers and Posters, WWW Alt. 2004",,,10.1145/1013367.1013488,https://www.scopus.com/inward/record.uri?eid=2-s2.0-79958086938&doi=10.1145%2f1013367.1013488&partnerID=40&md5=a7bef77ea081b73bd3c6e33147c18a65,"School of Interactive Arts and Technology, Simon Fraser University, Surrey, V3T2W1, BC, Canada","In this paper, we describe our work in progress on the reasoning module of ec(h)o, an augmented audio-reality interface for museum visitors utilizing spatialized soundscapes and a semantic web approach to information. We used ontologies to describe the semantics of sound objects and represent user model. A rulebased system for selecting sound object uses semantic description of objects, visitor's interaction history and heuristics for continuity of the dialogue between user and the system.",Augmented-Audio reality;Inference rules;Ontologies;User model;Museums;Ontology;World Wide Web;Augmented-audio reality;Inference rules;Interaction history;Museum visitor;Semantic descriptions;Semantic web approach;User Modeling;Work in progress;Semantic Web,"Association for Computing Machinery, Inc",1581139128 (ISBN); 978-158113912-9 (ISBN),English,"Proc. Int. World Wide Web Conf. Altern. Track Pap. Posters, WWW Alt.",Conference paper,Scopus,Export Date: 14 March 2025; Cited By: 1,,,386,387,,,266,0,21/03/2025 10:23,
154,CONF,"Azzahra, I.R.N.;Sarwono, J.;Sudarsono, A.S.;Fela, R.F.;Utami, S.S.;Hardjoprawito, T.J.A.;Sedono, R.",Hospital soundscapes: Perception analysis of acoustics environment in intensive care unit,2017,INTER-NOISE 2017 - 46th International Congress and Exposition on Noise Control Engineering: Taming Noise and Moving Quiet,2017-January,,,https://www.scopus.com/inward/record.uri?eid=2-s2.0-85042043912&partnerID=40&md5=91d25a94295080b32f20876dc0659fb3,"Institut Teknologi Bandung, Indonesia","The quality of acoustic environment can be measured according to soundscape dimensions. The study of soundscape dimension has been conducted mainly in an urban area and resulting soundscape dimensions for soundscape rating. In an urban area, the main noise sources (such as traffic noise or construction noise) usually do not contain valuable information. However, in Intensive Care Unit (ICU) of a hospital, the characteristic of main noise sources are different. Our previous study shows that some main noise sources (medical equipment) are expected to be heard and important for the nurses because the noise sources contain valuable information regarding patient's condition. Due to the characteristic difference, the soundscape dimensions in ICU might be different from the urban soundscape. The aim of this study is to define soundscape dimension for ICU from the nurse's point of view. A questionnaire using semantic differential scale was distributed to the nurses to find out their perception to acoustics environment in ICU. The result is then analyzed using principal component analysis to determine the soundscape dimensions for ICU. The soundscape dimension obtained can further be used as a tool in evaluating the soundscape of ICU. Initial study shows that the soundscape of ICU can be described in terms of information, calmness, and dynamics. © 2017 Institute of Noise Control Engineering. All rights reserved.",ICU;Soundscape;Soundscape Dimensions I-INCE Classification of Subjects Number(s): 61 63;Acoustic noise;Acoustic variables control;Acoustics;Hospitals;Noise pollution;Nursing;Principal component analysis;Semantics;Acoustic environment;Characteristic difference;Construction noise;Noise source;Semantic differential scale;Soundscapes;Traffic noise;Urban soundscape;Intensive care units,Institute of Noise Control Engineering,,English,INTER-NOISE - Int. Congr. Expo. Noise Control Eng.: Taming Noise Mov. Quiet,Conference paper,Scopus,Export Date: 14 March 2025; Cited By: 5,,,,,,,154,0,21/03/2025 10:23,
254,CONF,"Hemeryck, M.;Berckmans, D.;Vranken, E.;Tullo, E.;Fontana, I.;Guarino, M.;Van Waterschoot, T.",The Pig Cough Monitor in the EU-PLF project: Results and multimodal data analysis in two case studies,2015,"Precision Livestock Farming 2015 - Papers Presented at the 7th European Conference on Precision Livestock Farming, ECPLF 2015",,,,https://www.scopus.com/inward/record.uri?eid=2-s2.0-84949571304&partnerID=40&md5=64a873b1bc9af3f78f93b5dc95a93900,"SoundTalks, Kapeldreef 60, Leuven, 3001, Belgium","Precision Livestock Farming (PLF) combines the principles of process control technology with animal sciences. An example of PLF is the Pig Cough Monitor (PCM), which performs a continuous automated measurement of porcine respiratory health through sound analysis. This paper provides results and a thorough analysis of the data obtained in the course of the FP7 EU-PLF project. Earlier work has demonstrated the effectiveness of the PCM in a real-world farm setting. This paper reports on 2 new case studies, again using the cough index as a principal measure. Additionally, the heat map is introduced as a new visualisation approach of cough behaviour. The heat map shows the course of cough throughout the day. Additional sources of metadata such as the corresponding slaughterhouse data are also included. For both cases discussed in this paper, anomalies in the respiratory health are apparent from the cough index representations.",Acoustic monitoring;EU-PLF;Fattening pigs;Heat map;Pig cough monitor;Precision livestock farming;Mammals;Acoustic monitoring;Automated measurement;Control technologies;Fattening pigs;Heat maps;Multimodal data analysis;Precision livestock farming;Sound analysis;Agriculture,European Conference on Precision Livestock Farming,978-889097532-5 (ISBN),English,"Precis. Livest. Farming - Pap. Present. Eur. Conf. Precis. Livest. Farming, ECPLF",Conference paper,Scopus,Export Date: 14 March 2025; Cited By: 14,,,147,155,Guarino M.;Berckmans D.,,254,0,21/03/2025 10:23,
189,CONF,"Stevens, F.;Murphy, D.T.;Smith, S.L.",Soundscape preference rating using semantic differential pairs and the self-assessment manikin,2019,"SMC 2016 - 13th Sound and Music Computing Conference, Proceedings",,,,https://www.scopus.com/inward/record.uri?eid=2-s2.0-85074954498&partnerID=40&md5=b291be0382815ae385633c39fa538f48,"AudioLab, Department of Electronics, University of York, United Kingdom","This paper presents the findings of a soundscape preference rating study designed to assess the suitability of the self-assessment manikin (SAM) for measuring an individual's subjective response to a soundscape. The use of semantic differential (SD) pairs for this purpose is a well established method, but one that can be quite time consuming and not immediately intuitive to the non-expert. The SAM is a questionnaire tool designed for the measurement of emotional response to a given stimulus. Whilst the SAM has seen some limited use in a soundscape context, it has yet to be explicitly compared to the established SD pairs methodology. This study makes use of B-format soundscape recordings, made at a range of locations including rural, suburban, and urban environments, presented to test participants over a 16-speaker surround-sound listening setup. Each recording was rated using the SAM and set of SD pairs chosen following a survey of previous studies. Results show the SAM to be a suitable method for the evaluation of soundscapes that is more intuitive and less time-consuming than SD pairs. Copyright: © 2016 Francis Stevens et al. This is an open-access article distributed under the terms of the Creative Commons Attribution 3.0 Unported License, which permits unrestricted use, distribution, and reproduction in any medium, provided the original author and source are credited.",Semantics;Surveys;B formats;Emotional response;Self assessment;Semantic differential;Soundscapes;Surround sound;Urban environments;Audio recordings,"Zentrum fur Mikrotonale Musik und Multimediale Komposition (ZM4), Hochschule fur Musik und Theater",978-300053700-4 (ISBN),English,"SMC - Sound Music Comput. Conf., Proc.",Conference paper,Scopus,Export Date: 14 March 2025; Cited By: 2,,,455,462,Grossmann R.;Hajdu G.,,189,0,21/03/2025 10:23,
232,JOUR,"Niessen, M.E.;Cruys, T.V.D.;Cance, C.;Dubois, D.",Sound and noise in sonic environmental studies: Comparing word meaning in discourses of community noise and soundscape research,2013,Acta Acustica united with Acustica,99,,10.3813/AAA.918664,https://www.scopus.com/inward/record.uri?eid=2-s2.0-84888375978&doi=10.3813%2fAAA.918664&partnerID=40&md5=cae65d507661452cb5b1efdecf7130c8,"INCAS3 Assen., France","Since R. Murray Schafer's musical concept of soundscape started influencing scientific communities of acousticians in the 1970s, part of the Community Noise research has shifted its focus from noise pollution and annoyance to a more holistic perspective on sonic environments, including their positive aspects. To investigate if and how this evolution is represented in the literature of the field, the discourses of two scientific fields in acoustics are compared: the older Community Noise and the more recent Soundscape field. Specifically, the differential use of two key words (Noise and Sound) is analyzed based on the hypothesis that their meanings, which are constructed in discourse, reflect the conceptual grounding of both fields. An algorithm from computational linguistics is applied to calculate the similarity of words according to their use in a local syntactic context. It is shown that Noise and Sound are differently distributed within the discourses of both fields, thereby making explicit the semantic and conceptual differences between a noise pollution approach and a soundscape approach, which includes a more holistic concern about the quality of sonic environments and acoustic design. © S. Hirzel Verlag · EAA.",Acoustic fields;Computational linguistics;Noise pollution;Semantics;Acoustic design;Environmental studies;Holistic perspectives;Musical concepts;Scientific community;Scientific fields;Similarity of words;Sonic environments;Acoustic noise,,16101928 (ISSN),English,Acta Acust. United Acust.,Article,Scopus,Export Date: 14 March 2025; Cited By: 6; CODEN: AAACF,6,,853,862,,,232,0,21/03/2025 10:24,
16,JOUR,"Giordano, B.L.;de Miranda Azevedo, R.;Plasencia-Calaña, Y.;Formisano, E.;Dumontier, M.","What do we mean with sound semantics, exactly? A survey of taxonomies and ontologies of everyday sounds",2022,Frontiers in Psychology,13,964209,10.3389/fpsyg.2022.964209,https://www.scopus.com/inward/record.uri?eid=2-s2.0-85140852366&doi=10.3389%2ffpsyg.2022.964209&partnerID=40&md5=142e9a2614268d64c75eed533a0b7c1b,"Institut des Neurosciences de La Timone, CNRS UMR 7289, Université Aix-Marseille, Marseille, France","Taxonomies and ontologies for the characterization of everyday sounds have been developed in several research fields, including auditory cognition, soundscape research, artificial hearing, sound design, and medicine. Here, we surveyed 36 of such knowledge organization systems, which we identified through a systematic literature search. To evaluate the semantic domains covered by these systems within a homogeneous framework, we introduced a comprehensive set of verbal sound descriptors (sound source properties; attributes of sensation; sound signal descriptors; onomatopoeias; music genres), which we used to manually label the surveyed descriptor classes. We reveal that most taxonomies and ontologies were developed to characterize higher-level semantic relations between sound sources in terms of the sound-generating objects and actions involved (what/how), or in terms of the environmental context (where). This indicates the current lack of a comprehensive ontology of everyday sounds that covers simultaneously all semantic aspects of the relation between sounds. Such an ontology may have a wide range of applications and purposes, ranging from extending our scientific knowledge of auditory processes in the real world, to developing artificial hearing systems. Copyright © 2022 Giordano, de Miranda Azevedo, Plasencia-Calaña, Formisano and Dumontier.",acoustic signal;knowledge-representation systems;natural sounds;onomatopoeia;ontologies;semantics;sensation;sound source,Frontiers Media S.A.,16641078 (ISSN),English,Front. Psychol.,Review,Scopus,"Export Date: 14 March 2025; Cited By: 7; Correspondence Address: B.L. Giordano; Institut des Neurosciences de La Timone, CNRS UMR 7289, Université Aix-Marseille, Marseille, France; email: bruno.giordano@univ-amu.fr",,,,,,,16,0,21/03/2025 10:24,
40,JOUR,"Wild, L.A.;Riley, H.E.;Pearson, H.C.;Gabriele, C.M.;Neilson, J.L.;Szabo, A.;Moran, J.;Straley, J.M.;DeLand, S.",Biologically Important Areas II for cetaceans within U.S. and adjacent waters – Gulf of Alaska Region,2023,Frontiers in Marine Science,10,1134085,10.3389/fmars.2023.1134085,https://www.scopus.com/inward/record.uri?eid=2-s2.0-85159904235&doi=10.3389%2ffmars.2023.1134085&partnerID=40&md5=487d047898571a33318e287fd5b76bfd,"Applied Fisheries, University of Alaska Southeast, Sitka, AK, United States","We delineated and scored Biologically Important Areas (BIAs) for cetacean species in the Gulf of Alaska region. BIAs represent areas and times in which cetaceans are known to concentrate for activities related to reproduction, feeding, and migration, and also the known ranges of small and resident populations. This National Oceanic and Atmospheric Association (NOAA)-led effort uses structured expert elicitation principles to build upon the first version of NOAA’s BIAs for cetaceans. Supporting evidence for these BIAs came from aerial-, land-, and vessel-based surveys; satellite-tagging data; passive acoustic monitoring; Indigenous knowledge; photo-identification data; and/or prey studies. A total of 20 BIAs were identified, delineated, and scored for six species: beluga whale (Delphinapterus leucas), fin whale (Balaenoptera physalus), gray whale (Eschrichtius robustus), humpback whale (Megaptera novaeangliae), North Pacific right whale (Eubalaena japonica), and sperm whale (Physeter macrocephalus). Of the 20 total BIAs, there were two small and resident populations, one migratory, and 17 feeding areas; no reproductive BIAs were identified. An additional five watch list areas were identified, a new feature to the second version of BIAs. In addition to more comprehensive narratives and maps, the BIA II products improve upon the first version by creating metadata tables and incorporating a scoring and labeling system which improves quantification and standardization of BIAs within and across regions. BIAs are compilations of the best available science and have no inherent regulatory authority. They have been used by NOAA, other federal agencies, and the public to support planning and marine mammal impact assessments, and to inform the development of conservation measures for cetaceans. Copyright © 2023 Wild, Riley, Pearson, Gabriele, Neilson, Szabo, Moran, Straley and DeLand.",beluga whale;feeding area;fin whale;gray whale;humpback whale;migration;North Pacific right whale;sperm whale,Frontiers Media S.A.,22967745 (ISSN),English,Front. Mar. Sci.,Article,Scopus,"Export Date: 14 March 2025; Cited By: 1; Correspondence Address: L.A. Wild; Applied Fisheries, University of Alaska Southeast, Sitka, United States; email: lawild@alaska.edu",,,,,,,40,0,21/03/2025 10:24,
227,CONF,"Delaitre, P.;Lavandier, C.;Ribeiro, C.;Quoy, M.;D'Hondt, E.;Gonzalez Boix, E.;Kambona, K.",Influence of loudness of noise events on perceived sound quality in urban context,2014,INTERNOISE 2014 - 43rd International Congress on Noise Control Engineering: Improving the World Through Noise Control,,,,https://www.scopus.com/inward/record.uri?eid=2-s2.0-84923545889&partnerID=40&md5=adbb46d5f8945d39f67d92bfc9726b83,"Laboratoire Mobilité, Réseaux, Territoires et Environnement, Université de Cergy Pontoise, France","One of the aims of Cart-ASUR project is to propose an indicator of urban sound quality based on perceptive and acoustic data. The originality of this project consists in using mobile phone technology to collect data. 60 persons had to assess about 20 locations in Paris at four or five homogenous periods (days, evening, night, summer, winter) with a specific questionnaire through mobiles. In the questionnaire, the first questions are related to global sound environment characterization with semantic scales. The next questions concern the perceived loudness assessment of some emergent sources (light vehicles, trucks, bus and mopeds). Finally, the last questions deals with the presence time ratio assessment of sources that do not emerge from the background (birds, voices, steps, etc). Before each assessment, sound pressure level is recorded each second from the mobile phone's microphone during a 10-minute period. In this paper, the link between global sound quality and loudness assessment of emergent sources is developed. A particular attention is devoted to the situation classification. Depending on the type of location, some identified sources have an influence on the sound quality of the environment.",Soundscape;Urban sound quality;Acoustic noise;Acoustic variables control;Acoustic variables measurement;Cellular telephone systems;Cellular telephones;Mobile phones;Motorcycles;Semantics;Surveys;Telephone sets;Acoustic data;Light vehicles;Mobile phone technology;Perceived loudness;Sound environment;Sound pressure level;Sound Quality;Soundscapes;Sound reproduction,Australian Acoustical Society,978-090988203-7 (ISBN),English,INTERNOISE - Int. Congr. Noise Control Eng.: Improv. World Through Noise Control,Conference paper,Scopus,Export Date: 14 March 2025; Cited By: 4,,,,,Davy J.;Burgess M.;Don C.;Dowsett L.;McMinn T.;Broner N.,,227,0,21/03/2025 10:24,
190,JOUR,"Hernandez-de-Menendez, M.;Morales-Menendez, R.;Escobar, C.A.;Arinez, J.",Biometric applications in education,2021,International Journal on Interactive Design and Manufacturing,15,,10.1007/s12008-021-00760-6,https://www.scopus.com/inward/record.uri?eid=2-s2.0-85111520771&doi=10.1007%2fs12008-021-00760-6&partnerID=40&md5=92c1a9dd90b302df8c182308c9000288,"Tecnológico de Monterrey, Av. E Garza Sada 2501, Monterrey, 64849, NL, Mexico","Educational institutions are acquiring novel technologies to help make their processes more efficient and services more attractive for both students and faculty. Biometric technology is one such example that has been implemented in educational institutions with excellent results. In addition to identifying students, access control, and personal data management, it has critical applications to improve the academic domain's teaching/learning processes. Identity management system, class attendance, e-evaluation, security, student motivations, and learning analytics are areas in which biometric technology is most heavily employed. A literature review is performed to present an overview of biometric technology applications for educational purposes, challenges that must overcome to implement biometric technology, and potentially foreshadowing trends effectively. The future seems promising for biometric technology; the biometric technology market is expected to reach a value of USD 94 billion by 2025 at a compound annual growth rate of 36%. New characteristics are under development for commercial applications, such as vascular pattern recognition, ear shape recognition, facial thermography, odor sensing, gait recognition, heartbeat authentication, brain waves, and human body bioacoustics. The biggest challenge this technology must overcome is security and privacy issues, which must be addressed to fully develop the technology to its full potential. It is desirable that this literature review can provide researchers with a sound vision of the potential that biometric technology will have in education. © 2021, The Author(s), under exclusive licence to Springer-Verlag France SAS, part of Springer Nature.",Biometrics;Educational innovation;Higher education;State of the art;Authentication;Biometrics;Information management;Students;Biometric applications;Biometric technology;Commercial applications;Compound annual growth rates;Critical applications;Educational institutions;Identity management systems;Security and privacy issues;Engineering education,Springer-Verlag Italia s.r.l.,19552513 (ISSN),English,Int. J. Interact. Des. Manuf.,Article,Scopus,"Export Date: 14 March 2025; Cited By: 42; Correspondence Address: R. Morales-Menendez; Tecnológico de Monterrey, Monterrey, Av. E Garza Sada 2501, 64849, Mexico; email: rmm@tec.mx",02-Mar,,365,380,,,190,0,21/03/2025 10:24,
276,CONF,"Kalantari, L.;Willms, J.;Hatala, M.",Using semantic web approach in augmented audio reality system for museum visitors,2004,"Thirteenth International World Wide Web Conference Proceedings, WWW2004",,,,https://www.scopus.com/inward/record.uri?eid=2-s2.0-19944423122&partnerID=40&md5=5bee99e2910c568f1827879c625fcb1d,"School of Interactive Arts and Technology, Simon Fraser University, Surrey, BC V3T 2W1, Canada","In this paper, we describe our work in progress on the reasoning module of ec(h)o, an augmented audio-reality interface for museum visitors utilizing spatialized soundscapes and a semantic web approach to information. We used ontologies to describe the semantics of sound objects and represent user model. A rule-based system for selecting sound object uses semantic description of objects, visitor's interaction history and heuristics for continuity of the dialogue between user and the system.",Augmented-audio reality;Inference rules;Ontologies;User model;Algorithms;Audio systems;Embedded systems;Heuristic methods;Information retrieval;Interfaces (computer);Real time systems;Semantics;Augmented-audio reality;Inference rules;Ontologies;User model;World Wide Web,,158113844X (ISBN),English,Thirteenth Int. World Wide Web Conf. Proc. WWW,Conference paper,Scopus,"Export Date: 14 March 2025; Cited By: 0; Correspondence Address: L. Kalantari; School of Interactive Arts and Technology, Simon Fraser University, Surrey, BC V3T 2W1, Canada; email: lkalanta@sfu.ca",,,1118,1119,,,276,0,21/03/2025 10:24,
268,CONF,"Boubezari, M.;Carnuccio, E.;Coelho, J.L.B.",Predictive soundscape mapping,2011,"18th International Congress on Sound and Vibration 2011, ICSV 2011",2,,,https://www.scopus.com/inward/record.uri?eid=2-s2.0-84871525145&partnerID=40&md5=90c748a74967d291496293be93fe0fad,"Parque EXPO 98, S.A. and CAPS -Instituto Superior Técnico, TU Lisbon, Lisbon, Portugal","One of the most recurrent problems in the representation of a soundscape, in a predictive map with separate sound sources, is to take into account how these sources are inter-masked, in a fashion similar to human perception. In previous publications, the authors showed how to make it possible in a descriptive approach. Introducing human perception as an analytical process, language as a semantic stimulus and using common noise mapping software as an instrument of representation, a sound predictive mapping method was developed and implemented. This paper describes the method and presents an urban soundscape map with 3 different sound sources. It was confirmed that subjective capabilities can collaborate with the objective and creative approaches to obtain results without usually large uncertainties. Copyright © (2011) by the International Institute of Acoustics & Vibration.",Noise pollution;Semantics;Analytical process;Human perception;Noise mapping;Predictive mapping;Sound source;Soundscapes;Urban soundscape;Acoustic generators,,978-161839259-6 (ISBN),English,"Int. Congr. Sound Vib., ICSV",Conference paper,Scopus,"Export Date: 14 March 2025; Cited By: 1; Correspondence Address: M. Boubezari; Parque EXPO 98, S.A. and CAPS -Instituto Superior Técnico, TU Lisbon, Lisbon, Portugal; email: mboubezari@parqueexpo98.pt",,,1634,1641,,,268,0,21/03/2025 10:24,
163,JOUR,"Bahalı, S.;Tamer-Bayazıt, N.",Soundscape research on the Gezi Park – Tunel Square route,2017,Applied Acoustics,116,,10.1016/j.apacoust.2016.10.002,https://www.scopus.com/inward/record.uri?eid=2-s2.0-84991018138&doi=10.1016%2fj.apacoust.2016.10.002&partnerID=40&md5=3cc29263d7e2d7a16932ef0871da05c8,"Department of Architecture, Istanbul Technical University, ITU Faculty of Architecture, 34473 Taksim, Istanbul, Turkey","The properties of urban sound environments are subject to several factors, such as physical, social, cultural features of the city and people. Hence, urban soundscape studies are important for understanding the sound environments in a city from different points of view. In this study, soundscape research was designed and applied with practices, regarding the Gezi Park - Tunel Square route, specifying key locations as Gezi Park, Taksim Square, Galatasaray Square, and Tunel Square. This study is primarily reliant on the “soundwalk method,” which combines the ‘Positive Soundscape Project’ and ‘Schafer's World Soundscape Project.’ Soundwalks were applied in the research field by silently walking along the route, and after the walk, questions about the soundscape characteristics of the route and its perceptual features were answered by the participants. With the results of questionnaires, and by means of semantic descriptors (which were used by participants to express the soundscapes of key locations), soundscape characteristics on the route were discussed. Subjective parameters and psychoacoustic parameters which was obtained via binaural recordings and post-signal analysis were compared with regards to their effects on soundscapes. The aim was to find out the perceived soundscape characteristics of four key locations and factors that affect soundscape classification along the route. © 2016 Elsevier Ltd",Istanbul;Perception;Soundscape;Soundwalk;Urban;Acoustics;Semantics;Sensory perception;Surveys;Binaural recordings;Istanbul;Perceptual feature;Psychoacoustic parameters;Sound environment;Soundscapes;Soundwalk;Urban;Location,Elsevier Ltd,0003682X (ISSN),English,Appl Acoust,Article,Scopus,"Export Date: 14 March 2025; Cited By: 34; Correspondence Address: S. Bahalı; Department of Architecture, Istanbul Technical University, ITU Faculty of Architecture, Istanbul, 34473 Taksim, Turkey; email: bahali@itu.edu.tr; CODEN: AACOB",,,260,270,,,163,0,21/03/2025 10:24,
113,JOUR,"Graham, J.;Kroetz, A.M.;Poulakis, G.R.;Scharer, R.M.;Carlson, J.K.;Lowerre-Barbieri, S.;Morley, D.;Reyier, E.A.;Grubbs, R.D.",Large-scale space use of large juvenile and adult smalltooth sawfish Pristis pectinata: implications for management,2021,Endangered Species Research,44,,10.3354/esr01088,https://www.scopus.com/inward/record.uri?eid=2-s2.0-85101024462&doi=10.3354%2fesr01088&partnerID=40&md5=971940cbb6a998ce63c8967c55f3058c,"Florida State University Coastal and Marine Laboratory, St. Teresa, 32358, Florida, United States","The smalltooth sawfish Pristis pectinata is an endangered species endemic to the Atlantic Ocean. The only known viable populations occur in the USA along both coasts of Florida and in the western Bahamas. Little is known about habitat use and movement ecology of large juvenile and adult smalltooth sawfish. Although Critical Habitat—a management designation in the USA—has been identified for small juveniles, it has yet to be identified for these life stages. Between May 2016 and April 2019, we used passive acoustic telemetry and 3 large data sharing networks of receivers to track movements of 43 large juvenile and adult smalltooth sawfish. During this study, 24 females and 19 males were implanted with transmitters with estimated 4 or 10 yr battery lives. These tagged individuals were detected off the southeastern USA on 461 receivers ranging from off the coast of Brunswick, Georgia, to the lower Florida Keys, and along the Gulf coast to Apalachee Bay, Florida. Seasonal migrations were undertaken by 58% (43% mature; 57% immature) of the tagged individuals, with the remainder being apparent residents of their tagging locations. Tagged sawfish from both size classes and of both sexes migrated, which indicates that neither sex nor length is a predictor of whether a sawfish will migrate or not. Although both coasts of Florida were used for migration, most individuals consistently used the same coast when they migrated. The areas surrounding Boca Grande, Cape Canaveral, and the lower Florida Keys were heavily visited sites that could be further evaluated as potential Critical Habitat for these life stages. Understanding the movement patterns of this Critically Endangered species is essential for creating policies to protect areas important for promoting growth of the population. © J.G., A.M.K., G.R.P., R.M.S., S.L.B., D.M., E.A.R., R.D.G., and outside the USA the US Government 2021. Open Access under Creative Commons by Attribution Licence. Use, distribution and reproduction are un restricted. Authors and original publication must be credited.",Acoustic monitoring;Conservation;Endangered species;Habitat use;Management;Pristis pectinata;Apalachee Bay;Florida Keys;Florida [United States];United States;Florida;Pristidae;Pristis pectinata;adult;conservation management;endangered species;habitat management;habitat use;population growth;telemetry,Inter-Research,18635407 (ISSN),English,Endanger. Species Res.,Article,Scopus,"Export Date: 14 March 2025; Cited By: 18; Correspondence Address: J. Graham; Florida State University Coastal and Marine Laboratory, St. Teresa, 32358, United States; email: jgraham@mote.org",,,45,59,,,113,0,21/03/2025 10:25,
182,BOOK,"Filimowicz, M.",Foundations in Sound Design for Linear Media: A Multidisciplinary Approach,2019,Foundations in Sound Design for Linear Media: A Multidisciplinary Approach,,,10.4324/9781315106335,https://www.scopus.com/inward/record.uri?eid=2-s2.0-85103436959&doi=10.4324%2f9781315106335&partnerID=40&md5=def5a7042fd4d7c0555eecfc3ba28680,"School of Interactive Arts and Technology (SIAT), Simon Fraser University, Canada","This volume provides a comprehensive introduction to foundational topics in sound design for linear media, such as listening and recording; audio postproduction; key musical concepts and forms such as harmony, conceptual sound design, electronica, soundscape, and electroacoustic composition; the audio commons; and sound’s ontology and phenomenology. The reader will gain a broad understanding of the key concepts and practices that define sound design for its use with moving images as well as important forms of composed sound. The chapters are written by international authors from diverse backgrounds who provide multidisciplinary perspectives on sound in its linear forms. The volume is designed as a textbook for students and teachers, as a handbook for researchers in sound, media and experience, and as a survey of key trends and ideas for practitioners interested in exploring the boundaries of their profession. © 2020 Taylor and Francis.",,Taylor and Francis,978-135160383-6 (ISBN); 978-131510633-5 (ISBN),English,Foundations in Sound Design for Linear Media: A Multidisciplinary Approach,Book,Scopus,Export Date: 14 March 2025; Cited By: 6,,,1,418,,,182,0,21/03/2025 10:25,
37,JOUR,"Jarvis, S.O.",ON THE ONTOLOGY OF SOUND,2024,Canadian Acoustics - Acoustique Canadienne,52,,,https://www.scopus.com/inward/record.uri?eid=2-s2.0-85198336179&partnerID=40&md5=0782556c3af5f87fb774368f290225f3,"University of Birmingham, Birmingham, B15 2TT, United Kingdom","This article provides a compressed examination of sound studies, wherein the author explores the nexus of sound and listening as pivotal junctures intersecting semiotic and phenomenological discourses. At the same time, sound and listening are clarified as perplexing lacunas in the philosophical realm of sound. The study focuses on sound studies as a subject of inquiry to scrutinise its ontological underpinnings. Additionally, the article delves into the conundrum of why investigations into sound-related issues have predominantly occurred within the realms of science and art, often remaining confined within the purview of technology. In addressing these questions, the author seeks to elucidate the limitations of the current discourse on sound. The article explores the dimensions of representational sound, soundscape, and sound installation, thereby broadening the scope of inquiry within the field of sound studies. © 2024, Canadian Acoustical Association. All rights reserved.",cinematography;music;ontology of sound;philosophy of sound;sound studies;soundscape;Philosophical aspects;'current;'lacuna';Cinematography;Ontologie;Ontology of sound;Ontology's;Philosophy of sound;Sound installation;Sound study;Soundscapes;Ontology,Canadian Acoustical Association,07116659 (ISSN),English,Can Acoust,Article,Scopus,"Export Date: 14 March 2025; Cited By: 0; Correspondence Address: S.O. Jarvis; University of Birmingham, Birmingham, B15 2TT, United Kingdom; email: musician@sjarvis-violin.co.uk; CODEN: CAACD",2 Special Issue,,,,,Sur l'ontologie du son,37,0,21/03/2025 10:26,
145,JOUR,"Barnes, A.",Mapping the Landscape with Sound: Tracking the Soundscape from Australian Colonial Gothic Literature to Australian Cinema and Australian Transcultural Cinema,2017,Critical Arts,31,,10.1080/02560046.2017.1386702,https://www.scopus.com/inward/record.uri?eid=2-s2.0-85045237745&doi=10.1080%2f02560046.2017.1386702&partnerID=40&md5=173db84ccccec2fc6a3a99b59bbd2b9e,"University of New York, (NYU Sydney), United States","This article explores how and why the Australian landscape was sonically mapped by Australian colonial Gothic writers and how these sonic descriptors came to be audibly translated into films of New Australian Cinema and, later, redeployed in Australian transcultural cinema. Australian colonial Gothic literature proved important for writers to describe and situate themselves within a foreign and uncanny landscape. The writers relied upon the sonic semantics of the Gothic genre to aurally envelop their characters within a spectral web—a world of exultant cries, piercing screams, rasping breaths, all permeating from the Australian landscape. New Australian Cinema drew on both the key sounds found in Australian Gothic fiction and the centrality of the sonic in this literary genre to tell similar stories of an uncanny Australia. By utilising three sonic conceptual tools—the sonic fetish, the sonic artefact, and the sonic spectre—and providing a close listening of Night Cries: A Rural Tragedy (dir. Tracey Moffatt, 1989) I examine how key sonic tropes from New Australian Cinema were enlisted by Australian transcultural cinema, but are silenced, manipulated, and repositioned to take on new meaning and tell very different stories of colonisation, settlement, and nation. © 2017 Unisa Press.",Australian cinema;film sound;genre;Gothic;postcolonial;sound;transcultural,Routledge,02560046 (ISSN),English,Crit. Arts,Article,Scopus,"Export Date: 14 March 2025; Cited By: 2; Correspondence Address: A. Barnes; University of New York, (NYU Sydney), United States; email: anne.barnes@nyu.edu",5,,156,170,,,145,0,21/03/2025 10:26,
278,JOUR,"Simpfendorfer, C.A.;Huveneers, C.;Steckenreuter, A.;Tattersall, K.;Hoenner, X.;Harcourt, R.;Heupel, M.R.",Ghosts in the data: False detections in VEMCO pulse position modulation acoustic telemetry monitoring equipment,2015,Animal Biotelemetry,3,55,10.1186/s40317-015-0094-z,https://www.scopus.com/inward/record.uri?eid=2-s2.0-85018193411&doi=10.1186%2fs40317-015-0094-z&partnerID=40&md5=608a7fa0f61479ca8724ccefb7c2d628,"James Cook University, Centre for Sustainable Tropical Fisheries and Aquaculture, College of Marine, Environmental Sciences, Building 34, Townsville, 4811, QLD, Australia","Background: False-positive data (better known as ""false detections"") in VEMCO VR2 acoustic telemetry monitoring studies that use pulse position modulation coding can cause biased or erroneous outcomes in data analysis. To understand the occurrence of false detections in acoustic monitoring data sets, the results of a range test experiment using eight acoustic receivers and 12 transmitters were examined. Results: One hundred and fifty one tag ID codes were recorded, 137 of which were identified as likely from false detections, 12 were from test tags, and two were from tagged sharks. False detections accounted for <0.05 % of detections (918) in the experiment. False detection tag ID codes were not randomly distributed amongst the available codes, being more likely to occur at IDs close to tags used in the experiment. Receivers located near the bottom recorded the most false detections and tag ID codes from false detections. Receivers at the same depth did not differ significantly in the mean number of daily false detections. The daily number of false detections recorded by a receiver did not conform to a random pattern, and was not strongly correlated with daily receiver performance. Conclusions: In an era of increasing data sharing and public storage of scientific data, the occurrence of false detections is of significant concern and the results of this study demonstrate that while rare they do occur and can be identified and accounted for in analyses. © 2015 Simpfendorfer et al.",Acoustic receiver performance;False-positive data;IMOS-AATAMS;VEMCO VR2W,BioMed Central Ltd.,20503385 (ISSN),English,Anim. Biotelem.,Article,Scopus,"Export Date: 14 March 2025; Cited By: 100; Correspondence Address: C.A. Simpfendorfer; James Cook University, Centre for Sustainable Tropical Fisheries and Aquaculture, College of Marine, Environmental Sciences, Townsville, Building 34, 4811, Australia; email: colin.simpfendorfer@jcu.edu.au",1,,,,,,278,0,21/03/2025 10:27,
229,CONF,"Hatala, M.;Kalantari, L.;Wakkary, R.;Newby, K.",Ontology and rule based retrieval of sound objects in augmented audio reality system for museum visitors,2004,Proceedings of the ACM Symposium on Applied Computing,2,,10.1145/967900.968114,https://www.scopus.com/inward/record.uri?eid=2-s2.0-2442539359&doi=10.1145%2f967900.968114&partnerID=40&md5=22166329e0b21154d0ea0c8012b06b43,"Sch. of Interactive Arts/Technology, Simon Fraser University, Surrey, BC V3T 2W1, Canada","ec(h)o is an ""augmented reality interface"" utilizing spatialized soundscapes and a semantic web approach to information. The initial prototype is designed for a natural history and science museum. The platform is designed to create a museum experience that consists of a physical installation and an interactive virtual layer of three-dimensional soundscapes that are physically mapped to the museum displays. The source for the audio data is digital sound objects. The digital objects originate in a network of object repositories that connect digital content from one museum with other museums collections. The interface enables people to interact with the system by movement and object manipulation-based gestures without the direct use of a computer device. The focus of this paper is the retrieval mechanism for the sound objects for the museum visitor, The retrieval mechanism is built on the user model and conceptual descriptions of the sound object and museum artifacts in the form of ontologies for sound and psychoacoustics, topic ontology and Conceptual Reference Model for museum information. The retrieval criteria are represented as inference rules that represent knowledge from psychoacoustics, cognitive domain and composition aspects of interaction. The system will be demonstrated in exhibition space in Nature Museum in Ottawa in January 2003.",Augmented audio reality;Inference rules;Ontologies;User model;Algorithms;Data storage equipment;Inference engines;Interactive computer systems;Logic programming;Mathematical models;User interfaces;Virtual reality;Augmented audio reality;Inference rules;Ontologies;User models;Information retrieval,Association for Computing Machinery (ACM),,English,Proc ACM Symp Appl Computing,Conference paper,Scopus,"Export Date: 14 March 2025; Cited By: 35; Correspondence Address: M. Hatala; Sch. of Interactive Arts/Technology, Simon Fraser University, Surrey, BC V3T 2W1, Canada; email: mhatala@sfu.ca",,,1045,1050,,,229,0,21/03/2025 10:27,
47,JOUR,"Zelada, E.;Çamcı, A.",Conveying climate data through immersive sonification and interactive plant art in Unnatural Nature,2024,Personal and Ubiquitous Computing,28,,10.1007/s00779-024-01807-7,https://www.scopus.com/inward/record.uri?eid=2-s2.0-85196285457&doi=10.1007%2fs00779-024-01807-7&partnerID=40&md5=359f71f462db2ab689adf09616138292,"Department of Performing Arts Technology, School of Music, Theatre and Dance, University of Michigan, Ann Arbor, MI, United States","This paper presents the design, implementation, and evaluation of a sound installation titled “Unnatural Nature,” which explores climate change through data sonification and interactivity. The installation comprises two parts: (1) immersive sonification of climate data on global temperature, CO2 concentration, Arctic and Antarctic ice sheet mass, and sea level variation, and (2) interactive engagement with physical plants using a custom sensor system. In the first part, the sonification employs a diverse range of sounds that model elements of a natural soundscape presented through higher-order Ambisonics to establish an immersive experience for the audience. In the second part, the sensor system embedded into live plants detects touch and inertial interactions that are mapped to audio and visual events. In this way, the audience is invited to reflect on our interconnectedness with nature and our active involvement in its transformation, as evidenced by the data presented in the first part of the installation. In this paper, we first discuss the implementation of our sonification, describing its technical and aesthetic development. We then offer details of our sensor system, discussing the interactive and audiovisual design of the second part of our installation. Finally, we present the results of a user study conducted to understand participants’ interpretation of and engagement with the sonification and evaluate its effectiveness in conveying climate data. We also offer insights from the first public presentation of the installation, highlighting the visitors’ reflections on their experiences. By merging data sonification, interactive plant art, and immersive audio, “Unnatural Nature” aims to foster environmental awareness, evoke emotional engagement with the subject matter, and encourage participation in climate change discourse. © The Author(s), under exclusive licence to Springer-Verlag London Ltd., part of Springer Nature 2024.",Climate change;Evaluation;Interaction;Sonification;Spatial audio;Conveying;Installation;Metadata;Sea level;Climate data;Data sonification;Design evaluation;Design implementation;Evaluation;Immersive;Interaction;Sensor systems;Sonifications;Spatial audio;Climate change,Springer Science and Business Media Deutschland GmbH,16174909 (ISSN),English,Pers. Ubiquitous Comp.,Article,Scopus,"Export Date: 14 March 2025; Cited By: 0; Correspondence Address: E. Zelada; Department of Performing Arts Technology, School of Music, Theatre and Dance, University of Michigan, Ann Arbor, United States; email: ezelada@umich.edu",5,,745,761,,,47,0,21/03/2025 10:27,
25,JOUR,"Claramonte, J.;Mateos, A.",AURAL ECOLOGY: A CATEGORICAL INVESTIGATION IN SELF-ORGANIZING SYSTEMS,2023,Arbor,199,a727,10.3989/arbor.2023.810007,https://www.scopus.com/inward/record.uri?eid=2-s2.0-85183904716&doi=10.3989%2farbor.2023.810007&partnerID=40&md5=d7fcf209a19e22b8fd68a71334a89f75,"Universidad Nacional de Educación a Distancia (UNED), Madrid, Spain","In this work we explain the philosophical analysis of the modal categories oriented toward the study and understanding of self-organizing systems showing complexity. For this, we focus our research in the area of ecology and, more specifically, in the field of aural ecology, that is, in the study of the sounds that make up ecosystems. The modal categories developed here are, firstly, «repertoriality», referring to the coherence and internal stability of any self-organizing system; then, «dispositionality», or the experimentation and variation inherent in these systems and, finally, the «landscape», regarding what is really effective, what is given. This conjunction of categories leads us to explore the modal system of necessity-contingency-possibility-impossibility which, applied to sound studies, becomes the game of signals-redundancy-noise-silence. These categories, applied to real instances found in natural environments, help us to understand the way Heraclitus’s becoming is revealed in every ecosystem. Finally, we discover how the categorical investigation of soundscapes provides us with complex information about the evolutionary behaviour and the state of conservation of these systems. © 2023 CSIC.",aurality;categories;ecology;Ontology;self-organization,CSIC Consejo Superior de Investigaciones Cientificas,02101963 (ISSN),Spanish,Arbor,Article,Scopus,Export Date: 14 March 2025; Cited By: 0,810,,,,,ECOLOGÍA AURAL: UNA INVESTIGACIÓN CATEGORIAL EN SISTEMAS AUTOORGANIZADOS,25,0,21/03/2025 10:28,remember for later
213,CONF,"Boubezari, M.;Carnuccio, E.;Alarcão, D.;Bento Coelho, J.L.",Predictive soundscape mapping,2011,Proceedings of Forum Acusticum,,,,https://www.scopus.com/inward/record.uri?eid=2-s2.0-84866015294&partnerID=40&md5=ac5aa0e436e651836d3cae329337a23f,"Parque Expo 98, Instituto Superior Técnico, TU Lisbon, Portugal","It is known that the most recurrent problem in the representation of a soundscape, in a predictive map with separate sound sources, is to take into account how they are inter-masked, in the same way that human perception does. In previous publications, the authors showed how to make it possible in a descriptive approach. Introducing human perception as an analytical process, language as a semantic stimulus and using common noise mapping software as an instrument of representation, a sound predictive mapping method was implemented. This paper describes the method and presents the first results. It confirmed that subjective capabilities can collaborate with the objective and creative approaches to obtain precise results instead of getting large uncertainties that are generally accepted.",Noise pollution;Analytical process;Human perception;Noise mapping;Predictive mapping;Sound source;Soundscapes;Semantics,,22213767 (ISSN),English,Proc. Forum Acusticum,Conference paper,Scopus,Export Date: 14 March 2025; Cited By: 1,,,2067,2071,,,213,0,21/03/2025 10:29,
67,JOUR,,"5th International Workshop on Emerging Technologies for Authorization and Authentication, ETAA 2022, co-located with the 27th European Symposium on Research in Computer Security, ESORICS 2022",2023,Lecture Notes in Computer Science (including subseries Lecture Notes in Artificial Intelligence and Lecture Notes in Bioinformatics),13782 LNCS,,,https://www.scopus.com/inward/record.uri?eid=2-s2.0-85149865748&partnerID=40&md5=3460e59fd7a999b768561826c595ccca,,"The proceedings contain 9 papers. The special focus in this conference is on Emerging Technologies for Authorization and Authentication. The topics include: User Authentication on Headset-Like Devices by Bioacoustic Signals; the Measurable Environment as Nonintrusive Authentication Factor on the Example of WiFi Beacon Frames; Protecting FIDO Extensions Against Man-in-the-Middle Attacks; authentication, Authorization, and Selective Disclosure for IoT Data Sharing Using Verifiable Credentials and Zero-Knowledge Proofs; privacy-Preserving Speaker Verification and Speech Recognition; an E-Voting System Based on Tornado Cash; linking Contexts from Distinct Data Sources in Zero Trust Federation.",,Springer Science and Business Media Deutschland GmbH,03029743 (ISSN); 978-303125466-6 (ISBN),English,Lect. Notes Comput. Sci.,Conference review,Scopus,Export Date: 14 March 2025; Cited By: 0,,,,,Saracino A.;Mori P.,,67,0,21/03/2025 10:30,
51,JOUR,"Kong, P.-R.;Han, K.-T.",Psychological and physiological effects of soundscapes: A systematic review,2024,Science of the Total Environment,929,172197,10.1016/j.scitotenv.2024.172197,https://www.scopus.com/inward/record.uri?eid=2-s2.0-85191002983&doi=10.1016%2fj.scitotenv.2024.172197&partnerID=40&md5=1480dca4dffa46865a44055b6fe3ef05,"Department of Landscape Architecture, National Chin-Yi University of Technology, No.57, Sec. 2, Zhongshan Rd., Taiping Dist., Taichung, 41170, Taiwan","The aim of this systematic review was to conduct a comprehensive and rigorous investigation of both psychological and physiological responses to, and audio-visual interactions with, soundscapes to present an overview of the current status and to provide suggestions for future research. Our literature search focused on empirical and quantitative studies of journal articles and gray literature in English and Chinese. This systematic review excluded literature related to pure music, religious sounds, humanistic sounds, historical sounds, medical research, and differences in materials used. The Joanna Briggs Institute's Checklist for Randomized Controlled Trials was used to assess the risk of bias in the included studies. Twenty-five studies were included, involving 1950 participants. The major findings of this systematic review were that: (1) there were significant associations between the psychological and physiological responses; (2) the audio-visual interaction affected the psychological and physiological responses; and (3) because of the high risk of bias of the included studies, interpretation of their findings should be cautious. Nevertheless, given that this systematic review has a higher level of evidence than a single study and the synthesized evidence identified in this review is aligned with the results of other studies, the studies reviewed herein together provide consistent evidence. Replications are important in empirical research to build trustworthy results. Future research should focus on the psychological responses of pleasantness, preference, tranquility, the eight semantic dimensions (ISO 12913-2:2018), and the 11 pairs of adjectives describing the soundscape (Ba et al., 2023) and the physiological responses of heart rate variability and salivary, and follow the CONSORT guidelines to improve the research quality. An integration of sensory modalities, environmental factors, contextual indicators, temporal data, demographic variables, socio-cultural factors, and psychological and physiological responses may provide deeper insights into how people experience and understand the acoustic environment in context. © 2024 Elsevier B.V.",Audio-visual interaction;Bibliometrics;Evidence level;Health/well-being;Psychophysiology;Synthesized evidence;Auditory Perception;Humans;Sound;Association reactions;Audio acoustics;Music;Physiological models;Psychophysiology;Risk assessment;Audio-visual interactions;Bibliometric;Evidence level;Health/well-being;Physiological response;Psychological response;Synthesised;Synthesized evidence;Systematic Review;Well being;empirical analysis;environmental factor;mental health;physiological response;public health;blood oxygen tension;breathing rate;cultural factor;diastolic blood pressure;electrocardiography;empirical research;environmental factor;heart rate variability;human;music;oxygen saturation;Preferred Reporting Items for Systematic Reviews and Meta-Analyses;psychophysiology;randomized controlled trial (topic);Review;skin conductance;sociodemographics;sound;soundscape;systematic review;systolic blood pressure;telecommunication;virtual reality;work environment;hearing;physiology;sound;Semantics,Elsevier B.V.,00489697 (ISSN),English,Sci. Total Environ.,Review,Scopus,"Export Date: 14 March 2025; Cited By: 6; Correspondence Address: K.-T. Han; Department of Landscape Architecture, National Chin-Yi University of Technology, Taichung, No.57, Sec. 2, Zhongshan Rd., Taiping Dist., 41170, Taiwan; email: kthan@ncut.edu.tw; CODEN: STEVA",,38582113,,,,,51,0,21/03/2025 10:30,
8,JOUR,"Lin, D.;Li, T.;Liang, H.",Semantic differential analysis of effects of indoor soundscapes on learning efficiency during online home-based classes,2024,PLoS ONE,19,e0306812,10.1371/journal.pone.0306812,https://www.scopus.com/inward/record.uri?eid=2-s2.0-85201347144&doi=10.1371%2fjournal.pone.0306812&partnerID=40&md5=c09a9ea5496c56cdfc6619678c42c938,"School of Architecture and Art, Hebei University of Architecture, Hebei, Zhangjiakou, China","This investigation into the effects of indoor soundscapes on learning efficiency during home-based online classes amidst the COVID-19 pandemic leveraged a questionnaire survey to gather insights from participants across 32 provinces in China. The survey findings reveal a notable preference among respondents for sounds emanating from nature and culture, alongside an acceptance of sounds inherent to lectures. A significant majority showed a preference for a tranquil soundscape or one enriched with natural and cultural elements, emphasizing that such an environment, coupled with the ability for active communication, is conducive to enhancing learning efficiency. Through semantic differential analysis, the study identified four pivotal factors that influence subjective evaluations of indoor soundscapes: the nature of online classes, relaxation, physical attributes of the soundscape, and aspects related to personal study. Additionally, the analysis delved into gender and regional differences in soundscape perceptions and their impact on learning. A key finding is that complex soundscapes negatively affect the learning process, with 45.7% of respondents reporting a perceived decrease in learning efficiency attributable to the indoor soundscape experienced during home-based online classes. Consequently, this study suggests that optimizing learning efficiency requires creating simpler, lighter, quieter, and more relaxing soundscapes. These insights hold both theoretical and practical value, offering a foundational basis for further research into indoor soundscapes and informing the development and management of online classes. The findings underscore the importance of considering the auditory environment as a critical component of effective online education, highlighting the need for strategies that mitigate auditory distractions and foster an acoustically conducive learning space. © 2024 Lin et al. This is an open access article distributed under the terms of the Creative Commons Attribution License, which permits unrestricted use, distribution, and reproduction in any medium, provided the original author and source are credited.","Adult;China;COVID-19;Education, Distance;Female;Humans;Learning;Male;Middle Aged;Pandemics;SARS-CoV-2;Semantics;Sound;Surveys and Questionnaires;Young Adult;adult;Article;college;coronavirus disease 2019;COVID-19 Anxiety Scale;cultural anthropology;e-learning;female;geographic distribution;heart rehabilitation;high school;home schooling;human;learning;leisure;loudness;major clinical study;male;medical student;middle aged;open access publishing;perception;postgraduate education;principal component analysis;productivity;psychometry;questionnaire;semantic differential scale;skin conductance;sound;undergraduate education;China;coronavirus disease 2019;distance learning;epidemiology;pandemic;prevention and control;procedures;semantics;Severe acute respiratory syndrome coronavirus 2;young adult",Public Library of Science,19326203 (ISSN),English,PLoS ONE,Article,Scopus,"Export Date: 14 March 2025; Cited By: 0; Correspondence Address: H. Liang; School of Architecture and Art, Hebei University of Architecture, Zhangjiakou, Hebei, China; email: lhj1401@hebiace.edu.cn; CODEN: POLNC",08-Aug,39146270,,,,,8,0,21/03/2025 10:30,
105,CONF,"Constantinescu, A.;Müller, K.;Haurilet, M.;Petrausch, V.;Stiefelhagen, R.",Bring the Environment to Life: A Sonification Module for People with Visual Impairments to Improve Situation Awareness,2020,ICMI 2020 - Proceedings of the 2020 International Conference on Multimodal Interaction,,,10.1145/3382507.3418874,https://www.scopus.com/inward/record.uri?eid=2-s2.0-85096684837&doi=10.1145%2f3382507.3418874&partnerID=40&md5=e9b921756791fcfcc7aed26addb99b55,"Karlsruhe Institute of Technology, Study Center for the Visually Impaired, Karlsruhe, Germany","Digital navigation tools for helping people with visual impairments have become increasingly popular in recent years. While conventional navigation solutions give routing instructions to the user, systems such as GoogleMaps, BlindSquare, or Soundscape offer additional information about the surroundings and, thereby, improve the orientation of people with visual impairments. However, these systems only provide information about static environments, while dynamic scenes comprising objects such as bikes, dogs, and persons are not considered. In addition, both the routing and the information about the environment are usually conveyed by speech. We address this gap and implement a mobile system that combines object identification with a sonification interface. Our system can be used in three different scenarios of macro and micro navigation: orientation, obstacle avoidance, and exploration of known and unknown routes. Our proposed system leverages popular computer vision methods to localize 18 static and dynamic object classes in real-time. At the heart of our system is a mixed reality sonification interface which is adaptable to the user's needs and is able to transmit the recognized semantic information to the user. The system is designed in a user-centered approach. An exploratory user study conducted by us showed that our object-to-sound mapping with auditory icons is intuitive. On average, users perceived our system as useful and indicated that they want to know more about their environment, apart from wayfinding and points of interest.  © 2020 ACM.",assistive technologies;computer vision;evaluations of intelligent user interfaces;mixed reality;object localization;sonification;Interactive computer systems;Mixed reality;Semantics;Digital navigation;Navigation solution;Object identification;Points of interest;Semantic information;Situation awareness;Static environment;User-centered approach;Navigation,"Association for Computing Machinery, Inc",978-145037581-8 (ISBN),English,ICMI - Proc. Int. Conf. Multimodal Interact.,Conference paper,Scopus,Export Date: 14 March 2025; Cited By: 17,,,50,59,,,105,0,21/03/2025 10:30,
86,JOUR,"Mishakin, V.V.;Gonchar, A.V.;Kurashkin, K.V.;Klyushnikov, V.A.;Kachanov, M.",On low-cycle fatigue of austenitic steel. Part I: Changes of Poisson's ratio and elastic anisotropy,2021,International Journal of Engineering Science,168,103567,10.1016/j.ijengsci.2021.103567,https://www.scopus.com/inward/record.uri?eid=2-s2.0-85113312721&doi=10.1016%2fj.ijengsci.2021.103567&partnerID=40&md5=883731513ebabab67bbd3ffc879c2922,"Mechanical Engineering Research Institute of RAS - branch of the ""Federal Research Center The Institute of Applied Physics of the RAS"", 85, Belinskogo str., Nizhny Novgorod, 603024, Russian Federation","Microstructural changes under low-cycle fatigue of a metastable austenitic steel are monitored by a combination of the acoustic parameters: Poisson's ratio (more precisely, its change) as indicator of the “diffused” damage and anisotropy change as indicator of changes of texture. Three stages of the Poisson's ratio evolution are identified; they serve as markers of the process of material degradation. A criterion of fracture in terms of a critical combination of the changes of the mentioned parameters is proposed and tested. The challenge of separating the effects of damage accumulation and of the martensitic transformation on elasticity parameters is addressed by combining acoustic monitoring with the eddy current data. © 2021 Elsevier Ltd",Anisotropy;Austenitic steel;Fatigue;Martensite;Monitoring;Poisson's ratio;Anisotropy;Austenite;Austenitic transformations;Eddy current testing;Fatigue of materials;Martensitic transformations;Metadata;Poisson ratio;Textures;Acoustic monitoring;Acoustic parameters;Damage accumulation;Elastic anisotropy;Elasticity parameters;Material degradation;Metastable austenitic steels;Microstructural changes;Austenitic stainless steel,Elsevier Ltd,00207225 (ISSN),English,Int J Eng Sci,Article,Scopus,"Export Date: 14 March 2025; Cited By: 18; Correspondence Address: V.A. Klyushnikov; Mechanical Engineering Research Institute of RAS - branch of the ""Federal Research Center The Institute of Applied Physics of the RAS"", Nizhny Novgorod, 85, Belinskogo str., 603024, Russian Federation; email: slavchuk2@yandex.ru; CODEN: IJESA",,,,,,,86,0,21/03/2025 10:30,
161,CONF,"Bones, O.;Cox, T.J.;Davies, W.J.",An evidence-based soundscape taxonomy,2017,"24th International Congress on Sound and Vibration, ICSV 2017",,,,https://www.scopus.com/inward/record.uri?eid=2-s2.0-85029420669&partnerID=40&md5=003094eff4a7c00bfc77eff5cd7f8662,"University of Salford, Acoustics Research Centre, School of Computing, Science and Engineering, Salford, M5 4WT, United Kingdom","In an attempt to cultivate standardization in soundscape reporting Brown, Kang and Gjestland [1] offered an influential schema by which the acoustic environment is divided initially into indoor and outdoor environments, and within each into further categories; urban, rural, wilderness, and underwater. Within each of these, sounds are categorised with increasing levels of detail. However, this schema is offered as an organizational framework for further elaboration, rather than as an evidence-based account of semantic categories. In other soundscape categorisation research semantic differential data are used to examine how perceptually similar sounds are. However, this approach typically involves prescribing descriptive terms, taken from previous research or simply prescribed by the researcher, rather than eliciting descriptive terms and semantic categories per se. Another common method for identifying semantic categories is to perform multidimensional scaling and cluster analysis of similarity data generated by a pairwise comparison task. This approach avoids prescribing attributes with which to rate sounds; however the absence of semantic labelling in the task means that interpretation of the data is necessarily subjective, and the amount of time required to perform pairwise comparisons on a large number of sounds is potentially prohibitive. Here we present an evidence-based account of semantic categories of sounds commonly described in the soundscape literature, using a robust method based upon perceptual data generated by an online sorting and category-labelling task. This method is relatively quick to perform and elicits rather than prescribes categories and descriptive terms.",Methodology;Perception;Soundscape;Taxonomy;Cluster analysis;Semantics;Sensory perception;Taxonomies;Acoustic environment;Methodology;Multi-dimensional scaling;Organizational frameworks;Outdoor environment;Pair-wise comparison;Semantic differential;Soundscapes;Underwater acoustics,"International Institute of Acoustics and Vibration, IIAV",,English,"Int. Congr. Sound Vib., ICSV",Conference paper,Scopus,Export Date: 14 March 2025; Cited By: 0,,,,,Gibbs B.,,161,0,21/03/2025 10:31,
236,JOUR,"Nosal, A.P.;Caillat, A.;Kisfaludy, E.K.;Royer, M.A.;Wegner, N.C.","Aggregation behavior and seasonal philopatry in male and female leopard sharks Triakis semifasciata along the open coast of southern California, USA",2014,Marine Ecology Progress Series,499,,10.3354/meps10632,https://www.scopus.com/inward/record.uri?eid=2-s2.0-84895550093&doi=10.3354%2fmeps10632&partnerID=40&md5=ae584ddb4acd7373ca6416b8663945de,"Scripps Institution of Oceanography, University of California - San Diego, San Diego, CA 92037, United States","This study presents the longest uninterrupted acoustic monitoring record available to date for the leopard shark Triakis semifasciata, providing novel insight into the fine-scale and long-term movement patterns of this species, and demonstrating that both sexes exhibit sitespecific aggregation behavior and seasonal philopatry. Twenty females and 13 males were surgically fitted with coded acoustic transmitters and tracked for over 3 yr by underwater acoustic receivers spanning 120 km of coastline from San Clemente, CA, USA to the USA-Mexico border, with 2 receivers positioned at known aggregation sites in La Jolla and Del Mar, CA. Whereas females appeared to be particularly attracted to the La Jolla site, males exhibited strong site fidelity to Del Mar. Shark abundance at both sites was higher during the day than at night, particularly in late afternoon when water temperature was highest. Female abundance in La Jolla was highest in late June through early December, and was strongly positively correlated with sea surface temperature, consistent with the hypothesis that females aggregate in warm water to accelerate gestation. In addition, seasonal arrival of females to and departure from La Jolla were highly synchronous and coincided with the summer and winter solstices, respectively. In contrast, male abundance in Del Mar was highest in late April through early October and was positively correlated with both sea surface temperature and photoperiod. Lastly, both sexes exhibited strong seasonal philopatry, with 50.0% of females and 60.0% of males returning every year to their respective aggregation sites during the 3 yr study period. © The authors 2014. Open Access under Creative Commons by Attribution Licence.",Acoustic telemetry;Diel behavior;Fish aggregation;Marine reserve;Passive acoustic tracking;Photoperiod;Sexual segregation;Site fidelity;Water temperature;California;Channel Islands [California];San Clemente Island;United States;abundance;acoustic method;aggregation behavior;coastal zone;dieldrin;marine park;philopatry;photoperiod;seasonality;sex-related difference;shark;site fidelity;telemetry;water,Inter-Research,01718630 (ISSN),English,Mar. Ecol. Prog. Ser.,Article,Scopus,"Export Date: 14 March 2025; Cited By: 37; Correspondence Address: A.P. Nosal; Scripps Institution of Oceanography, University of California - San Diego, San Diego, CA 92037, United States; email: anosal@ucsd.edu; CODEN: MESED",,,157,175,,,236,0,21/03/2025 10:31,
150,CONF,"Sudarsono, A.S.;Sarwono, S.J.;Shabrina, A.;Tamrin, L.N.",Time-based soundscape evaluation of third-class hospital ward,2019,Proceedings of the International Congress on Acoustics,2019-September,,10.18154/RWTH-CONV-239072,https://www.scopus.com/inward/record.uri?eid=2-s2.0-85099329815&doi=10.18154%2fRWTH-CONV-239072&partnerID=40&md5=e5a27d76e3df82ebe3dae0c1a54d1e51,"Institut Teknologi Bandung, Indonesia","In Indonesia, the hospital ward is classified according to the number of beds inside the ward. Third class ward is the lowest class, which consist of six or eight beds inside the ward. In this study, the soundscape of a third-class hospital ward is analysed on different time of the day. The analysis is conducted based on noise level measurement, sound source identification, annoying sound source identification, and semantic scales. The noise level in the ward fluctuates between 51.5- 62.1 dBA with the highest noise level measured during the afternoon. The dominant sound sources in the third-class ward, which are similar in the morning and the afternoon, are the sound of fan and visitor of the patients. The three most annoying sound sources in the morning are the sound of patients, visitors, and doors. This result is slightly different from the afternoon survey, which shows that the three most annoying sound sources are the sound of the door, food cart, and visitors. The semantic scales show different score in the morning and the afternoon. This study shows that the soundscape in the third-class ward is changing from time to time, and the soundscape intervention must consider the difference. © 2019 Proceedings of the International Congress on Acoustics. All rights reserved.",Perception;Soundscape;Third-class hospital ward;Acoustic generators;Acoustic noise;Hospitals;Classifieds;Hospital wards;Indonesia;Low class;Noise levels;Sound source;Sound source identification;Soundscapes;Third-class hospital ward;Time based;Semantics,International Commission for Acoustics (ICA),22267808 (ISSN); 978-393929615-7 (ISBN),English,Proc. Int. Congr. Acoust.,Conference paper,Scopus,"Export Date: 14 March 2025; Cited By: 0; Correspondence Address: A.S. Sudarsono; Institut Teknologi Bandung, Indonesia; email: anugrah@tf.itb.ac.id",,,7840,7846,Ochmann M.;Michael M.;Fels J.,,150,0,21/03/2025 10:31,
245,JOUR,"Codognet, P.;Pasquet, O.",Ambient sound spaces,2012,Multimedia Tools and Applications,58,,10.1007/s11042-010-0666-0,https://www.scopus.com/inward/record.uri?eid=2-s2.0-84897980755&doi=10.1007%2fs11042-010-0666-0&partnerID=40&md5=248002eb7de1f2f0fc5e9eac75543f88,"JFLI - CNRS, UPMC, University of Tokyo Information Technology Center, Bunkyo-ku, Tokyo 113-8658, 2-11-16 Yayoi, Japan","We present in this paper a media installation creating in real-time ambient electronic music from a multi-agent simulation by associating agents with sounds. More specifically, we associate various sound parameters with the internal state of an agent at a given time (position, orientation, internal variables, etc.), and therefore the evolution of an agent during the simulation will modify the corresponding soundscape. The sound sources are dynamically spatialized in the actual installation space through several loudspeakers (24 loudspeakers+1 subwoofer) and modified in real-time, providing thus an ever-changing ambient soundscape. This generative music installation uses Nature-inspired simulations to drive the musical processes, and in particular the swarm intelligence metaphor. © 2010 Springer Science+Business Media, LLC.",Ambient multimedia installation;Computer-based music;Generative music;Media art;Multi-agent systems;Real-time sound processing;Simulation;Computer music;Multi agent systems;Semantics;Computer-based music;Generative musics;Media arts;Multi-media installations;Simulation;Sound processing;Loudspeakers,Kluwer Academic Publishers,13807501 (ISSN),English,Multimedia Tools Appl,Article,Scopus,"Export Date: 14 March 2025; Cited By: 1; Correspondence Address: P. Codognet; JFLI - CNRS, UPMC, University of Tokyo Information Technology Center, Bunkyo-ku, Tokyo 113-8658, 2-11-16 Yayoi, Japan; email: codognet@jfli.itc.u-tokyo.ac.jp; CODEN: MTAPF",2,,355,370,,,245,0,21/03/2025 10:31,
223,JOUR,"Hiraguri, Y.;Kawai, K.",Sematic discription of sound environment in terms of typesandaudibletime of environmental sound events,2010,Journal of Environmental Engineering,75,,10.3130/aije.75.937,https://www.scopus.com/inward/record.uri?eid=2-s2.0-82755187017&doi=10.3130%2faije.75.937&partnerID=40&md5=48ff68bd22440c4836179805e2d6e58c,"Faculty of Human-Environment Studies, Kyushu Univ., Japan","Amethodofmeasuring sound environment in terms of types andfrequencyof environmental sound was developed in thisstudy withthe aim to establishmethodology of semantic description of sound environment. Unit time for recording frequency of sound events was examined and 20 second was found to be optimum.Amethod of classification of environmental sounds based on the impression oflisteners, usingmulti-stagegrouping and cluster analysis, was introduced. Finally, the effectiveness of the method was examined withinvestigation in fiveurbanparks and the result well captured the different characteristics of each of the parks.",Audible time ratio;Measurement;Semantic description;Sound environment;Soundscape;Measurements;Parks;Semantics;Environmental sounds;Semantic description;Semantic descriptions;Sound environment;Soundscapes;Time ratio;Cluster analysis,,1881817X (ISSN),Japanese,J. Environ. Eng.,Article,Scopus,Export Date: 14 March 2025; Cited By: 0,657,,937,944,,,223,0,21/03/2025 10:31,
7,CONF,"Chen, S.;Chen, J.;Gu, X.",EDAVS: Emotion-Driven Audiovisual Synthesis Experience,2024,Proceedings - SIGGRAPH 2024 Posters,,11,10.1145/3641234.3671080,https://www.scopus.com/inward/record.uri?eid=2-s2.0-85200733339&doi=10.1145%2f3641234.3671080&partnerID=40&md5=54ede89b2ad19616248733b85e1b5cac,"Victoria University of Wellington, Wellington, New Zealand","In this paper, we proposed a novel approach to the creation of immersive multimedia content. At its core, EDAVS harnesses the subtle inflexions of human speech, translating emotive cues into dynamic visual narratives and corresponding soundscapes. This amalgamation of auditory sentiment and visual splendour is predicated upon cutting-edge machine-learning algorithms capable of deep semantic and emotional analysis.  © 2024 Owner/Author.",Artificial Intelligence Generated Content;Audio-to-Image;Emotion visualization;Learning algorithms;Machine learning;Artificial intelligence generated content;Audio-to-image;Cutting edges;Deep semantic analysis;Emotion visualization;Human speech;Immersive;Machine learning algorithms;Multimedia contents;Soundscapes;Semantics,"Association for Computing Machinery, Inc",979-840070516-8 (ISBN),English,Proc. - SIGGRAPH Posters,Conference paper,Scopus,"Export Date: 14 March 2025; Cited By: 0; Correspondence Address: X. Gu; Beijing Film Academy, Beijing, China; email: guxiaojuan@bfa.edu.cn",,,,,Spencer S.N.,,7,0,21/03/2025 10:31,
250,JOUR,"Hatala, M.;Wakkary, R.;Kalantari, L.",Rules and ontologies in support of real-time ubiquitous application,2005,Web Semantics,3,,10.1016/j.websem.2005.05.004,https://www.scopus.com/inward/record.uri?eid=2-s2.0-21244434241&doi=10.1016%2fj.websem.2005.05.004&partnerID=40&md5=32e6944b0961f8a210eb8035b5c58dab,"School of Interactive Arts and Technology, Simon Fraser University, 2400 Central City, Surrey, BC V3T 2W1, 10153 King George Highway, Canada",The focus of this paper is the practical evaluation of the challenges and capabilities of combination of ontologies and rules in the context of realtime ubiquitous application. The ec(h)o project designed a platform to create a museum experience that consists of a physical installation and an interactive virtual layer of three-dimensional soundscapes that are physically mapped to the museum displays. The retrieval mechanism is built on the user model and conceptual descriptions of sound objects and museum artifacts. The rule-based user model was specifically designed to work in environments where the rich semantic descriptions are available. The retrieval criteria are represented as inference rules that combine knowledge from psychoacoustics and cognitive domains with compositional aspects of interaction. Evaluation results both from the laboratory and museum deployment testing are presented together with the end user usability evaluations. We also summarize our findings in the lessons learned that provide a transferable generic knowledge for similar type of applications. The ec(h)o proved that ontologies and rules provide an excellent platform for building a highly-responsive context-aware interactive application. © 2005 Elsevier B.V. All rights reserved.,Audio;Augmented reality;Context aware;Museum guide;Ontologies;Rule-based systems;User modeling;Audio acoustics;Audio systems;Cognitive systems;Conformal mapping;Intelligent agents;Project management;Real time systems;User interfaces;Virtual reality;Audio;Context aware;Museum guide;Ontologies;Rule-based systems;User modeling;Museums,,15708268 (ISSN),English,Web Semant.,Article,Scopus,"Export Date: 14 March 2025; Cited By: 57; Correspondence Address: M. Hatala; School of Interactive Arts and Technology, Simon Fraser University, 2400 Central City, Surrey, BC V3T 2W1, 10153 King George Highway, Canada; email: mhatala@sfu.ca",1,,5,22,,,250,0,21/03/2025 10:31,
137,CONF,"Sudarsono, A.S.;Sarwono, S.J.;Shabrina, A.;Tamrin, L.N.",The soundscape dimensions of third-class hospital ward in Indonesia,2019,Proceedings of the International Congress on Acoustics,2019-September,,10.18154/RWTH-CONV-239073,https://www.scopus.com/inward/record.uri?eid=2-s2.0-85097268122&doi=10.18154%2fRWTH-CONV-239073&partnerID=40&md5=eef1c45875189e5b93fc2d5d0fad162b,"Institut Teknologi Bandung, Indonesia","In Indonesia, the categorisation of the hospital ward is determined based on the number of beds. Third class hospital ward (the lowest class) is the ward which consists of more than four beds inside the room. This type of ward is typical in a developing country and might have different acoustic problems compared to the standard ward. This study aims to understand the soundscape dimension in a third-class hospital ward. Two experiments were conducted: the development of semantic scales and the identification of soundscape dimensions. The semantic scales were developed by asking the patient about the feeling in the ward. Most of the terms used to describe the environment are negative terms such as annoying, boring, scary, upset, and uncomfortable. Interestingly, the perception ratings indicate that the patients feel positive about the sound environment. Principal component analysis is used to analyse the rating resulting in five soundscape dimensions. The dimensions are Privacy, Disturbance, Dynamic, Fear, and Satisfaction. These dimensions indicate the important aspect which needs to be understood in increasing the quality of third-class hospital ward. © 2019 Proceedings of the International Congress on Acoustics. All rights reserved.",Soundscape dimensions;Third-class hospital ward;Acoustic fields;Developing countries;Hospitals;Principal component analysis;Acoustic problems;Hospital wards;Indonesia;Low class;Negative term;Principal-component analysis;Sound environment;Soundscape dimension;Soundscapes;Third-class hospital ward;Semantics,International Commission for Acoustics (ICA),22267808 (ISSN); 978-393929615-7 (ISBN),English,Proc. Int. Congr. Acoust.,Conference paper,Scopus,"Export Date: 14 March 2025; Cited By: 1; Correspondence Address: A.S. Sudarsono; Institut Teknologi Bandung, Indonesia; email: anugrah@tf.itb.ac.id",,,4194,4199,Ochmann M.;Michael M.;Fels J.,,137,0,21/03/2025 10:31,
228,JOUR,"Kang, J.;Zhang, M.",Semantic differential analysis of the soundscape in urban open public spaces,2010,Building and Environment,45,,10.1016/j.buildenv.2009.05.014,https://www.scopus.com/inward/record.uri?eid=2-s2.0-70249124909&doi=10.1016%2fj.buildenv.2009.05.014&partnerID=40&md5=d08ecdfdf22f75fe0fb8e3460ccf7de6,"School of Architecture, University of Sheffield, Sheffield, S10 2TN, Western Bank, United Kingdom","The main objective of this research was to identify factors that characterise the soundscape in urban open public spaces. The research was carried out through a series of field surveys. Stage one, as a pilot study, was a soundscape walk with 48 students in four typical urban open public spaces in Sheffield. Stage two was a detailed soundscape evaluation in two of the sites, with a total sample size of 491 from the general public. Stage three examined the soundscape evaluation by designers, with 223 architectural students. Semantic differential analysis of the results shows that although the description and evaluation of the soundscape in urban open public spaces is rather complicated, it is still possible to identify major factors which include relaxation, communication, spatiality and dynamics. In terms of the general soundscape evaluation, differences between sound level and acoustic comfort evaluation, sound preferences, and effects of demographic factors are briefly discussed. Compared to the general public, designers have stronger preferences to natural sounds and green spaces, and there is also more diversity in their evaluation. © 2009 Elsevier Ltd. All rights reserved.",Open space;Semantic differential analysis;Sound;Soundscape;Urban;England;Eurasia;Europe;Sheffield [England];United Kingdom;Western Europe;Machine tools;Open space;Semantic differential analysis;Sound;Soundscape;Urban;acoustics;open space;public space;urban area;urban design;Semantics,,03601323 (ISSN),English,Build. Environ.,Article,Scopus,"Export Date: 14 March 2025; Cited By: 362; Correspondence Address: J. Kang; School of Architecture, University of Sheffield, Sheffield, S10 2TN, Western Bank, United Kingdom; email: j.kang@sheffield.ac.uk; CODEN: BUEND",1,,150,157,,,228,0,21/03/2025 10:31,
246,CONF,"Salo, K.;Giova, D.;Mikkonen, T.",Backend infrastructure supporting audio augmented reality and storytelling,2016,Lecture Notes in Computer Science (including subseries Lecture Notes in Artificial Intelligence and Lecture Notes in Bioinformatics),9735,,10.1007/978-3-319-40397-7_31,https://www.scopus.com/inward/record.uri?eid=2-s2.0-84978903908&doi=10.1007%2f978-3-319-40397-7_31&partnerID=40&md5=fb0324596aa5f1292ba678db1aaf1c3a,"Helsinki Metropolia University of Applied Sciences, Helsinki, Finland","Today, museums are looking for new ways to attract and engage audience. These include virtual exhibitions, augmented reality and 3D modelling based applications, and interactive digital storytelling. The target of all these activities is to provide better experiences for audiences that are very familiar with the digital world. In augmented reality (AR) and interactive digital storytelling (IDS) systems, visual presentation has been dominant. In contrast to this trend, we have chosen to concentrate on auditory presentation. A key element for this is a backend service supporting different client applications. This paper discusses our experiences from designing a portable open source based audio digital asset management system (ADAM), which supports interaction with smart phones and tablets containing audio augmented reality and audio story applications. We have successfully implemented ADAM system and evaluated it in the Museum of Technology in Helsinki, Finland. © Springer International Publishing Switzerland 2016.",Audio augmented reality;Digital asset management;Metadata;Open source DAM;Soundscape;Asset management;Augmented reality;Exhibitions;Metadata;Open systems;Smartphones;Three dimensional computer graphics;Virtual reality;Audio augmented reality;Client applications;Digital asset management;Interactive Digital Storytelling;Open sources;Soundscapes;Virtual exhibitions;Visual presentation;Human computer interaction,Springer Verlag,03029743 (ISSN); 978-331940396-0 (ISBN),English,Lect. Notes Comput. Sci.,Conference paper,Scopus,"Export Date: 14 March 2025; Cited By: 7; Correspondence Address: K. Salo; Helsinki Metropolia University of Applied Sciences, Helsinki, Finland; email: kari.salo@metropolia.fi",,,325,335,Yamamoto S.,,246,0,21/03/2025 10:32,
253,CONF,"Bahali, S.;Tamer-Bayazit, N.;Aydin, D.Ç.",Analysis and evaluation of soundscapes in urban public squares through questionnaires and sound quality metrics,2015,INTER-NOISE 2015 - 44th International Congress and Exposition on Noise Control Engineering,,,,https://www.scopus.com/inward/record.uri?eid=2-s2.0-84947578876&partnerID=40&md5=81219131e1b3ce71a64b5fa79fa2c8fb,"Department of Architecture, Faculty of Architecture, Istanbul Technical University ITU, Taksim, Istanbul, 34473, Turkey","Soundscape studies have long been focused on the importance of the semantic properties of sound along with its physical characteristics. As a continuation of the previous study about the soundscape perception of four squares along Taksim and its two kilometer long route to Tunel, this paper investigates the sonic environments through comparisons between subjective parameters and psychoacoustic parameters such as equivalent sound pressure levels (Leq), loudness (N), roughness (R) and sharpness (S). The analysis and evaluation of soundscapes were examined for the route overall and four key squares. At each location questionnaries were completed and binaural recordings were conducted in addition to questionnaires. Sound metric analysis were accomplished through post-signal analysis methods in both cases. It was aimed to obtain if dissimilarities between perceptual properties of four key squares can be observed via sound metrics. © 2015 by ASME.",Acoustic noise;Acoustic variables control;Acoustic variables measurement;Acoustics;Semantics;Sound reproduction;Surveys;Analysis and evaluation;Binaural recordings;Perceptual properties;Physical characteristics;Psychoacoustic parameters;Semantic properties;Sound pressure level;Sound quality metrics;Quality control,"The Institute of Noise Control Engineering of the USA, Inc.",,English,INTER-NOISE - Int. Congr. Expo. Noise Control Eng.,Conference paper,Scopus,Export Date: 14 March 2025; Cited By: 0,,,,,Maling G.;Burroughs C.,,253,0,21/03/2025 10:32,
285,CONF,"Eigenfeldt, A.;Pasquier, P.",Negotiated content: Generative soundscape composition by autonomous musical agents in coming together: Freesound,2011,"Proceedings of the 2nd International Conference on Computational Creativity, ICCC 2011",,,,https://www.scopus.com/inward/record.uri?eid=2-s2.0-84866034549&partnerID=40&md5=473a8dcc3216189cfaee899fa1b6bee7,"School for the Contemporary Arts, Simon Fraser University, Vancouver, BC, Canada","Generative music systems have been successful in styles and genres where there are explicit rules that can be programmed into the system. Practices and procedures within soundscape composition have tended to be implicit, in which recordings are selected, combined, and processed based upon contextual relationships. We present a system - Coming Together: Freesound - in which four autonomous artificial agents choose sounds from a large pre-analyzed database of soundscape recordings (from freesound.org), based upon their spectral content and metadata tags. Agents analyze, in realtime, other agent's audio, and attempt to avoid dominant spectral areas of other agents by selecting sounds that do not mask other agent's spectra. Furthermore, selections from the database are constrained by metadata tags describing the sounds. Example compositions have been evaluated through subject testing, comparing them to human-composed compositions, and the results are discussed.",Audio acoustics;Metadata;Artificial agents;Real time;Soundscapes;Spectral content;Autonomous agents,,978-607477487-0 (ISBN),English,Proc. Int. Conf. Comput. Creat. ICCC,Conference paper,Scopus,"Export Date: 14 March 2025; Cited By: 24; Correspondence Address: A. Eigenfeldt; School for the Contemporary Arts, Simon Fraser University, Vancouver, BC, Canada; email: arne_e@sfu.ca",,,27,32,,,285,0,21/03/2025 10:32,
171,CONF,"Chamberlain, A.;Bødker, M.;Papangelis, K.",Mapping media and meaning: Autoethnography as an approach to designing personal heritage soundscapes,2017,ACM International Conference Proceeding Series,Part F131930,a32,10.1145/3123514.3123536,https://www.scopus.com/inward/record.uri?eid=2-s2.0-85038403131&doi=10.1145%2f3123514.3123536&partnerID=40&md5=3b3fcf1a6b4a71e2ca981f815cf32470,"School of Computer Science, University of Nottingham, Nottingham, United Kingdom","The paper presents reflections on understanding the issues of designing of locative sonic memory-scapes. As physical space and digital media become ever more intertwined, together forming and augmenting meaning and experience, we need methods to further explore possible ways in which physical places and intangible personal content can be used to develop meaningful experiences. The paper explores the use of autoethnography as a method for soundscape design in the fields of personal heritage and locative media. Specifically, we explore possible connections between digital media, space and 'meaning making', suggesting how autoethnographies might help discover design opportunities for merging digital media and places. These are methods that are more personally relevant than those typically associated with a more system-based design approaches that we often find are less sensitive to the way that emotion, relationships, memory and meaning come together. As a way to expand upon these relationships we also reflect on relations between personal and community-based responses. © 2017 Association for Computing Machinery.",Audio;Autoethnography;Curation;Design;Ethnography;Heritage;Maps;Memory;Methods;Museums;Music;Participation;Place;Semantics;Space;Ubiquitous Computing;Audio acoustics;Data storage equipment;Digital storage;Maps;Museums;Semantics;Ubiquitous computing;Audio;Autoethnography;Curation;Ethnography;Heritage;Methods;Music;Participation;Place;Space;Design,Association for Computing Machinery,978-145035373-1 (ISBN),English,ACM Int. Conf. Proc. Ser.,Conference paper,Scopus,Export Date: 14 March 2025; Cited By: 16,,,,,,,171,0,21/03/2025 10:32,
206,CONF,"Guastavino, C.;Dubois, D.",From language and concepts to acoustics: How do people cognitively process soundscapes?,2006,"Institute of Noise Control Engineering of the USA - 35th International Congress and Exposition on Noise Control Engineering, INTER-NOISE 2006",6,,,https://www.scopus.com/inward/record.uri?eid=2-s2.0-84867946350&partnerID=40&md5=bd925a5a9a0e8f20144a94af53459db4,"McGill University, GSLIS, CIRMMT, Montreal, QC, H3A 1Y1, 3459 McTavish street, Canada","We present converging results from studies using a subject-centred approach to soundscape research. First, we report the linguistic exploration of free-format verbal description of soundscapes, contrasting field surveys and experimental settings. Results indicate that the meanings attributed to sounds act as a determinant for sound quality evaluations. Second, we report the main results of two categorisation tasks conducted to identify categorical structures elicited using soundscape recordings and the underlying principles of organisation derived from the analysis of verbal comments. In agreement with the linguistic exploration, people categorised sound recordings on the basis of semantic features. Results converge to show that acoustic stimulations are cognitively processed as semiotic cues pointing to meaningful events. Therefore, these events need to be identified before measuring physical properties relevant for each category of event. We conclude on the productivity of such methods grounded in human and social sciences to explore cognitive processes in the first place, and later establish relationships between sound quality judgements and physical indicators to best reflect human cognitive processes.",Acoustic variables control;Acoustic variables measurement;Acoustics;Cognitive systems;Exhibitions;Linguistics;Semantics;Acoustic stimulation;Categorical structure;Cognitive process;Field surveys;Semantic features;Sound Quality;Sound quality evaluation;Soundscapes;Underlying principles;Acoustic noise,,978-160423136-6 (ISBN),English,"Inst. Noise Control Eng. USA - Int. Congr. Expos. Noise Control Eng., INTER-NOISE",Conference paper,Scopus,"Export Date: 14 March 2025; Cited By: 9; Correspondence Address: C. Guastavino; McGill University, GSLIS, CIRMMT, Montreal, QC, H3A 1Y1, 3459 McTavish street, Canada; email: Catherine.Guastavino@mcgill.ca",,,3579,3585,,,206,0,21/03/2025 10:32,
52,JOUR,"Szarecki, A.",Musicking assemblages and non-human becomings: Mapping morphogenetic processes and distributed agencies in Wolfgang Buttress' the Hive,2023,Popular Music,42,,10.1017/S0261143023000089,https://www.scopus.com/inward/record.uri?eid=2-s2.0-85162134009&doi=10.1017%2fS0261143023000089&partnerID=40&md5=aa65b368cb8733b5cbee2dda5a72e538,"Nicolaus Copernicus University in Toruń, Faculty of Humanities, Institute of Culture Studies, Fosa Staromiejska 3, Toruń, 87-100, Poland","The paper introduces the concept of musicking assemblages to account for the agency of non-human actants in a project by contemporary artist, Wolfgang Buttress, that involved creating a musical soundscape together with bees. Collapsing distinctions between popular music, contemporary art and scientific research, the project exhibits musicking not as a result of human action but as emerging from intensive flows of matter-energy circulating between a multiplicity of actants, both human and non-human. Consequently, it presupposes a materialist ontology that breaks with anthropocentric hierarchies and encourages us to rethink popular music as always already involving 'becoming with' non-human others, in a way that overcomes the division between culture and nature, as well as its epistemological corollaries.  Copyright © The Author(s), 2023. Published by Cambridge University Press.",,Cambridge University Press,02611430 (ISSN),English,Pop. Music,Article,Scopus,"Export Date: 14 March 2025; Cited By: 1; Correspondence Address: A. Szarecki; Nicolaus Copernicus University in Toruń, Faculty of Humanities, Institute of Culture Studies, Toruń, Fosa Staromiejska 3, 87-100, Poland; email: a.szarecki@umk.pl",1,,42,58,,,52,0,21/03/2025 10:33,
97,JOUR,"Marchegiani, L.;Newman, P.",Listening for Sirens: Locating and Classifying Acoustic Alarms in City Scenes,2022,IEEE Transactions on Intelligent Transportation Systems,23,,10.1109/TITS.2022.3158076,https://www.scopus.com/inward/record.uri?eid=2-s2.0-85126657250&doi=10.1109%2fTITS.2022.3158076&partnerID=40&md5=6631b58448349a8e547b8bc8624ce458,"Aalborg University, Department of Electronic Systems, Aalborg, 9200, Denmark","This paper is about acoustic event detection and sound source localisation in urban scenarios. Specifically, we are interested in detecting and localising horns and sirens of emergency vehicles. Urban scenarios, though, can be characterised by copious, unstructured and unpredictable traffic noise, which can severely compromise the performance and effectiveness of traditional filtering techniques. By analysing the spectrograms of incoming stereo signals as images, we can leverage image processing techniques and obtain a demonstrably robust system. Indeed, image processing methods, such as convolutional neural networks, which do not operate locally, offer interesting mechanisms for background foreground separation. When applied to spectrograms, those mechanisms allow using the entire context of the soundscape to discover and learn correlations both in the time and frequency domains, de facto implementing noise detection through semantic segmentation. In a multi-task learning scheme, together with signal denoising, we perform acoustic event classification to identify the nature of the alerting sound. Lastly, we use the denoised signals to localise the acoustic source on the ground plane, by regressing the direction of arrival of the sound. Our experimental evaluation shows an average classification rate of 94%, and a median absolute error on the localisation of 7.5° when operating on audio frames of 0.5 s, and of 2.5° when operating on frames of 2.5 s. The system offers excellent performance in particularly challenging scenarios, where the noise level is remarkably high. © 2000-2011 IEEE.",Acoustic event classification;deep learning;semantic segmentation;siren detection;smart vehicles;Acoustic noise;Acoustic noise measurement;Deep neural networks;Processing;Semantic Segmentation;Semantics;Signal denoising;Signaling;Sirens;Spectrographs;Stereo image processing;Acoustic event classification;Deep learning;Deep learning.;Direction of arrival estimation;Images segmentations;Semantic segmentation;Siren detection;Smart vehicles;Spectrograms;Urban scenarios;Signal to noise ratio,Institute of Electrical and Electronics Engineers Inc.,15249050 (ISSN),English,IEEE Trans. Intell. Transp. Syst.,Article,Scopus,"Export Date: 14 March 2025; Cited By: 20; Correspondence Address: L. Marchegiani; Aalborg University, Department of Electronic Systems, Aalborg, 9200, Denmark; email: lm@es.aau.dk",10,,17087,17096,,,97,0,21/03/2025 10:33,
17,JOUR,"Rademan, M.W.;Versfeld, D.J.J.;du Preez, J.A.",Detecting and classifying blue whale calls with wavelet scattering and spectral entropy,2025,Journal of the Acoustical Society of America,157,,10.1121/10.0035945,https://www.scopus.com/inward/record.uri?eid=2-s2.0-85218627579&doi=10.1121%2f10.0035945&partnerID=40&md5=4210e90199fff0fa44f397c1e1aaf8ed,"Department of Electrical and Electronic Engineering, Stellenbosch University, Cape Town, 7600, South Africa","Wavelet scattering is a highly effective feature extraction method, prevalent in many other fields. This paper introduces wavelet scattering to the field of passive acoustic monitoring, employed to test its relevance to the field using a manually verified subset of an open access dataset. Additionally, we introduce an adaptive whitening method to increase detection efficacy. This approach is shown to be most performant with a spectral entropy detector enhanced by a novel thresholding technique. We demonstrate that a simple classifier trained with little data and utilizing wavelet scattering features can greatly improve the performance of the proposed spectral entropy detector. The efficacy of our method is demonstrated on Antarctic blue whale (Balaenoptera musculus intermedia) calls. © 2025 Acoustical Society of America.","Acoustics;Algorithms;Animals;Balaenoptera;Entropy;Signal Processing, Computer-Assisted;Sound Spectrography;Time Factors;Vocalization, Animal;Wavelet Analysis;Acoustic fields;Acoustic wave scattering;Adaptive whitening;Blue whale;Feature extraction methods;OpenAccess;Passive acoustic monitoring;Scattering entropy;Spectral entropy;Thresholding techniques;Whale calls;Whitening methods;Antarctica;article;Balaenoptera;blue whale;classifier;controlled study;diagnosis;entropy;feature extraction;acoustics;algorithm;animal;Balaenoptera;classification;physiology;procedures;signal processing;sound detection;time factor;vocalization;wavelet analysis;Wavelet analysis",Acoustical Society of America,00014966 (ISSN),English,J. Acoust. Soc. Am.,Article,Scopus,Export Date: 14 March 2025; Cited By: 0; CODEN: JASMA,2,39992150,1448,1457,,,17,0,21/03/2025 10:33,
78,JOUR,"Berkouk, D.;Bouzir, T.A.K.;Boucherit, S.;Khelil, S.;Mahaya, C.;Matallah, M.E.",Evaluation of the soundscapes through the cafe terraces before and after the COVID-19 lockdown in coastal cities in Algeria,2022,Noise and Vibration Worldwide,53,,10.1177/09574565221114660,https://www.scopus.com/inward/record.uri?eid=2-s2.0-85134356129&doi=10.1177%2f09574565221114660&partnerID=40&md5=67c759368080fc981336c86c7a8a8c9f,"Department of Architecture, Biskra University, Biskra, Algeria","This paper aimed to examine the impact of the COVID-19 lockdown in Algeria on the soundscapes’ components throughout the cafe terraces in coastal cities. The methodology is based on a laboratory qualitative approach established and divided into two stages. And the monitoring of sound recordings through twenty-one cafe terraces inside the coastal city of Azzaba in Algeria was conducted before and after the lockdown of whole the country due to the COVID-19 pandemic. Using the McNemar’s test on the first stage, results suggest that the lockdown measures in Algeria affect the soundscape components of the cafe terraces, specifically the predominance of the anthrophonical sounds over the natural sound components. The predominance of traffic sounds on the soundscapes after the lockdown period does not reflect an increase in noise level, whereas the soundscapes through the cafe terraces during the two periods were similar, and showed as less noisy by the semantic difference analysis evaluation, of the second stage. The factors of the principal component analysis suggest that the soundscapes of the cafe terraces reflect the main patterns of the acoustics design in the public spaces, such as functions (relaxation and communication), space-time for the two factors of the soundscapes of the period before the lockdown, and by relaxation, space and time for the three factors of those of the period after lockdown. Otherwise, the Marginal Homogeneity Test shows that there are significant differences in the assessment of the soundscapes of the cafe terraces during the two periods, which were only associated to the functions. Findings suggest that additional long-term research is needed to preserve and improve the cultural soundscapes among the urban spaces to ensure the acoustic comfort of the occupants and preserve their health. © The Author(s) 2022.",health crisis;Pandemic;public space;sound recording;soundscape;survey;Audio recordings;Function evaluation;Principal component analysis;Semantics;Algeria;Coastal cities;Health crisis;McNemar;Natural sounds;Noise levels;Pandemic;Public space;Qualitative approach;Soundscapes;COVID-19,SAGE Publications Inc.,09574565 (ISSN),English,Noise Vib Worldwide,Article,Scopus,"Export Date: 14 March 2025; Cited By: 3; Correspondence Address: D. Berkouk; Department of Architecture, Biskra University, Biskra, Algeria; email: d.berkouk.dz@gmail.com; CODEN: NVWOE",07-Aug,,377,389,,,78,0,21/03/2025 10:33,
271,CONF,"Ricciardi, P.;Torchia, F.M.;Delaitre, P.;Lavandier, C.",Correlations between acoustic and perceptive data for sound quality in Paris and Milan,2015,"22nd International Congress on Sound and Vibration, ICSV 2015",,,,https://www.scopus.com/inward/record.uri?eid=2-s2.0-84971330687&partnerID=40&md5=19ad5dd217ce6e57d239e4780ff84030,"Department of Civil Engineering and Architecture, University of Pavia, Via Ferrata 1, Pavia, 27100, Italy","The aim of this study is to propose urban sound quality indicators based on acoustic and perceptive data. A comparative evaluation of some acoustical indicators with perceptive parameters related on urban sound of two cities, Paris and Milan is presented. The subjective evaluation was carried by means of a survey using a specific questionnaire: the first part regards soundscape global characteristics with semantic scales. Simultaneously acoustical measurements were carried out. Each measurement corresponds to a 10-minute recording of sound pressure level (stored each second). Energy indicators such as LAeq, LA10, La50 or LA90, and event indicators such as the number and the duration of noise events exceeding a certain threshold Lα (NNEL≥Lα; MIL>Lα) are extracted from these acoustic measurements. For Milan percentile levels L10 and the time of presence T was coded of each source. Psychoacoustic indicators and frequencies indicators such as G, LE, HE were also calculated. The sound quality models with only loudness show that the overall loudness is 44% correlated with the sound quality for Paris perceptive data and 40% for Milan perceptive data. The best acoustic mode by correlating perceptive and acoustic data, for both Paris and Milan, can be found by means of median values, where L50 is 15% related with the sound quality.",Acoustic measuring instruments;Acoustic variables measurement;Acoustics;Semantics;Surveys;Acoustic measurements;Acoustical measurements;Comparative evaluations;Energy indicator;Percentile levels;Sound pressure level;Sound Quality;Subjective evaluations;Sound reproduction,International Institute of Acoustics and Vibrations,978-888894248-3 (ISBN),English,"Int. Congr. Sound Vib., ICSV",Conference paper,Scopus,Export Date: 14 March 2025; Cited By: 0,,,,,,,271,0,21/03/2025 10:33,
181,JOUR,"Hong, X.;Pan, M.;Yuan, Y.;Wang, Y.;Wu, S.;Lan, S.",An evaluation model suitable to bamboo gardens' soundscape coordination degree,2018,Zhendong yu Chongji/Journal of Vibration and Shock,37,,10.13465/j.cnki.jvs.2018.09.037,https://www.scopus.com/inward/record.uri?eid=2-s2.0-85053217875&doi=10.13465%2fj.cnki.jvs.2018.09.037&partnerID=40&md5=03c14f09baa7408401b7e52cbcad1fc0,"College of Landscape Architecture, Fujian Agriculture and Forestry University, Fuzhou, 350002, China","Here, the relation between physical quantities to represent a bamboo garden space's soundscape and psychological quantities to represent human subjective feelings was explored. The semantic difference method was used for observers to evaluate the coordination degree of different sounds and sights in a bamboo space, the objective physical indexes of observers' positions were measured, and eventually the evaluation model for bamboo gardens' soundscape coordination degree was established from the perspective of the soundscape ecology and the psychophysics. The results showed that when geophysical sounds are lighter, they make evaluators produce more coordinated perceptions or general coordinated ones, while their sound pressure levels rise, evaluators produce a certain uncoordinated feeling; biological sounds make evaluators produce a steady and coordinated sensation, while their sound pressure levels rise, evaluators don't have a significant uncoordinated feeling; artificial sounds make evaluators produce a more uncoordinated feeling; the fitting trend for subjective data and objective ones of various acoustic elements conform to principles of the psychophysics, geophysical sounds and biological ones conform to Fechner's law, artificial sounds conform to Stevens' law; the proposed evaluation model is suitable to bamboo gardens' soundscape coordination degree, it provides a reference for scientific and reasonable construction of bamboo gardens. © 2018, Editorial Office of Journal of Vibration and Shock. All right reserved.",Bamboo garden;Environmental acoustics;Psychophysics;Soundscape ecology;Acoustic variables measurement;Acoustic wave transmission;Acoustics;Ecology;Geophysics;Psychophysiology;Semantics;Coordination degree;Environmental acoustics;Evaluation modeling;Physical quantities;Psychophysics;Semantic difference method;Sound pressure level;Soundscapes;Bamboo,Chinese Vibration Engineering Society,10003835 (ISSN),Chinese,J Vib Shock,Article,Scopus,Export Date: 14 March 2025; Cited By: 2,9,,234,238and242,,一种适用于竹林空间的声景协调度评价模型,181,0,21/03/2025 10:33,
132,CONF,"Ikhwanuddin, R.;Sarwono, J.;Sudarsono, A.S.;Utami, S.S.",Library soundscape: Higher education students' perception,2017,INTER-NOISE 2017 - 46th International Congress and Exposition on Noise Control Engineering: Taming Noise and Moving Quiet,2017-January,,,https://www.scopus.com/inward/record.uri?eid=2-s2.0-85042020388&partnerID=40&md5=6bac60234b6da7ee4379c634a0aab9b2,"Institut Teknologi Bandung, Indonesia","The aim of this work was to investigate the soundscape perception in campus library. Identification of perceptual dimension has been done using in-situ assessment with 15 semantic differential scales on a questionnaire to 60 college students to achieve appropriate study space. They were bachelor and master students at Institut Teknologi Bandung. The semantic differential scale with 7 points was used to rate library soundscape based on their impression of the soundscape. Furthermore, principal component analysis was used to analyze the semantic data. Reliable principal components tested with Cronbach's Alpha are dimension of Pleasantness and Dynamic. Noise measurement consisting of L10, L50, L90, and Leq in dB(A) were also gathered. Students perceive greater sound level like heavy rain more favorable than subtle conversation in lower background noise condition. Students also respond to improper acoustic condition by isolating themselves with music and earphone. © 2017 Institute of Noise Control Engineering. All rights reserved.",Library;Noise;Semantic differential scale;Soundscape;Acoustic noise;Acoustic noise measurement;Acoustic variables control;Libraries;Principal component analysis;Semantics;Acoustic conditions;Higher education students;In-situ assessment;Noise;Perceptual dimensions;Principal Components;Semantic differential scale;Soundscapes;Students,Institute of Noise Control Engineering,,English,INTER-NOISE - Int. Congr. Expo. Noise Control Eng.: Taming Noise Mov. Quiet,Conference paper,Scopus,Export Date: 14 March 2025; Cited By: 6,,,,,,,132,0,21/03/2025 10:33,
112,CONF,"Sudarsono, A.S.;Sarwono, J.",Soundscape reproduction using headphones for web-based listening test,2019,Proceedings of the International Congress on Acoustics,2019-September,,10.18154/RWTH-CONV-239218,https://www.scopus.com/inward/record.uri?eid=2-s2.0-85099330641&doi=10.18154%2fRWTH-CONV-239218&partnerID=40&md5=005b2c576d15325c342224ee56e55ce0,"Kelompok Keahlian Fisika Bangunan Institut Teknologi Bandung, Indonesia","One of the methods to analyse a soundscape is by reproducing the acoustic environment. The acoustic environment reproduction usually conducted using multi-speaker systems in a laboratory. The experiment usually conducted individually resulting limited respondent of the experiment. A web-based experiment is one of the alternatives to do the soundscape study. By using the internet, the experiment can be done easier with more respondents. The experiment using the internet usually conducted using an online questionnaire which can play a stereo sound or a video. In this study we are testing the validity of XY, Mid-Side, and Head Tracking decoders to reproduce acoustic environments using headphones. The XY and Mid-Side decoders were used to decode B-Format signals to stereo signal which can be played directly by the online questionnaire. The head tracking system is used to represent the experiment conducted using Youtube 360 of Facebook 360. Analysis based on semantic score indicates that the listening test conducted using stereo decoders can gives the similar score with the listening test conducted using ambisonic reproduction system. Further analysis using semantic differential analysis shows that the experiment conducted using Mid-Side decoders can deliver the same soundscape dimensions with the in-situ experiment. © 2019 Proceedings of the International Congress on Acoustics. All rights reserved.",Headphones;Internet;Soundscape Reproduction;Stereo Decoder;Cell proliferation;Decoding;Headphones;Loudspeakers;Websites;Acoustic environment;Head tracking;Listening tests;Online questionnaire;Soundscape reproduction;Soundscapes;Speaker systems;Stereo decoder;Stereo sound;Web based;Semantics,International Commission for Acoustics (ICA),22267808 (ISSN); 978-393929615-7 (ISBN),English,Proc. Int. Congr. Acoust.,Conference paper,Scopus,Export Date: 14 March 2025; Cited By: 1,,,6114,6121,Ochmann M.;Michael M.;Fels J.,,112,0,21/03/2025 10:33,
205,CONF,"Schloss, W.A.;Stammen, D.",Ambient media in public spaces,2008,"MM'08 - Proceedings of the 2008 ACM International Conference on Multimedia, with co-located Symposium and Workshops",,,10.1145/1461912.1461916,https://www.scopus.com/inward/record.uri?eid=2-s2.0-77950512837&doi=10.1145%2f1461912.1461916&partnerID=40&md5=df3d28f6971f40b63eecd4f9e438bca7,"University of Victoria, School of Music, Victoria, BC V8W 2Y2, Canada","As artists working in public art and media, we have repeatedly found that the usual parameters and characteristics for a work of art have to be heavily modified to be successful in an ambient environment. Art does not normally strive to be innocuous or inconspicuous; however every artist who does public art quickly learns to deal with the impact of their art in a public space, especially if the public's exposure to the art is continuous. We have recently created four public art installations, three in Seattle and one in New York, varying tremendously in style and content. In all such work, the issues of ambient sound and its semantics had to be specifically and carefully addressed; in our case, one installation is in a public library, two others are in a workplace where the staff would be exposed to the sound for extended periods, and the fourth is in a gallery that allowed the public to experience the artwork one person at a time. It is the auditory aspect of the artworks that will be the focus here, in the context of ubiquitous ambient sonic environments. Lessons learned from the world of public art may have some resonance in the coming world of ubiquitous computing. Essentially, these installations use the forces and sounds of nature (wind, sun, rain, ocean waves) to generate sounds and images to amplify reality, to draw attention to our natural surroundings that so often get lost in urban environments. Copyright 2008 ACM.",Acoustic ecology;Auditory displays;Computer music;Information interfaces;Public art installations;Sonification;Computer music;Installation;Interfaces (computer);Libraries;Oceanography;Semantics;Technical presentations;Ubiquitous computing;Water waves;Ambient environment;Ambient media;Art installation;Auditory display;Lessons learned;New York;Ocean waves;Public library;Public space;Seattle;Sonification;Sonifications;Urban environments;Work of art;Arts computing,,978-160558314-3 (ISBN),English,,Conference paper,Scopus,"Export Date: 14 March 2025; Cited By: 3; Correspondence Address: W. A. Schloss; University of Victoria, School of Music, Victoria, BC V8W 2Y2, Canada; email: aschloss@finearts.uvic.ca",,,17,19,,,205,0,21/03/2025 10:33,
126,JOUR,"Lennox, R.J.;Cooke, S.J.;Davis, C.R.;Gargan, P.;Hawkins, L.A.;Havn, T.B.;Johansen, M.R.;Kennedy, R.J.;Richard, A.;Svenning, M.-A.;Uglem, I.;Webb, J.;Whoriskey, F.G.;Thorstad, E.B.",Pan-Holarctic assessment of post-release mortality of angled Atlantic salmon Salmo salar,2017,Biological Conservation,209,,10.1016/j.biocon.2017.01.022,https://www.scopus.com/inward/record.uri?eid=2-s2.0-85013296064&doi=10.1016%2fj.biocon.2017.01.022&partnerID=40&md5=f281948d92a260551d455afd838e7f77,"Fish Ecology and Conservation Physiology Laboratory, Department of Biology, Carleton University, Ottawa, K1S 5B6, Ontario, Canada","Recreational Atlantic salmon Salmo salar fisheries are culturally and economically important, but confronted with global population declines, catch-and-release has frequently replaced harvest in these fisheries. Many studies have evaluated the effects of catch-and-release angling on Atlantic salmon; however, studies typically focused on a single system and had small sample sizes. Using data from Atlantic salmon catch-and-release studies conducted in 12 rivers throughout the pan-Holarctic range of wild Atlantic salmon, we modeled delayed mortality data using logistic regression. The model was based on 512 salmon (75 ± 15 cm TL) captured and released with electronic tags (i.e. radio or acoustic transmitters), which permitted the determination of fish fate after release (delayed mortality). The percentage of salmon categorized as survivors after release was high (93%). Salmon with longer body length tended to be played for longer durations (R2 = 0.60) but there was no significant effect of fish length or playing time on mortality. Water temperature at capture emerged as a significant predictor of delayed mortality of salmon. Individuals captured by flies had significantly higher survival (96%) compared to lure (86%) and natural bait (85%) caught salmon. Data from throughout the range of Atlantic salmon confirm that fish captured by anglers adhering to best practices have high probability of surviving catch-and-release angling. © 2017",Catch-and-release;Data sharing;Delayed mortality;Logistic regression;Salmo salar;angling;assessment method;bioacoustics;catch statistics;data set;Holarctic Region;mark-recapture method;mortality;nature-society relations;population decline;probability;recreational activity;regression analysis;river water;salmonid;survival;tagging;wild population,Elsevier Ltd,00063207 (ISSN),English,Biol. Conserv.,Article,Scopus,"Export Date: 14 March 2025; Cited By: 25; Correspondence Address: R.J. Lennox; Fish Ecology and Conservation Physiology Laboratory, Department of Biology, Carleton University, Ottawa, K1S 5B6, Canada; email: robertlennox9@gmail.com.ca; CODEN: BICOB",,,150,158,,,126,0,21/03/2025 10:33,
26,JOUR,"Mohammadzadeh, N.;Mohammadzadeh, R.","The assessment of soundscape quality in historic urban parks: A case study of El-Goli Park of Tabriz, Iran",2023,Noise and Vibration Worldwide,54,,10.1177/09574565231179733,https://www.scopus.com/inward/record.uri?eid=2-s2.0-85163036209&doi=10.1177%2f09574565231179733&partnerID=40&md5=00b41d7060ac758f6b54f006ad0bcb29,"Tarbiat Modares University, Tehran, Iran","The preservation of historic sites requires a multisensory approach, in which sound plays an important role. A good acoustic environment could contribute to the aesthetic, ecological, and cultural improvement of historic sites, as well as increase visitor attendance with their surroundings. Due to the unique spatial qualities and social-cultural distinctions of these locations, it seems essential to consider the inherent differences in their soundscapes. The hypothesis of this study is to assess the interrelationships between soundscape evaluations and environmental indicators including visual quality and overall impression as well as the related semantic attributes. The historic El-Goli Park of Tabriz, which is in a semi-natural environment, was evaluated as the field study. Field measurements at sampled locations were conducted to record sound pressure levels (SPL) to generate sound maps. At the same time, a questionnaire survey was used for the subjective assessment of soundscape quality. The main results are as follows: 1. Natural sounds (birds and water) and human sounds (voices and footsteps) are the sounds primarily perceived as dominant and pleasant. 2. For a selected location, the higher the percentage of visitors reporting a pleasant sound (mainly natural sounds), the higher the reported soundscape quality, visual quality, and overall impression. 3. Among the social/demographic/behavioral factors considered, “age” and “time period during a day of visit” were associated with soundscape perception. These results may be helpful for the soundscape of historic city parks and will offer helpful insights into landscape policy and regional acoustic environment planning. © The Author(s) 2023.",Historic park;sonic environment;soundscape perception;soundscape quality;Historic preservation;Location;Quality control;Semantics;Acoustic environment;Historic park;Historic site;Natural sounds;Sonic environments;Soundscape perception;Soundscape quality;Soundscapes;Visual qualities;Parks,SAGE Publications Inc.,09574565 (ISSN),English,Noise Vib Worldwide,Article,Scopus,"Export Date: 14 March 2025; Cited By: 5; Correspondence Address: N. Mohammadzadeh; Tarbiat Modares University, Tehran, Iran; email: mohamadzadenegar@modares.ac.ir; CODEN: NVWOE",6,,248,260,,,26,0,21/03/2025 10:33,
269,JOUR,"Zaǐtseva, K.A.;Dmitrieva, E.S.;Miroshnikov, D.B.",Lateralization characteristics in the perception of speech in noise by children of different age groups,1995,Zhurnal Evolyutsionnoi Biokhimii i Fiziologii,31,,,https://www.scopus.com/inward/record.uri?eid=2-s2.0-0029264745&partnerID=40&md5=82fda4b751ea40a09866627456db44d8,,"The comparative investigation in ontogenesis of the noise immunity of child sensorial perception of two kinds of bioacoustical information (the emotional one being more evolutionary old and the semantic one being evolutionary younger) has shown that the perception effectiveness of these kinds of information depends on the noise level, the age of a child and the kind of information. The perception of semantic information is not provided with the reliable mechanisms of signal identification from noise even to the age of 16 while such mechanisms for perception of emotional information are formed in ontogenesis by the age of 14 and they are associated with the activity of the right hemisphere.","Adolescent;Aging;Child;Child, Preschool;Comparative Study;Dominance, Cerebral;Emotions;English Abstract;Human;Noise;Reference Values;Semantics;Speech Discrimination Tests;Speech Perception;adolescent;aging;article;child;comparative study;emotion;hemispheric dominance;human;methodology;noise;physiology;preschool child;reference value;semantics;speech audiometry;speech perception",,00444529 (ISSN),Russian,Zh Evol Biokhim Fiziol,Article,Scopus,Export Date: 14 March 2025; Cited By: 1,2,7483917,230,234,,Osobennosti lateralizatsii pri vospriiatii rechi v shume det'mi raznykh vozrastnykh grupp.,269,0,21/03/2025 10:33,
62,JOUR,"Rossi, A.;Gonizzi Barsanti, S.;Bertacchi, S.",Intangible Capital: Digital Colors in Romanesque Cloisters,2025,Heritage,8,43,10.3390/heritage8020043,https://www.scopus.com/inward/record.uri?eid=2-s2.0-85218872400&doi=10.3390%2fheritage8020043&partnerID=40&md5=8b7afed18faf956ff7c60949e3dd8ea1,"Department of Engineering, Università degli Studi della Campania Luigi Vanvitelli, CE, Aversa, 81031, Italy","This paper explores the possibility of counteracting the crisis of culture and institutions by investing in the identity values of the user-actor within digital spaces built for the purpose. The strategy is applied to the analysis of three Catalan cloisters (Spain), with a focus on the representation of the cloister of Sant Cugat (Barcelona). Heuristic picklocks are found in the semantic richness proposed by Marius Schneider exclusively on the verbal level. The authors interpret the contents and transcribe them into graphic signs and digital denotations of sounds and colors. They organize proprietary ontologies, or syntagmatic lines, to be entrusted to the management of computer algorithms. The syncretic culture that characterized the medieval era allowed the ability to mediate science and faith to be entrusted to the mind of the praying monk alone in every canonical hour. The hypothesis that a careful direction has programmed the ways in which to orient souls to “navigate by sight” urges the authors to find the criteria that advanced statistics imitates to make automatic data processing “Intelligent”. In step with the times and in line with the most recent directions for the Safeguarding of Heritage, the musical, astral, and narrative rhythms feared by Schneider are used to inform representative models, to increase not only the visual perception of the user (XR Extended Reality) but also to solicit new analogies and illuminating associations. The results return a vision of the culture of the time suitable for shortening the distances between present and past, attracting the visitor and, with him, the resources necessary to protect and enhance the spaces of the Romanesque era. The methodology goes beyond the contingent aspect by encouraging the ‘remediation’ of contents with the help of machine learning. © 2025 by the authors.",AI;digital heritage;identity values;imagine heritage;informative ecosystems;soundscapes,Multidisciplinary Digital Publishing Institute (MDPI),25719408 (ISSN),English,Heritage.,Article,Scopus,"Export Date: 14 March 2025; Cited By: 0; Correspondence Address: S. Gonizzi Barsanti; Department of Engineering, Università degli Studi della Campania Luigi Vanvitelli, Aversa, CE, 81031, Italy; email: sara.gonizzibarsanti@unicampania.it",2,,,,,,62,0,21/03/2025 10:33,
155,JOUR,"Acun, V.;Yilmazer, S.","Understanding the indoor soundscape of study areas in terms of users' satisfaction, coping methods and perceptual dimensions",2018,Noise Control Engineering Journal,66,,10.3397/1/37667,https://www.scopus.com/inward/record.uri?eid=2-s2.0-85043532925&doi=10.3397%2f1%2f37667&partnerID=40&md5=047819a0e319290db4121f04989606b1,"Bilkent University, Faculty of Art, Design and Architecture, Department of Interior Architecture and Environmental Design, Bilkent, Ankara, 06800, Turkey","The soundscape approach is not concerned with the sound level of an acoustic environment, but how it relates to human perception, how it is conceived by the individual and how it should be measured and managed. Even though it reached wide popularity in the last 15 years, it still lacks standardization. Perceptual dimensions of the indoor soundscape have major contributions to the experience of place. Identifying the relations between the sound and build environment can provide valuable information for the decision-makers to promote sensation, satisfaction and positive emotions. This research focuses on the sound environments of 4 open study areas within the Bilkent University Campus. These spaces have been favored by many students due to their ability to combine learning and social identity, in an informal but also an academic environment. This informality also resulted in with the lack of controlled sound environment which can be found in the silent study zone of the library. For this reason, this article examines the soundscape of the open study areas in terms of sound sources, users' reactions, coping methods and perceptual dimensions. Research settings are located at the dormitories, the Fine Arts Building, the library, and the Faculty of Science Building. In order to explore users' response to the sound environment, a questionnaire survey and in-situ measurement of sound levels (LAeq) have been conducted with 120 students. The questionnaire survey consisted of two main parts which were concerned with identifying sound source, satisfaction, loudness and exploring the perceptual dimensions of the indoor soundscape through semantic differential scales. Results showed no difference between participants' satisfaction with the soundscape regardless of the sound levels. Perceptual dimensions of the indoor soundscape are analyzed with factor analysis which extracted three factors, sensation, activity/communication, and functionality. © 2018 Institute of Noise Control Engineering.",Acoustic generators;Decision making;Semantics;Academic environment;Acoustic environment;Faculty of science;In-situ measurement;Perceptual dimensions;Questionnaire surveys;Semantic differential scale;Users' satisfactions;Surveys,Institute of Noise Control Engineering,07362501 (ISSN),English,Noise Control Eng J,Article,Scopus,Export Date: 14 March 2025; Cited By: 11; CODEN: NCEJD,1,,66,75,,,155,0,21/03/2025 10:34,
15,JOUR,"Díaz-Andreu, M.;Jiménez Pasalodos, R.;Rozwadowski, A.;Álvarez Morales, L.;Miklashevich, E.;Santos da Rosa, N.","The Soundscapes of the Lower Chuya River Area, Russian Altai: Ethnographic Sources, Indigenous Ontologies and the Archaeoacoustics of Rock Art Sites",2023,Journal of Archaeological Method and Theory,30,,10.1007/s10816-022-09562-w,https://www.scopus.com/inward/record.uri?eid=2-s2.0-85130428517&doi=10.1007%2fs10816-022-09562-w&partnerID=40&md5=a5896f6585fd5cbafbee88e461251901,"Institut d’Arqueologia, Universitat de Barcelona, Barcelona, Spain","The acoustics of the Lower Chuya River area rock art landscape are analyzed through both the exploration of its acoustic properties and the ethnographic information gathered about the region. The results obtained in the acoustics tests undertaken in the area, in particular at the rock art sites of Kalbak-Tash I, Kalbak-Tash II, and Adyr-Kan, are examined. They indicate that the perceived loudness resulting from a natural amplification of sound (strength parameter) and music and speech clarity may have been some of the reasons behind the selection of these locations for rock art production. The ethnographic sources related to the Altai and other Siberian areas are then reviewed as a way of providing an ontological framework for the study of Altaian sonic concepts and behaviors in nature. As the sources indicate, at least for the historical period and presumably earlier, in the prehistoric period, all existing beings are entangled by sound, and they mimic each other in endless ways. We argue that these sites were selected in a non-linear relational ontological framework. It is suggested that the multidisciplinary perspective combining archaeology, physical acoustics, and ethnography has considerable potential for providing a new, richer understanding of rock art landscapes. © 2022, The Author(s).",Altai;Archaeoacoustics;Ethnographic sources;Ontology;Rock art;Siberia,Springer,10725369 (ISSN),English,J. Archaeol. Method and Theory,Article,Scopus,"Export Date: 14 March 2025; Cited By: 12; Correspondence Address: M. Díaz-Andreu; Institució Catalana de Recerca i Estudis Avançats, Barcelona, Spain; email: m.diaz-andreu@ub.edu",2,,335,362,,,15,0,21/03/2025 10:34,
235,CONF,,ACM International Conference Proceeding Series,2015,ACM International Conference Proceeding Series,07-09-October-2015,,,https://www.scopus.com/inward/record.uri?eid=2-s2.0-84956638244&partnerID=40&md5=2de2a7afe961282ee6c1750300f490c2,,"The proceedings contain 39 papers. The topics discussed include: rhythmic persuasion model: shifting from phatic to persuasion; Moodplay: an interactive mood-based musical experience; TouchNoise: a new multitouch interface for creative work with noise; machine learning algorithms for environmental sound recognition: towards soundscape semantics; tonic: combining ranking and clustering dynamics for music discovery; digital synthesis of impact sounds; emotional cues, emotional signals, and their contrasting effects on listener valence; product sound design: form, function, and experience; combined auditory warnings for driving-related information; the role of agency in ludoacoustic immersion: experiencing recorded sound and music in situational context; spatial sound and multimodal interaction in immersive environments; the sound of the smell of my shoes; and creating a super instrument: composers and pianists reaching beyond their technical and expressive capabilities.",,Association for Computing Machinery,978-145033896-7 (ISBN); 978-145033896-7 (ISBN),English,ACM Int. Conf. Proc. Ser.,Conference review,Scopus,Export Date: 14 March 2025; Cited By: 0,,,,,Kalliris G.;Dimoulas C.;Kalliris G.;Dimoulas C.,,235,0,21/03/2025 10:34,
60,CONF,"Hou, Y.;Song, S.;Luo, C.;Mitchell, A.;Ren, Q.;Xie, W.;Kang, J.;Wang, W.;Botteldooren, D.",Joint Prediction of Audio Event and Annoyance Rating in an Urban Soundscape by Hierarchical Graph Representation Learning,2023,"Proceedings of the Annual Conference of the International Speech Communication Association, INTERSPEECH",2023-August,,10.21437/Interspeech.2023-1021,https://www.scopus.com/inward/record.uri?eid=2-s2.0-85171559032&doi=10.21437%2fInterspeech.2023-1021&partnerID=40&md5=9bc2bfba43d3bf104596e04c2683c0a3,"WAVES Research Group, Ghent University, Belgium","Sound events in daily life carry rich information about the objective world. The composition of these sounds affects the mood of people in a soundscape. Most previous approaches only focus on classifying and detecting audio events and scenes, but may ignore their perceptual quality that may impact humans' listening mood for the environment, e.g. annoyance. To this end, this paper proposes a novel hierarchical graph representation learning (HGRL) approach which links objective audio events (AE) with subjective annoyance ratings (AR) of the soundscape perceived by humans. The hierarchical graph consists of fine-grained event (fAE) embeddings with single-class event semantics, coarse-grained event (cAE) embeddings with multi-class event semantics, and AR embeddings. Experiments show the proposed HGRL successfully integrates AE with AR for AEC and ARP tasks, while coordinating the relations between cAE and fAE and further aligning the two different grains of AE information with the AR. © 2023 International Speech Communication Association. All rights reserved.",audio event classification;hierarchical graph representation learning;human annoyance rating prediction;Audio acoustics;Audio signal processing;Semantics;Speech communication;Annoyance rating;Audio event classification;Audio events;Embeddings;Events classification;Fine grained;Hierarchical graph representation learning;Hierarchical graph representations;Human annoyance rating prediction;Soundscapes;Embeddings,International Speech Communication Association,2308457X (ISSN),English,"Proc. Annu. Conf. Int. Speech. Commun. Assoc., INTERSPEECH",Conference paper,Scopus,Export Date: 14 March 2025; Cited By: 4,,,331,335,,,60,0,21/03/2025 10:34,
106,CONF,"Yilmazer, S.;Acun, V.",A qualitative approach to investigate indoor soundscape of the built environment,2018,INTER-NOISE 2018 - 47th International Congress and Exposition on Noise Control Engineering: Impact of Noise Control Engineering,,,,https://www.scopus.com/inward/record.uri?eid=2-s2.0-85059435766&partnerID=40&md5=54c8e70707590a76cac7cb854f310337,"Bilkent University, Department of Interior Architecture and Environmental Design, Ankara, 06800, Turkey","Soundscape approach takes advantage of both quantitative and qualitative research methods. So far, there have been five main research tools to collect and analyze data. Quantitative ones are consisted of, questionnaire surveys, psychoacoustic measurements and semantic differential scales, while the qualitative ones are observation protocol and interviews. Qualitative methods are mostly used in order to describe and explore the relevant aspects of soundscape especially when there is limited knowledge. Indoor soundscape research has implemented the qualitative approach of Grounded Theory (GT) to identify and define the sound environment. GT is a less frequently used but a more user-centered method that can systematically analyze individual's subjective perception of the soundscape in the built environment. This paper presents the way of Grounded Theory (GT) applications and findings of indoor soundscape researches conducted by the authors which took place in four different indoor spaces: Museum, Historical religious space, High school environment and Open-plan office. The results indicate that core categories of the framework, such as the context of sound, are similar with others, while some categories are different, possibly due to the function of the indoor space. © INTER-NOISE 2018 - 47th International Congress and Exposition on Noise Control Engineering: Impact of Noise Control Engineering. All rights reserved.",Acoustic noise;Acoustics;Control theory;Office buildings;Semantics;Surveys;Observation protocol;Qualitative approach;Qualitative method;Quantitative and qualitative researches;Questionnaire surveys;Semantic differential scale;Sound environment;Subjective perceptions;Acoustic variables control,Institute of Noise Control Engineering,,English,INTER-NOISE - Int. Congr. Expo. Noise Control Eng.: Impact Noise Control Eng.,Conference paper,Scopus,Export Date: 14 March 2025; Cited By: 3,,,,,,,106,0,21/03/2025 10:34,
74,JOUR,"Farina, A.","The acoustic complexity index (ACI): theoretical foundations, applied perspectives and semantics",2025,Oikos,2025,e10760,10.1111/oik.10760,https://www.scopus.com/inward/record.uri?eid=2-s2.0-85207352534&doi=10.1111%2foik.10760&partnerID=40&md5=3bdd794ba18282d05fd62bc7a92e74d0,"Department of Pure and Applied Sciences, Urbino University, Urbino, Italy","The acoustic complexity index (ACI) is a commonly used metric in ecoacoustics, demonstrating reliability across diverse environments and ecological conditions. However, this index requires specific procedures to be applied correctly. Based on the Canberra metric, the ACI is an unsupervised metric formulated to extract information from fast Fourier transform (FFT) sonic matrices. The ACI measures contiguous differences in acoustic energy of each frequency bin along temporal steps (ACItf) and a temporal interval along the frequency bins (ACIft). Aggregating data after an FFT with a clumping procedure allows for better scaling of sonic signals before computing the ACI. A filter must be applied to reduce the effects of nonenvironmental signals produced by microphone electrical noise. Due to the singularity of the index for values of 0, ACI requires ad hoc procedures to exclude element pairs for which one of the elements is equal to 0 from the comparisons. The spectral and temporal sonic signatures are vectors obtained from the sequence of ACItf and ACIft values, respectively. The comparison between sonic signatures using the chord distance index returns spectral and temporal sonic dissimilarities, allowing the evaluation of sonic patterns at different temporal and spatial resolutions. Sonic variability, sonic evenness, and the effective number of frequency bins are further derivative metrics that help interpret sonic heterogeneity by distinguishing the temporal and spatial heterogeneity of sonoscapes. Moreover, this paper proposes changing the terminology of ‘acoustic complexity index' to ‘sonic heterogeneity index.'. © 2024 Nordic Society Oikos. Published by John Wiley & Sons Ltd.",acoustic complexity index;clumping;sonic dissimilarity;sonic evenness;sonic heterogeneity index;sonic variability;spectral sonic signature;temporal sonic signature;Australia;Australian Capital Territory;Canberra;complexity;Fourier transform;heterogeneity;index method;semantic standardization;sonic boom;spectral analysis;terminology;theoretical study,John Wiley and Sons Inc,00301299 (ISSN),English,Oikos,Article,Scopus,"Export Date: 14 March 2025; Cited By: 1; Correspondence Address: A. Farina; Department of Pure and Applied Sciences, Urbino University, Urbino, Italy; email: almo.farina@uniurb.it; CODEN: OIKSA",1,,,,,,74,0,21/03/2025 10:35,
256,CONF,"Woloszyn, P.;Leduc, T.",Ambient pointers geocomputation in urban maze: Soundmark fluxespsychophysical dimensioning,2009,"2009 International Conference on Computers and Industrial Engineering, CIE 2009",,5223919,10.1109/iccie.2009.5223919,https://www.scopus.com/inward/record.uri?eid=2-s2.0-77956096446&doi=10.1109%2ficcie.2009.5223919&partnerID=40&md5=0b754e3f65e8781fdc010d2e491c4722,"ESO Lab., Université de Haute Bretagne, 35043, Rennes, France","Through interaction with environmental parameters such as light or sound,urban and architectural spaces generate ambiences with identifiablecharacteristics. This notion of ambiences is related to the human being positionthrough its perception of environmental physical phenomenon during a pedestrianwalk. Presented work aims to evaluate, so as to characterize, the impact ofsound ambiences (soundscape) onto an urban pedestrian pathway using GIS spatialdynamical mapping. To carry out this scheme, our research work within AMBIOFLUXproject concerns spatial interaction between sound ambience (soundscape) and manurban spatial trajectory (soundwalk). Spatial impression of soundsources orsoundmarks has to be both defined through acoustical measurement and perceptioninformational evaluation. The remainder of this paper is dedicated to theevaluation's methodology of the pedestrian pathway's acoustic fingerprint usingthe GearScape spatial formalism described thereafter. First results we haveobtained will also be presented. © 2009 IEEE.",Ambience;Entropy evaluation;GIS semantics;Information dimensioning;Soundmarks;Soundscape;Semantics;Acoustic fingerprint;Acoustical measurements;Ambience;Architectural space;Environmental parameter;Information dimensioning;Soundmarks;Soundscapes;Engineering research,IEEE Computer Society,978-142444136-5 (ISBN),English,Int. Conf. Comput. Ind. Eng CIE,Conference paper,Scopus,"Export Date: 14 March 2025; Cited By: 1; Correspondence Address: P. Woloszyn; ESO Lab., Université de Haute Bretagne, 35043, Rennes, France; email: philippe.woloszyn@univ-rennes2.fr",,,1694,1699,,,256,0,21/03/2025 10:35,
204,JOUR,"Bouchet, H.;Pellier, A.-S.;Blois-Heulin, C.;Lemasson, A.",Sex differences in the vocal repertoire of adult red-capped mangabeys (Cercocebus torquatus): A multi-level acoustic analysis,2010,American Journal of Primatology,72,,10.1002/ajp.20791,https://www.scopus.com/inward/record.uri?eid=2-s2.0-77449102884&doi=10.1002%2fajp.20791&partnerID=40&md5=dece839bd41df3ba33486a8975a33910,"UMR6552 EthoS, Ethologie animale et humaine, Université de Rennes 1, CNRS, Station Biologique de Paimpont, France","Sex differences in the vocal behavior of nonhuman primates can take various forms: sex-specific call types, differential production of shared call types, or sex discrepancy in phonation. Also, a growing literature is evidencing that systematically analyzing the vocal repertoires of primates at the call level might lead to underestimating their communicative abilities. Here, we present an extensive multi-level analysis of the still unknown vocal repertoire of adult red-capped mangabeys (Cercocebus torquatus), with a special emphasis on sex differences. We collected recordings from seven adult males and seven adult females housed in captivity. We present a structurally-based classification of mangabey calls that we cross-validated by an analysis of the associated contexts of emission. We found 12 sound units (including six sex-specific) that were concatenated to form eight call types (including four sex-specific), which were produced either singularly or in sequences composed of one (""repetition"") or several (""combination"") call types. We extracted organizational principles that ruled call composition and calling patterns. This revealed a high degree of potentially meaningful variability in terms of semantics and syntax. Male-female discrepancy in terms of phonation could be related to morphological dimorphism and would enable listeners to behave appropriately according to the sex of the caller. Sex differences in repertoire size, structural gradation, and call usage could reflect specificities of male-female social roles. We discuss the pertinence of these sex differences according to social system and habitat quality. © 2010 Wiley-Liss, Inc.","Acoustic analysis;Mangabeys;Sex differences;Vocal repertoire;Vocal usage;Acoustics;Animals;Cercocebus;Female;Male;Sex Characteristics;Sound Spectrography;Vocalization, Animal;Cercocebus;Cercocebus torquatus;Primates;bioacoustics;captivity;dimorphism;functional morphology;habitat quality;primate;reproductive behavior;sex-related difference;sound propagation;species diversity;vocalization;acoustics;animal;article;Cercocebus;classification;comparative study;female;male;physiology;sexual development;sound detection;vocalization",,10982345 (ISSN),English,Am. J. Primatol.,Article,Scopus,"Export Date: 14 March 2025; Cited By: 42; Correspondence Address: H. Bouchet; UMR6552, Station Biologique, 35380, Paimpont, France; email: helene.bouchet@yahoo.fr; CODEN: AJPTD",4,20052691,360,375,,,204,0,21/03/2025 10:36,
216,CONF,"Soares, A.C.L.;Coelho, J.L.B.","An investigation on the soundscape of public parks in the city of belém, Brazil",2011,"18th International Congress on Sound and Vibration 2011, ICSV 2011",2,,,https://www.scopus.com/inward/record.uri?eid=2-s2.0-84871500732&partnerID=40&md5=e88bad893d1d35d3675098cba6908398,"Museu Paraense Emílio Goeldi, Belém, Brazil","In urban areas, the acoustic environment is contributed by a variety of sound sources, with traffic being usually the most important. In large cities, public parks play a very useful role not only in social terms, by allowing the gathering of nearby residents, but also by providing escape areas where the environmental quality is better. In such areas, the sound quality is perceived as much better than in other parts of the city. The European legislation has been encouraging European countries and cities to set up or enlarge the use of quiet areas. Urban quiet areas, though lacking a formal definition, are usually understood as areas where a better sound quality is perceived, being less noisy and more pleasant. A thorough investigation is being conducted on the most relevant public parks in the city of Belém, North of Brazil. Located in a tropical region, Belém is a very noisy city. The soundscapes in the Museu Emílio Goeldi Zoobotanical Park, in the Batista Campos Square, in the Republic Square and in the Rodrigues Alves Botanical Garden are very rich, with noise from traffic but also with contributions from a variety of natural sources such as people, water fountains and animals. The parks, some with open access, others requiring an admission fee, are very used by residents and visitors who value the sound quality of the place. The study focuses on the aspects that make the soundscape appealing for the users in order to develop tools to apply in other areas to improve the acoustic quality of the city. Copyright © (2011) by the International Institute of Acoustics & Vibration.",Acoustics;Bioacoustics;Sound reproduction;Acoustic environment;Acoustic quality;Botanical gardens;Environmental quality;European Countries;European legislation;Formal definition;Large cities;Natural sources;Open Access;Public parks;Sound Quality;Sound source;Soundscapes;Tropical regions;Urban areas;Acoustic variables measurement,,978-161839259-6 (ISBN),English,"Int. Congr. Sound Vib., ICSV",Conference paper,Scopus,"Export Date: 14 March 2025; Cited By: 1; Correspondence Address: A.C.L. Soares; Museu Paraense Emílio Goeldi, Belém, Brazil; email: lobosoares@hotmail.com",,,1626,1633,,,216,0,21/03/2025 10:36,
131,JOUR,"Bild, E.;Pfeffer, K.;Coler, M.;Bertolini, L.",An exploratory study on the influence of activities on public space users’ descriptions of their auditory environments on site: The case of Amsterdam,2019,Acta Acustica united with Acustica,105,,10.3813/AAA.919327,https://www.scopus.com/inward/record.uri?eid=2-s2.0-85068933272&doi=10.3813%2fAAA.919327&partnerID=40&md5=03752fb371ec751751c5943a7452bc13,"Urban Planning, Department of Geography,, Planning and International Development, University of Amsterdam, Amsterdam, 1018 WV, Netherlands","This paper is an exploration into whether public space users performing different activities describe their auditory environments in noticeably different ways. Building on soundscape and psycholinguistic literature, a questionnaire study was conducted in a large park in Amsterdam (NL), where 92 park users described, in writing, their activities and auditory environments. Users’ self-reported activities were categorized based on their level of social interaction (solitary vs. socially interactive), and using open coding, generating categories of activities grouped by semantic range. The written corpus on auditory environment descriptions was analysed through a proposed classificatory framework, coding descriptions at three semantic and one syntactic level. We preliminarily tested whether there are associations between various categories of activities and of auditory environment descriptions, categorized at different levels. Our results suggest that, while for detailed levels of activity categorization there were no non-distinct patterns, the level of social interaction of users’ activities has an observable effect over users’ descriptions of their auditory environments. This holds particularly in relation to types of sounds listed, as well as for differences in descriptions at a syntactic level. These findings point towards subtly different auditory experiences in the same public space for users performing solitary or socially interactive activities. © S. Hirzel Verlag · EAA",Syntactics;Amsterdam;Exploratory studies;Interactive activities;Park users;Public space;Questionnaire studies;Social interactions;Soundscapes;Semantics,S. Hirzel Verlag GmbH,16101928 (ISSN),English,Acta Acust. United Acust.,Article,Scopus,Export Date: 14 March 2025; Cited By: 3; CODEN: AAACF,3,,449,463,,,131,0,21/03/2025 10:36,
123,CONF,"Lionello, M.;Aletta, F.;Kang, J.","On the dimension and scaling analysis of soundscape assessment tools: A case study about the ""Method A"" of ISO/TS 12913-2:2018",2019,Proceedings of the International Congress on Acoustics,2019-September,,10.18154/RWTH-CONV-239311,https://www.scopus.com/inward/record.uri?eid=2-s2.0-85088050113&doi=10.18154%2fRWTH-CONV-239311&partnerID=40&md5=65be8501865879a91733f016d96ea292,"UCL Institute for Environmental Design and Engineering, The Bartlett, University College London, Central House, 14 Upper Woburn Place, London, WC1H 0NN, United Kingdom","Soundscape assessment methods are currently being standardized and semantic differential is a common method used, as reported for instance in the Method A of the ISO/TS 12913-2:2018. However, when applying this method during surveys with non-trained participants, a deviance in scaling adjectives has been observed. This study aims at analysing the distribution of these deviances and possible systematic errors in the scaling. Data were collected through surveys in public open spaces in the UK, Italy and China. Statistical analyses were conducted over the pairs “pleasant-annoying”, “vibrant-monotonous”, “calm-chaotic”, and “eventful-uneventful” with corresponding 5-point Likert scales. The results show a scaling bias effect over adjectives that belong to the same semantic dimension. In particular, participants who gave a neutral evaluation of the adjective “pleasant”, show a systematically greater disagreement with “annoying” whereas the agreement is significantly lower. Similar patterns are observed across other pairs of adjectives. A further analysis revealed that only a small percentage of participants gave an evaluation for each pair of adjectives within a 1-point scale distance. © 2019 Proceedings of the International Congress on Acoustics. All rights reserved.",Attributes;Dimensions;Perceptual;Scaling;Soundscape;Binary alloys;Potassium alloys;Semantics;Uranium alloys;Assessment tool;Attribute;Case-studies;Dimension;Dimension analysis;Perceptual;Scaling analysis;Scalings;Semantic differential;Soundscapes;Systematic errors,International Commission for Acoustics (ICA),22267808 (ISSN); 978-393929615-7 (ISBN),English,Proc. Int. Congr. Acoust.,Conference paper,Scopus,Export Date: 14 March 2025; Cited By: 7,,,6673,6680,Ochmann M.;Michael M.;Fels J.,,123,0,21/03/2025 10:36,
247,CONF,"Hiramatsu, K.;Torigoe, K.;Dubois, D.;Schulte-Fortkamp, B.",The concepts of soundscape. Are there shallow soundscapes and deep soundscapes?,2009,"38th International Congress and Exposition on Noise Control Engineering 2009, INTER-NOISE 2009",6,,,https://www.scopus.com/inward/record.uri?eid=2-s2.0-84869993259&partnerID=40&md5=cb192422182907eb90f0ee062dfc8328,"Graduate School of Asian and African Area Studies, Kyoto University, 606-8501 Kyoto, Japan","This paper discusses firstly the concept of soundscape developed by R. M. Schafer and his colleagues. Secondly, it hypothetically proposes to define the 'shallow soundscape' and 'deep soundscape', the former as the acoustic environment within the tradition of acoustics with emphasis on physical constraints and the latter as the acoustic environment with emphasis on the way it is perceived and understood by the individual, or by a society whose concept was brought forth by R. M. Schafer and his colleagues, whereby the latter includes the former. Finally the significance of the concept of deep soundscape is discussed accounting for developments in cognitive sciences taking account of semantics in its application of sound education, soundscape design and further areas.",Acoustic noise;Exhibitions;Semantics;Acoustic environment;Cognitive science;Physical constraints;Soundscapes;Acoustics,,978-161567690-3 (ISBN),English,"Int. Congr. Expo. Noise Control Eng., INTER-NOISE",Conference paper,Scopus,"Export Date: 14 March 2025; Cited By: 6; Correspondence Address: K. Hiramatsu; Graduate School of Asian and African Area Studies, Kyoto University, 606-8501 Kyoto, Japan; email: hkozo@asafas.kyoto-u.ac.jp",,,4084,4090,,,247,0,21/03/2025 10:36,
263,CONF,"Polack, J.-D.;Beaumont, J.;Arras, C.;Zekri, M.;Robin, B.",Perceptive relevance of soundscape descriptors: A morpho-typological approach,2008,Proceedings - European Conference on Noise Control,,,,https://www.scopus.com/inward/record.uri?eid=2-s2.0-84874912919&partnerID=40&md5=e242966b621147666f1a99fe2216e9b8,"Institut Jean le Rond D'Alembert, Laboratoire D'Acoustique Musicale, 75015 Paris, 11, rue de Lourmel, France","For assessing the validity of a morpho-typological classification of urban sounds with respect to sound assessment, factor analysis was applied to a database compiled in the city of Lyon and lead to a four-classes classification based on the number of lanes and whether a street is one-way or not. Free categorisation was then carried out on sound excerpts recorded in different sites corresponding to different classes. The main results are: a corpus of 42h of 5-channel recordings of a choice of sites from the classification at different times of the day; the validation of the relevance of the morpho-typological classification for perception; and a confirmation of the semantic oppositions between sources and background noise, as well as holistic and event sequences. Further, annoyance is controlled by the absence or the presence of human or nature sound sources, pleading for research toward automatic identification of sources. Lastly, categorisation confirms earlier investigations based on variance analysis: in narrow and large streets, traffic increase differently governs the increase of both noise level and annoyance.",Automation;Semantics;Automatic identification;Background noise;Different class;Event sequence;Noise levels;Number of lanes;Sound source;Variance analysis;Acoustic noise,,22265147 (ISSN),English,Proc. European Conf. Noise Control,Conference paper,Scopus,"Export Date: 14 March 2025; Cited By: 0; Correspondence Address: J.-D. Polack; Institut Jean le Rond D'Alembert, Laboratoire D'Acoustique Musicale, 75015 Paris, 11, rue de Lourmel, France; email: polack@ccr.jussieu.fr",,,5527,5532,,,263,0,21/03/2025 10:36,
148,CONF,"Mellace, S.;Guzzi, J.;Giusti, A.;Gambardella, L.M.",Realtime generation of audible textures inspired by a video stream,2019,"33rd AAAI Conference on Artificial Intelligence, AAAI 2019, 31st Innovative Applications of Artificial Intelligence Conference, IAAI 2019 and the 9th AAAI Symposium on Educational Advances in Artificial Intelligence, EAAI 2019",,,10.1609/aaai.v33i01.33019865,https://www.scopus.com/inward/record.uri?eid=2-s2.0-85090804972&doi=10.1609%2faaai.v33i01.33019865&partnerID=40&md5=8a740a2a3e665d3e294fe23adaf77517,"Dalle Molle Institute for Artificial Intelligence, USI-SUPSI, Lugano, Switzerland","We showcase a model to generate a soundscape from a camera stream in real time. The approach relies on a training video with an associated meaningful audio track; a granular synthesizer generates a novel sound by randomly sampling and mixing audio data from such video, favoring timestamps whose frame is similar to the current camera frame; the semantic similarity between frames is computed by a pre-trained neural network. The demo is interactive: a user points a mobile phone to different objects and hears how the generated sound changes. © 2019, Association for the Advancement of Artificial Intelligence (www.aaai.org). All rights reserved.",Artificial intelligence;Audio acoustics;Cameras;Semantics;Video streaming;'current;Audio data;Audio track;Camera frames;Camera streams;Real- time;Realtime generation;Semantic similarity;Soundscapes;Time-stamp;Textures,AAAI Press,978-157735809-1 (ISBN),English,"AAAI Conf. Artif. Intell., AAAI, Innov. Appl. Artif. .igence Conf., IAAI AAAI Symp. Educ. Adv. Artif. Intell., EAAI",Conference paper,Scopus,Export Date: 14 March 2025; Cited By: 0,,,9865,9866,,,148,0,21/03/2025 10:37,
221,JOUR,"Aksnes, H.;Ruud, E.",Body-based schemata in receptive music therapy,2008,Musicae Scientiae,12,,10.1177/102986490801200104,https://www.scopus.com/inward/record.uri?eid=2-s2.0-40349094998&doi=10.1177%2f102986490801200104&partnerID=40&md5=3bd8df2308e9c996ba6b47bc43df66bf,"Department of Musicology, University of Oslo, 0315 Oslo, Box 1017 Blinderm, Norway","In the receptive music-therapeutical method BMGIM (The Bonny Method of Guided Imagery and Music) the client listens to a specifically selected program of classical music in a deeply relaxed state, whilst reporting his/her concomitant musical imagery to the music therapist. The imagery (or travel) reported by the client (traveler) serves as point of departure for the therapeutic process, as mediated by the therapist (guide). The purpose of this study is to investigate possible relations between structural features of the musical selections, and the imagery that may arise during a BMGIM session. It was assumed that such an investigation might also contribute to our general understanding of musical meaning - more precisely, how meaning is produced through our interaction with specific musical structures. Furthermore, if it is possible to trace any relations between structural features and concomitant images, a deeper understanding of these relations might also be helpful in the programming (selection) of musical pieces for the BMGIM session. In the research project to which we refer in this article, a new program, Soundscapes, was designed. The program has several aims: Firstly, we wished to create a BMGIM program based upon more local traditions within the European classical canon; in this case, Norwegian music with a distinctly ""national"" flavor (see Aksnes and Ruud, 2006). Secondly, we wished to investigate whether it was possible to demonstrate a link between musical structures and the musical images resulting from the embodied perceptions of these structures. Here we will focus upon the first piece of the program, which was analyzed in cognitive semantic terms, the analysis being subsequently compared with the transcriptions of nine BMGIM sessions. In the analysis the well-balanced and ""floating"" character of the music was understood in terms of amodal, body-based schemata that are operative within music cognition. In the subsequent comparison with the reported travels, it was concluded that the schemata evoked by the music afforded a sensation of being held and carried by the music. © 2008 by ESCOM European Society for the Cognitive Sciences of Music.",BMGIM (Bonny Method of Guided Imagery and Music);Body-based schemata;Cognitive semantics;Musical meaning;Receptive music therapy,European Society for the Cognitive Sciences of Music,10298649 (ISSN),English,Musicae Scientiae,Article,Scopus,"Export Date: 14 March 2025; Cited By: 5; Correspondence Address: H. Aksnes; Department of Musicology, University of Oslo, 0315 Oslo, Box 1017 Blinderm, Norway; email: hallgjerd.aksnes@imv.uio.no",1,,49,74,,,221,0,21/03/2025 10:37,
167,CONF,"Mediastika, C.;Sudarsono, A.;Kristanto, L.",Soundwalk of visually impaired people on Surabaya's sidewalks,2019,INTER-NOISE 2019 MADRID - 48th International Congress and Exhibition on Noise Control Engineering,,,,https://www.scopus.com/inward/record.uri?eid=2-s2.0-85084162231&partnerID=40&md5=25c7962e763f0897a5855de1e61f5d46,"Petra Christian University, Jalan Siwalankerto 121-131, Surabaya, 60236, Indonesia","A series of surveys to obtain data about the sonic perception of sidewalks in Surabaya Indonesia was conducted. The surveys involved visually impaired people considering that the soundscape of these people is specific since they use sound to identify the surrounding. The surveys were conducted in-situ using a soundwalk method consisted of nine segments, i.e., Siola (3 segments), Bambu Runcing (2 segments), and Raya Darmo (4 segments). The data were collected using an online questionnaire consists of semantic scale close-ended questions, where a visually impaired participant was accompanied by a sighted person to fill in the form. With ten visually impaired participants for each segment, 90 data were collected and analysed using varimax rotated principal component analysis. It shows there are four soundscape dimensions, i.e., dimension associated to relaxation (25%), dynamic (11%), communication (10%), and contour (9%). These are consistent with the soundscape dimensions from earlier studies, except the dimension of contour which is considered as the unique dimension perceived by the visually impaired people. © INTER-NOISE 2019 MADRID - 48th International Congress and Exhibition on Noise Control Engineering. All Rights Reserved.",Sidewalk;Soundwalk;Visually Impaired People;Acoustic variables control;Electronic assessment;Pavements;Semantics;Surveys;Indonesia;Online questionnaire;Rotated principal components;Sidewalk;Soundscapes;Soundwalk;Visually impaired;Visually impaired people;Data visualization,"SOCIEDAD ESPANOLA DE ACUSTICA - Spanish Acoustical Society, SEA",978-848798531-7 (ISBN),English,INTER-NOISE MADRID - Int. Congr. Exhib. Noise Control Eng.,Conference paper,Scopus,Export Date: 14 March 2025; Cited By: 1,,,,,Calvo-Manzano A.;Delgado A.;Perez-Lopez A.;Santiago J.S.,,167,0,21/03/2025 10:37,
114,CONF,"Hasegawa, Y.;Lau, S.-K.;Radicchi, A.","User assessments of living soundscapes in a tropical urban city, exploring subjective perceptions and objective audio-visual components collected with mobile application technology",2020,"Proceedings of 2020 International Congress on Noise Control Engineering, INTER-NOISE 2020",,,,https://www.scopus.com/inward/record.uri?eid=2-s2.0-85101413513&partnerID=40&md5=40ee7a35066484987b1ad2b5a7ac33a0,"National University of Singapore, 4 Architecture Drive, Singapore, 117566, Singapore","The objective of this study is to assess the surrounding urban soundscapes by analyzing audio and visual measurements and subjective perceptual evaluations, collected with the mobile application Hush City. Specifically, the study presents subjective responses including (1) semantic descriptions, which users frequently use for their surrounding soundscapes; (2) scores of the social/environmental qualities, provided by user evaluations; (3) users' emotional responses to the environments, collected by means of objective measurements, namely: (4) audio recordings and pictures. The collected datasets were split into four site categories: campus, park, public transportation, and residential building, and analyzed accordingly. User feedback was compiled based on the site categorization, and their average and cumulative scores were calculated. Results shows that the semantic sound descriptions and emotional responses uniquely characterize the recording environments at their categorized locations, whereas, perceived quietness and other social factors tend to be similar among all the categories. The objective audio-visual components partially supported the unique patterns emerged from the analysis of the subjective perception in each of the four categories. These results are promising for providing an insight into the human-centered assessment of urban living environments and highlighting factors that can characterize these environments, which can be utilized for prospective research. © Proceedings of 2020 International Congress on Noise Control Engineering, INTER-NOISE 2020. All rights reserved.",Acoustic noise;Acoustic variables control;Behavioral research;Mobile computing;Semantics;Tropics;Objective measurement;Perceptual evaluation;Public transportation;Recording environment;Residential building;Semantic descriptions;Subjective perceptions;Visual measurements;Quality control,Korean Society of Noise and Vibration Engineering,978-899402136-2 (ISBN),English,"Proc. Int. Congr. Noise Control Eng., INTER-NOISE",Conference paper,Scopus,Export Date: 14 March 2025; Cited By: 0,,,,,Jeon J.Y.,,114,0,21/03/2025 10:37,
280,JOUR,"Arkette, S.",Sounds Like City,2004,"Theory, Culture & Society",21,,10.1177/0263276404040486,https://www.scopus.com/inward/record.uri?eid=2-s2.0-2042481341&doi=10.1177%2f0263276404040486&partnerID=40&md5=91baf001714d63fa0b8f986e058a0235,"Chelsea College of Art and Design and the Architectural Association, United States","Our cultural climate is increasingly dependent upon visual space. Media and communication for the most part are exemplified through television and the Internet. Aural space has, for the moment, become an ambient presence. The aim of this article is to develop a phenomenological approach to interpreting our sonic environment by drawing upon a range of sound-scape theorists. I will, in some cases, provide a counter-argument to established theses, and in doing so endeavour to open up fresh debate for future sonic enterprises. © 2004, Sage. All rights reserved.",acoustic design;acoustic ecology;auditory semantics;aural perception;aural space;sonic ambience,,02632764 (ISSN),English,Theory Cult. Soc.,Article,Scopus,Export Date: 14 March 2025; Cited By: 80,1,,159,168,,,280,0,21/03/2025 10:37,
142,JOUR,"Trček, D.;Trček, G.",sonicLamination – From a concept to artistic binding of visual and sound domains by using advanced technology,2019,International Journal of Arts and Technology,11,,10.1504/IJART.2019.098854,https://www.scopus.com/inward/record.uri?eid=2-s2.0-85064093147&doi=10.1504%2fIJART.2019.098854&partnerID=40&md5=61e1539d8df166dfe468058a3a045fd9,"Faculty of Computer and Information Science, University of Ljubljana, Večna pot 113, Ljubljana, 1000, Slovenia","Layers can be considered as powerful mental concept with proven suitability in numerous areas ranging from fine arts to engineering. To further expand their potential and apply them to computers-based art, sonicLamination method is presented here. The method builds upon computer-based (programmatic) transformations that take into account various enriching perspectives, e.g., physiological laws of human perception. By doing so, it achieves higher levels of semantic relationships when binding visual and sound domains. Put another way, sonicLamination is not just about a new kind of conceptual art, but about exploring new venues in fine arts through technology. Therefore, this paper presents how sonicLamination can be used to exceed its conceptual roots in order to lead to new ways of artistic deployment ranging from enhancing humans sensations to artificially generated soundscapes. This is due to the fact that the core principles of sonicLamination can be naturally extended to provide means for a plethora of artistic approaches when technologically transforming visual inputs into their sonic representations. Copyright © 2019 Inderscience Enterprises Ltd.",Concepts;Digital technology;Fine art;Interactivity;Lamination;Layering;Semantic enrichment;Visual to audio transformations;Semantics;Concepts;Digital technologies;Fine arts;Interactivity;Lamination;Layering;Semantic enrichment;Arts computing,Inderscience Enterprises Ltd.,17548853 (ISSN),English,Int. J. Arts Technol.,Article,Scopus,"Export Date: 14 March 2025; Cited By: 2; Correspondence Address: D. Trček; Faculty of Computer and Information Science, University of Ljubljana, Ljubljana, Večna pot 113, 1000, Slovenia; email: denis.trcek@fri.uni-lj.si",2,,219,229,,,142,0,21/03/2025 10:37,
234,JOUR,"Raimbault, M.",Qualitative judgements of urban soundscapes: Questionning questionnaires and semantic scales,2006,Acta Acustica united with Acustica,92,,,https://www.scopus.com/inward/record.uri?eid=2-s2.0-33845944706&partnerID=40&md5=43b187570f2e20e872844c893ee59b34,"GRECAU, 31106 Toulouse Cedex 1, BP 10629, France","The present work aims at a qualitative analysis of various soundscapes in two French cities in order to evaluate and potentially improve urban development. The method employs an analysis of open-ended questions and of verbal comments and judgments on a semantic differential grid. On-site experiments were carried out in various urban locations of two French cities, such as main thoroughfares, pedestrian districts, playgrounds and market squares. Differential patterns were clearly seen from a histogram analysis of the differential grid, which points to the limits of an average calculation of the semantic scale. A psycholinguistic analysis of the verbal comments was carried out to explicate the heterogeneous judgements across people about temporal, spatial and activity appraisals that the quantitative data obscure. Such an analysis allowed us to differentiate two cognitive modes for representing urban soundscapes: (i) a ""descriptive listening"" mode which refers to the identification of acoustic sources or events; and (ii) a ""holistic hearing"" mode which refers to the soundscape as a whole, without semantic processing of any specific sources. Since the same physical phenomenon may be interpreted by two distinct cognitive representations, the results highlight the need for employing differential scales with a semantic analysis to improve qualitative judgement and to further elaborate new semantic as well as physical indicators based on community noise measurements. © S. Hirzel Verlag EAA.",Data processing;Marketing;Measurement theory;Semantics;Statistical methods;Differential patterns;Qualitative analysis;Semantic scales;Acoustics,,16101928 (ISSN),English,Acta Acust. United Acust.,Article,Scopus,"Export Date: 14 March 2025; Cited By: 85; Correspondence Address: M. Raimbault; GRECAU, 31106 Toulouse Cedex 1, BP 10629, France; email: manon.raimbault@free.fr; CODEN: AAACF",6,,929,937,,,234,0,21/03/2025 10:37,
199,CONF,,"Proceedings - 2021 International Conference on Culture-Oriented Science and Technology, ICCST 2021",2021,"Proceedings - 2021 International Conference on Culture-Oriented Science and Technology, ICCST 2021",,,,https://www.scopus.com/inward/record.uri?eid=2-s2.0-85123781741&partnerID=40&md5=d627a65c9bee2516229a507aea68a3a6,,The proceedings contain 131 papers. The topics discussed include: improved semantic-aware StyleGAN-based real face editing model; discussion on conceptual form of the third generation camera robot system; investigation on the influence of virtual reality displays on people’s interaction; influence evaluation of network content resource creation group based on PageRank; research on soundscape of urban tourism based on acoustic ecology; multi-robot cooperative exploration based on geometric-topological scene map; marvel cinematic universe semantic question answering system based on ontology; and research on the method of cross-modal affective association in audiovisual.,,Institute of Electrical and Electronics Engineers Inc.,978-166544254-1 (ISBN),English,"Proc. - Int. Conf. Cult.-Oriented Sci. Technol., ICCST",Conference review,Scopus,Export Date: 14 March 2025; Cited By: 0,,,,,,,199,0,21/03/2025 10:37,
212,JOUR,"Mackrill, J.B.;Jennings, P.A.;Cain, R.",Improving the hospital 'soundscape': a framework to measure individual perceptual response to hospital sounds,2013,Ergonomics,56,,10.1080/00140139.2013.835873,https://www.scopus.com/inward/record.uri?eid=2-s2.0-84887993662&doi=10.1080%2f00140139.2013.835873&partnerID=40&md5=9ad163a89e10a6df220c16dac1f881ed,"WMG, International Institute for Product and Service Innovation, University of Warwick, Coventry, CV4 7AL, United Kingdom","Work on the perception of urban soundscapes has generated a number of perceptual models which are proposed as tools to test and evaluate soundscape interventions. However, despite the excessive sound levels and noise within hospital environments, perceptual models have not been developed for these spaces. To address this, a two-stage approach was developed by the authors to create such a model. First, semantics were obtained from listening evaluations which captured the feelings of individuals from hearing hospital sounds. Then, 30 participants rated a range of sound clips representative of a ward soundscape based on these semantics. Principal component analysis extracted a two-dimensional space representing an emotional-cognitive response. The framework enables soundscape interventions to be tested which may improve the perception of these hospital environments. Practitioner Summary: Hospital sound is commonly measured in terms of objective sound level. This does not consider the positive or negative subjective reactions to these sounds. This paper understands these reactions and produces a perceptual framework which can be used to measure the subjective response to a hospital soundscape. © 2013 Taylor & Francis.","environment;hospital;perception;sound;Acoustic Stimulation;Adult;Auditory Perception;Emotions;Female;Health Facility Environment;Hospitals;Humans;Male;Middle Aged;Models, Theoretical;Noise;Principal Component Analysis;Semantics;Young Adult;Acoustic waves;Acoustics;Audition;Principal component analysis;Semantics;Sensory perception;environment;Hospital environment;Perceptual frameworks;Perceptual model;Sound level;Soundscapes;Two dimensional spaces;Two-stage approaches;adult;article;auditory stimulation;emotion;female;health care facility;hearing;hospital;human;male;middle aged;noise;principal component analysis;psychological aspect;semantics;theoretical model;young adult;Hospitals",,13665847 (ISSN),English,Ergonomics,Article,Scopus,"Export Date: 14 March 2025; Cited By: 17; Correspondence Address: J. B. Mackrill; WMG, International Institute for Product and Service Innovation, University of Warwick, Coventry, CV4 7AL, United Kingdom; email: j.b.mackrill@warwick.ac.uk; CODEN: ERGOA",11,24073684,1687,1697,,,212,0,21/03/2025 10:37,
1,JOUR,"Yang, H.;Zhang, S.","Impact of rural soundscape on environmental restoration: An empirical study based on the Taohuayuan Scenic Area in Changde, China",2024,PLoS ONE,19,e0300328,10.1371/journal.pone.0300328,https://www.scopus.com/inward/record.uri?eid=2-s2.0-85188032042&doi=10.1371%2fjournal.pone.0300328&partnerID=40&md5=0f83f2b770b2d3de3c86bf1cd2bea88e,"College of Tourism, Central South University of Forestry & Technology, Changsha, China","Previous studies on environmental restorative effects have mainly focused on visual landscapes, and less on the influence of soundscapes on restorative, but soundscapes play a crucial role in restorative environments, especially rural soundscapes, but there is insufficient existing theoretical evidence on the subject. Therefore, this study aims to investigate the influence of Rural Soundscape Perception on Environmental Restoration Perception, and introduces two affective variables, tourism nostalgia and place attachment, to explore the mechanism of Rural Soundscape Perception on Environmental Restoration Perception, as well as the moderating role of the number of trips is also discussed. Based on the theory of restorative environment, this study took the Taohuayuan Scenic Spot in Changde, Hunan Province, China, as the case site, and selected the rural soundscape in the area as the research object; a total of 506 valid data were collected through questionnaire surveys, and structural equation modeling was used to validate the collected data. It was found that rural soundscape perception had a significant positive effect on tourism nostalgia, place attachment, and environmental restoration perception. The results also showed that tourism nostalgia and place attachment mediated the relationship between rural soundscape perception and environmental restoration perception. Additionally, the results revealed that the number of trips did not play a moderating role in the structural relationship between rural soundscape perception and environmental restoration perception. Last, the results of the study shed light on the complex influence path of ""rural soundscape perception!tourism nostalgia!place attachment!environmental restoration perception"", which provides a new perspective for understanding the mechanism of the rural environment to people’s health, and also has a certain guiding significance for the landscape planning of rural tourism sites. © 2024 Yang, Zhang. This is an open access article distributed under the terms of the Creative Commons Attribution License, which permits unrestricted use, distribution, and reproduction in any medium, provided the original author and source are credited.",China;Environment;Environmental Restoration and Remediation;Humans;Surveys and Questionnaires;Tourism;adult;article;China;ecosystem restoration;empiricism;human;open access publishing;questionnaire;rural area;structural equation modeling;tourism;China;environment,Public Library of Science,19326203 (ISSN),English,PLoS ONE,Article,Scopus,"Export Date: 14 March 2025; Cited By: 3; Correspondence Address: S. Zhang; College of Tourism, Central South University of Forestry & Technology, Changsha, China; email: T20111197@csuft.edu.cn; CODEN: POLNC",03-Mar,38498572,,,,,1,0,21/03/2025 10:37,
119,JOUR,"Yu, B.;Kang, J.;Ma, H.",Development of indicators for the soundscape in urban shopping streets,2016,Acta Acustica united with Acustica,102,,10.3813/AAA.918965,https://www.scopus.com/inward/record.uri?eid=2-s2.0-84968928169&doi=10.3813%2fAAA.918965&partnerID=40&md5=3cdb2112f0b5936bd10f711a386f23e6,"School of Architecture, Tianjin University, Weijin road 92, Tianjin, China","This paper aims to find a series of objective indicators that can fully describe the soundscapes of urban shopping streets. The perceptual and physical features of soundscapes in urban shopping streets have been investigated via field surveys and a laboratory study. Using the semantic differential method, the perception structure of shopping street soundscapes was initially analysed, and five major perceptual factors were identified that explained 64% of the total sample variance, including preference, loudness, communication, playfulness and richness. Each perceptual factor explained approximately 10% to 15% of the total variance, which showed that they shared very similar importance in the representation of the overall soundscapes in urban shopping streets. Based on this semantic differential analysis, a laboratory study was performed to investigate the relationship between perceptual factors and physical indicators. Sound levels and psychoacoustic indicators were initially considered to be the most common indicators. The results showed that there were significant correlations between these indicators and three perceptual factors, including preference, loudness and communication. A new indicator (dynamic spectrum centre or DSC) was then developed in this study based on the concepts of spectrum gravity centre analysis and temporal variety analysis. This indicator combined spectral and temporal analysis to describe the contents of background sounds and sound events. The DSC indicator was found to have a significant correlation with the other two perceptual factors (playfulness and richness). Increasing the variability of the sound event (a higher standard deviation of DSC-E) could make soundscape more playful and richer. © S. Hirzel Verlag · EAA.",Acoustics;Laboratory studies;Perceptual factors;Physical features;Physical indicators;Semantic differential analysis;Semantic differential methods;Standard deviation;Temporal analysis;Semantics,S. Hirzel Verlag GmbH,16101928 (ISSN),English,Acta Acust. United Acust.,Article,Scopus,Export Date: 14 March 2025; Cited By: 37; CODEN: AAACF,3,,462,473,,,119,0,21/03/2025 10:37,
203,JOUR,"Bronkhorst, A.W.;Brand, T.;Wagener, K.",Evaluation of context effects in sentence recognition,2002,Journal of the Acoustical Society of America,111,,10.1121/1.1458025,https://www.scopus.com/inward/record.uri?eid=2-s2.0-0036313636&doi=10.1121%2f1.1458025&partnerID=40&md5=9835b1cb6010725a66f00dbc5cf963ab,"TNO Human Factors, 3769 ZG Soesterberg, POB 23, Netherlands","It was investigated whether the model for context effects, developed earlier by Bronkhorst et al. [J. Acoust. Soc. Am. 93, 499-509 (1993)], can be applied to results of sentence tests, used for the evaluation of speech recognition. Data for two German sentence tests, that differed with respect to their semantic content, were analyzed. They had been obtained from normal-hearing listeners using adaptive paradigms in which the signal-to-noise ratio was varied. It appeared that the model can accurately reproduce the complete pattern of scores as a function of signal-to-noise ratio: both sentence recognition scores and proportions of incomplete responses. In addition, it is shown that the model can provide a better account of the relationship between average word recognition probability (pew) and sentence recognition probability (pw) than the relationship pw=pej, which has been used in previous studies. Analysis of the relationship between j and the model parameters shows that j is, nevertheless, a very useful parameter, especially when it is combined with the parameter j′, which can be derived using the equivalent relationship pw, 0=(l-pe)j′, where Pw, 0 is the probability of recognizing none of the words in the sentence. These parameters not only provide complementary information on context effects present in the speech material, but they also can be used to estimate the model parameters. Because the model can be applied to both speech and printed text, an experiment was conducted in which part of the sentences was presented orthographically with 1-3 missing words. The results revealed a large difference between the values of the model parameters for the two presentation modes. This is probably due to the fact that, with speech, subjects can reduce the number of alternatives for a certain word using partial information that they have perceived (i.e., not only using the sentence context). A method for mapping model parameters from one mode to the other is suggested, but the validity of this approach has to be confirmed with additional data. © 2002 Acoustical Society of America.",Adolescent;Adult;Attention;Female;Humans;Male;Mental Recall;Reading;Reference Values;Speech Perception;Speech Reception Threshold Test;Audition;Signal to noise ratio;bioacoustics;adolescent;adult;article;comprehension;Germany;hearing;human;language;priority journal;semantics;signal noise ratio;speech discrimination;word recognition;Sentence recognition;Speech recognition,,00014966 (ISSN),English,J. Acoust. Soc. Am.,Article,Scopus,Export Date: 14 March 2025; Cited By: 40,6,12083221,2874,2886,,,203,0,21/03/2025 10:37,
208,CONF,"Woloszyn, P.;Leduc, T.;Joanne, P.",Urban soundmarks psychophysical geodimensioning: Towards ambient pointers geosystemic computation,2009,"8th European Conference on Noise Control 2009, EURONOISE 2009 - Proceedings of the Institute of Acoustics",31,,,https://www.scopus.com/inward/record.uri?eid=2-s2.0-84864685345&partnerID=40&md5=865f2a93eb29dd5c1ffb55ad60f93762,"ESO Lab., Université de Haute Bretagne, 35043, Rennes, France","The presented research work within AMBIOFLUX project aims to model the ambient soundscape system onto an urban pedestrian pathway using GIS spatial dynamical mapping. Pathway's acoustic fingerprints are discreetly built through informational evaluation of spatial interaction between sound ambience (soundscape) and urban walker spatial trajectory (soundwalk). To do this, relevant ""impressing"" soundsources, ""soundmarks"", are defined through their psychophysical emergence dimensions, implying energetical and perceptual event entropy interdimensional scaling. In order to built the corresponding psychophysical model, geocomputation of physical emergence indice will be implemented, the L EPN (Effective Perceived Noise Level), together with the informational emergence indice E (maximal entropy index). Obtained soundwalk pathway integrated results using GearScape (a customization of OrbisGIS) spatial formalism will therefore be presented. Geospatial knowledge modelling and representation techniques will be used for this task, leading to a methodology for semantic integration of the urban ambient soundscape model. This methodology will then be implemented through a case study in Strasbourg, with soundwalks made across the city. This is a first step for integrating psychophysical informations into a powerful geocomputational basis for pedestrian acoustic exploration of the city, in order to feed structured actions plans relative to E U cities sound mapping.",Acoustic variables control;Entropy;Semantics;Acoustic fingerprint;Dynamical mapping;Effective perceived noise levels;Geo-spatial;Geocomputation;Knowledge modelling;Maximal entropy;Psychophysical;Representation techniques;Semantic integration;Soundscapes;Spatial interaction;Spatial trajectory;Acoustic noise,,978-161567680-4 (ISBN),English,"Eur. Conf. Noise Control, EURONOISE - Proc. Inst. Acoust.",Conference paper,Scopus,"Export Date: 14 March 2025; Cited By: 4; Correspondence Address: P. Woloszyn; ESO Lab., Université de Haute Bretagne, 35043, Rennes, France; email: philippe.woloszyn@univ-rennes2.fr",PART 3,,,,,,208,0,21/03/2025 10:37,
64,JOUR,"Petrollino, S.",Herding Games and Socialisation into Pastoral Linguacultural Practices,2025,Journal of African Cultural Studies,37,,10.1080/13696815.2024.2324879,https://www.scopus.com/inward/record.uri?eid=2-s2.0-85193482868&doi=10.1080%2f13696815.2024.2324879&partnerID=40&md5=49c75d9d3f9430b9ac940bc43820cb9b,"Centre for Linguistics, Leiden University, Leiden, Netherlands","“Herding games” are mimicry games played by children in several East African pastoralist societies. This article presents an ethnographic account of the herding game among the Hamar agro-pastoralist people of Southwest Ethiopia, and reveals the dynamics by which children learn pastoral ecological knowledge from each other and socialise one another into pastoralist linguacultural practices. During the herding game, male children of various ages learn from each other the indigenous categorisation system for livestock individuation, and internalise important semantic distinctions in the domain of coat colours and patterns, by mapping the categories for livestock appearance on pebbles and shells. The game also allows children to learn and practise the communicative style used in human–animal interactions: this includes the Hamar system of address for cattle, animal directives and “bell-ideophones”, which are crucial in a pastoral soundscape. The study demonstrates the importance of child agency in linguacultural socialisation. Herding games and children’s play are an important context for horizontal learning in small-scale pastoralist societies and should be given more attention in cross-cultural studies on child socialisation. © 2024 The Author(s). Published by Informa UK Limited, trading as Taylor & Francis Group.",cattle colour and pattern terms;horizontal learning;Language socialisation;pastoralism;semantics,Routledge,13696815 (ISSN),English,J. Afr. Cult. Stud.,Article,Scopus,"Export Date: 14 March 2025; Cited By: 0; Correspondence Address: S. Petrollino; Centre for Linguistics, Leiden University, Leiden, Netherlands; email: s.petrollino@hum.leidenuniv.nl",1,,86,110,,,64,0,21/03/2025 10:38,
61,CONF,"de Ulhôa Carvalho, M.L.;Davies, W.J.;Fazenda, B.M.",Manchester soundscape experiment online 2020: an overview,2022,Internoise 2022 - 51st International Congress and Exposition on Noise Control Engineering,,,,https://www.scopus.com/inward/record.uri?eid=2-s2.0-85147421834&partnerID=40&md5=1ada148be0c9610fcb3a891c78a7e127,"School of Visual Arts, The Federal University of Goiás, UFG, Av. Esperança, s/n - Campus Samambaia, GO, Goiânia, 74690-900, Brazil","This paper presents results from the Manchester Soundscape Experiment Online 2020. It consisted of an online virtual reality (VR) experiment, where participants rated 12 different scenarios with questions. The selected Manchester locations were Piccadilly Gardens, Market Street, Peel Park, and a bus stop. Each site was visited and recorded with a 360 camera and a sound field microphone on three crowd densities (empty, medium, and busy). Audio stimuli were converted from first-order ambisonic recordings to head-tracked binaural using Facebook 360 Spatial Workstation software. The questions included the eight soundscape attributes from ISO 12913, three emotional self-assessment manikins, and demographic information. A total of 63 nationalities composed the group of 155 participants. Results from Piccadilly Gardens and Market Street demonstrated that the uneventful to eventful scale significantly increased with the number of people in the scene. This tendency also happened at Peel Park and Market Street for the arousal emotional state. Additionally, the chaotic to calm scale at Peel Park decreased, and the monotonous to vibrant scale at Piccadilly Gardens increased with the number of individuals in the scene. The other sites and conditions may have differences in the scores of the semantic scales, but they were not as significant or did not follow the same tendency. Future research will include verifying these findings in laboratory conditions alongside measurements of brain activity via electroencephalogram. © 2022 Internoise 2022 - 51st International Congress and Exposition on Noise Control Engineering. All rights reserved.",Acoustic fields;Brain;Commerce;Semantics;Virtual reality;Ambisonics;Bus stop;Crowd density;Demographic information;Facebook;First order;Head-tracked;Manchester;Self-assessment;Soundscapes;Parks,"The Institute of Noise Control Engineering of the USA, Inc.",978-190691342-7 (ISBN),English,Internoise - Int. Congr. Expo. Noise Control Eng.,Conference paper,Scopus,Export Date: 14 March 2025; Cited By: 0,,,,,,,61,0,21/03/2025 10:38,
194,JOUR,"Silva, T.L.;Aran Mooney, T.;Sayigh, L.S.;Baird, R.W.;Tyack, P.L.","Successful suction-cup tagging of a small delphinid species, Stenella attenuata: Insights into whistle characteristics",2017,Marine Mammal Science,33,,10.1111/mms.12376,https://www.scopus.com/inward/record.uri?eid=2-s2.0-85008255978&doi=10.1111%2fmms.12376&partnerID=40&md5=1ac3bd1615ab6b4e820d8225a0b0a618,"Biology Department, University of Massachusetts Dartmouth, 285 Old Westport Road, Dartmouth, 02747, MA, United States",,Delphinidae;Stenella attenuata;behavioral ecology;bioacoustics;communication behavior;conspecific;data management;diving behavior;dolphin;human activity;sensor;tagging;vocalization,Blackwell Publishing Inc.,08240469 (ISSN),English,Mari. Mamm. Sci.,Article,Scopus,"Export Date: 14 March 2025; Cited By: 4; Correspondence Address: T.L. Silva; Biology Department, University of Massachusetts Dartmouth, Dartmouth, 285 Old Westport Road, 02747, United States; email: tsilva4@umassd.edu; CODEN: MMSCE",2,,653,668,,,194,0,21/03/2025 10:38,
257,CONF,"Bahali, S.;Bayazit, N.T.",A soundscape research on the route gezi park-tunel square,2014,INTERNOISE 2014 - 43rd International Congress on Noise Control Engineering: Improving the World Through Noise Control,,,,https://www.scopus.com/inward/record.uri?eid=2-s2.0-84923537403&partnerID=40&md5=171108be4bcb370160bc735a52fc93aa,"Istanbul Technical University, Turkey","Field studies suggest that the perceived soundscape quality of urban environments is more often related to the informational properties of the soundscape than its acoustic measures. This paper describes the perceived soundscape characteristics of the approximately two kilometer long route of Gezi Park-Tunel Square in Istanbul. To study listeners' relationships with contemporary urban environments, 30 minute soundwalks were conducted on the Gezi Park-Tunel Square route. Gezi Park, Taksim Square, Galatasaray and Tunel Square were determined as key locations on the specified route. The conducted soundwalk method combines the Positive Soundscape Project (1) and Schafer 's World Soundscape Project (2). For each key location questionnaires having semantic descriptors were handed out to participants to understand their personal impressions of the key location. At the end of the route, a questionnaire with general to specific questions was distributed to evaluate the soundscape of the whole route. This paper presents the soundscape characteristics of the route and discusses the effects of the four key locations on the total soundscape perception of the route.",Istanbul;Soundscape;Soundwalk;Semantics;Surveys;Urban planning;Descriptors;Field studies;Istanbul;Key location;Soundscapes;Soundwalk;Urban environments;Acoustic variables control,Australian Acoustical Society,978-090988203-7 (ISBN),English,INTERNOISE - Int. Congr. Noise Control Eng.: Improv. World Through Noise Control,Conference paper,Scopus,Export Date: 14 March 2025; Cited By: 2,,,,,Davy J.;Burgess M.;Don C.;Dowsett L.;McMinn T.;Broner N.,,257,0,21/03/2025 10:38,
252,JOUR,"Foreman, I.",Uncanny soundscapes: Towards an inoperative acoustic community,2011,Organised Sound,16,,10.1017/S1355771811000276,https://www.scopus.com/inward/record.uri?eid=2-s2.0-84855665405&doi=10.1017%2fS1355771811000276&partnerID=40&md5=d39cdfadd97fa1e11334d819c88af33c,"Department of Communication and Arts, Universidade de Aveiro, Campus Universitário de Santiago, 3810-193 Aveiro, Portugal","Drawing on field research carried out in the abandoned villages of the Ara Valley, this article seeks to readdress notions of acoustic community and communication in terms of a 'haptic aurality' in which listening, as a mode of touch, approximates a figure of spacing, fragmentation and withdrawal in contrast to more conventional communicational models of intimacy, presence and exchange. Arguing that soundscape compositions present an 'acoustic ontology', the article explores a form of belonging and being that is, following Jean-Luc Nancy, singular plural in which sound signals 'unwork' collectivities through the processes of 'sharing' and 'splitting' (partage) characteristic of listening and recording. Referring to the work of writer W.G. Sebald (1944-2001), whose hybrid 'literary ethnography' was the impetus for my own soundwalks and fieldwork, and considering the role of soundscape composition within the discipline of Trauma Studies, the article scopes out to consider the possibilities of soundscape composition as a form of testimony in light of Agamben's (1999) insistence that testimony is necessarily incomplete. As a form of 'myopic witnessing' (Jenckes 2010), the sonic memories of ruined soundscapes are presented as spacings and absences, fragments and lacunae, that are themselves characteristic of both the ontology of ruins and those of testimony. © 2011 Cambridge University Press.",,,14698153 (ISSN),English,Mod. Intellect. Hist.,Article,Scopus,"Export Date: 14 March 2025; Cited By: 8; Correspondence Address: I. Foreman; Department of Communication and Arts, Universidade de Aveiro, Campus Universitário de Santiago, 3810-193 Aveiro, Portugal; email: iainforeman@ua.pt",3,,264,271,,,252,0,21/03/2025 10:39,
207,CONF,"Dubois, D.;Guastavino, C.",In search for soundscape indicators: Physical descriptions of semantic categories,2006,"Institute of Noise Control Engineering of the USA - 35th International Congress and Exposition on Noise Control Engineering, INTER-NOISE 2006",5,,,https://www.scopus.com/inward/record.uri?eid=2-s2.0-84867931256&partnerID=40&md5=05e00dc84f4955c2cae6f28f55451664,"Centre National de La Recherche Scientifique, LCPE, LAM, 75 015 Paris, 11 rue de Lourmel, France","We present converging evidence that people categorize urban soundscapes into semantic categories related to social activities. Examples of such categories are spontaneously described are « markets», « sidewalk cafés » or « parks ». The intensity cannot be considered as a relevant criterion for categorization per se, but rather relative to the kind of human activity underlying categorization. Furthermore, other cognitive properties have to be correlated to account for the categorical structure. The physical measurements of sounds as dimensions of soundscapes categories cannot directly account for noise annoyance. Inasmuch as subjective evaluation rely on the identification and appraisal of the sound sources, acoustic indicators become perceptually relevant only in relation to the range specific to a given meaningful category of sounds. We illustrate our rationale with various examples from field surveys and free sorting tasks of soundscape recordings. Results converge to show that a given acoustic stimulation can be processed in many different ways, depending on subjective factors such as previous (expert or common sense) knowledge, social practices, motivations and attitudes towards noise. Since acoustic stimulations are cognitively processed as semiotic cues pointing to meaningful events, these events need to be identified before measuring physical properties relevant for each category of event and a specific community of subjects.",Acoustic variables control;Exhibitions;Noise pollution;Semantics;Acoustic indicators;Acoustic stimulation;Categorical structure;Cognitive properties;Common sense;Field surveys;Human activities;Noise annoyance;Physical measurement;Semantic category;Social activities;Social practices;Sound source;Soundscapes;Subjective evaluations;Subjective factors;Acoustic noise,,978-160423136-6 (ISBN),English,"Inst. Noise Control Eng. USA - Int. Congr. Expos. Noise Control Eng., INTER-NOISE",Conference paper,Scopus,"Export Date: 14 March 2025; Cited By: 3; Correspondence Address: D. Dubois; Centre National de La Recherche Scientifique, LCPE, LAM, 75 015 Paris, 11 rue de Lourmel, France; email: ddubois@ccr.jussieu.fr",,,3534,3543,,,207,0,21/03/2025 10:39,
249,CONF,"Sheikh, M.A.;Lee, S.E.",A soundscape approach for assessing indoor aural comfort subjected to road traffic noise,2015,Acoustics 2015 Hunter Valley,,,,https://www.scopus.com/inward/record.uri?eid=2-s2.0-84964043510&partnerID=40&md5=e559266cc167320ddb44b8b04dda9de3,"Building and Infrastructure Division, Vipac Engineers and Scientists, Perth, 6104, WA, Australia","Soundscape is defined as the acoustic environment as perceived and understood, by people, in context. It relates the aural space to the living environment towards the enhancement of acoustic experience. Soundscape approach is mostly used to investigate people's positive perception of outdoor environmental noise such as in parks, town squares, rural environments and recreational areas etc. However, it is rarely used in indoor residential context to assess acoustic comfort subjected to different environmental noises, for example road traffic noise - a major source of noise annoyance in cities. In addition, the use of psychoacoustic investigation is rather limited in literature in context of acoustic comfort in residential environment which often is useful in identifying specific soundscape quality. In this research a psychoacoustic experiment was carried out to investigate indoor acoustic comfort subjected to road traffic noise. A multidimensional evaluation by semantic differential analysis was carried out about subjective perceptions of different road traffic sounds. Statistical analyses were then carried out to correlate different psychoacoustic quantities with different perception dimensions in the semantic space. The research investigation revealed that subjective perception across different bipolar perception dimensions investigated are strongly and significantly correlated to Loudness and Roughness of the road traffic noise.",Acoustics;Houses;Housing;Noise pollution;Roads and streets;Semantics;Transportation;Acoustic environment;Environmental noise;Living environment;Multi-dimensional evaluations;Psychoacoustic experiments;Residential environment;Semantic differential analysis;Subjective perceptions;Acoustic noise,NSW Division of the Australian Acoustical Society,,English,Acoust. Hunter Valley,Conference paper,Scopus,Export Date: 14 March 2025; Cited By: 0,,,,,,,249,0,21/03/2025 10:39,
219,JOUR,"Luef, E.M.;Liebal, K.",Infant-Directed Communication in Lowland Gorillas (Gorilla gorilla): Do Older Animals Scaffold Communicative Competence in Infants?,2012,American Journal of Primatology,74,,10.1002/ajp.22039,https://www.scopus.com/inward/record.uri?eid=2-s2.0-84864005144&doi=10.1002%2fajp.22039&partnerID=40&md5=4f8d3df59da577c2217aaceb959adeaf,"Cluster Languages of Emotion, Department of Education and Psychology, Evolutionary Psychology, Freie Universitaet Berlin, Berlin, Germany","Infant-directed speech is a linguistic phenomenon in which adults adapt their language when addressing infants in order to provide them with more salient linguistic information and aid them in language acquisition. Adult-directed language differs from infant-directed language in various aspects, including speech acoustics, syntax, and semantics. The existence of a ""gestural motherese"" in interaction with infants, demonstrates that not only spoken language but also nonvocal modes of communication can become adapted when infants are recipients. Rhesus macaques are so far the only nonhuman primates where a similar phenomenon to ""motherese"" has been discovered: the acoustic spectrum of a particular vocalization of adult females may be altered when the addressees are infants. The present paper describes how gorillas adjust their communicative strategies when directing intentional, nonvocal play signals at infants in the sense of a ""nonvocal motherese."" Animals of ages above infancy use a higher rate of repetitions and sequences of the tactile sensory modality when negotiating play with infants. This indicates that gorillas employ a strategy of infant-specific communication. © 2012 Wiley Periodicals, Inc.",Communication development;Gorilla;Infant-directed communication;Play;Animal Communication;Animals;Female;Gorilla gorilla;Maternal Behavior;Video Recording;Animalia;Gorilla gorilla;Gorilla gorilla gorilla;Macaca;Macaca mulatta;Primates;adaptation;bioacoustics;communication behavior;lowland environment;parent-offspring interaction;primate;vocalization;animal;animal communication;article;female;gorilla;maternal behavior;physiology;psychological aspect;videorecording,,10982345 (ISSN),English,Am. J. Primatol.,Article,Scopus,"Export Date: 14 March 2025; Cited By: 21; Correspondence Address: E.M. Luef; C/o Katja Liebal, Freie Unversitaet Berlin, Institut für Erziehungswissenschaft und Psychologie Cluster: Languages of Emotion, 14195 Berlin, Habelschwerdter Allee 45, Germany; email: evamaria.luef@fu-berlin.de; CODEN: AJPTD",9,22644596,841,852,,,219,0,21/03/2025 10:42,
45,JOUR,"Fowler, M.",‘Seeing forms and hearing sounds’ in Japanese garden design,2023,Studies in the History of Gardens and Designed Landscapes,43,,10.1080/14601176.2023.2247276,https://www.scopus.com/inward/record.uri?eid=2-s2.0-85171156208&doi=10.1080%2f14601176.2023.2247276&partnerID=40&md5=a4c3d33fa58768f261c3e9232c9ca400,"Audio Communication Research Group, Technische Universität Berlin, Berlin, Germany","The landscape features of the karetaki or dry waterfall, and karesansui or dry garden style have been well codified in Japanese garden design since at least the appearance of the 11th century treatise Sakuteiki (Records of garden making) by Tachibana Toshitsuna (1028–1094). Numerous contemporary scholars have suggested how encounters with these features literally evoke the sound of water even though they exist in the absence of water and are constructed primarily from carefully selected stones and gravel. In this article, I develop an interpretive semantics of these features by drawing on the influence of Buddhist philosophy on Japanese garden design. This semantic framework emerges from a non-canonic utilization of the logic of the catuṣkoṭi (Jp. shiku) or tetralemma — a series of four propositions that is most famously associated to the Mahāyāna Buddhist thinker Nāgārjuna (c. 150–c. 250 CE). I introduce examples in Zen discourses on sound and then use the catuṣkoṭi as a novel reasoning tool to investigate the ontology of sound as it pertains to the relationship between sound-images and landscape forms in the karetaki and karesansui. © 2023 Informa UK Limited, trading as Taylor & Francis Group.",Buddhism;catuṣkoṭi;Japanese garden design;karesansui;karetaki; soundscape,Routledge,14601176 (ISSN),English,Stud. Hist. Gard. Des. Landsc.,Article,Scopus,Export Date: 14 March 2025; Cited By: 0,2,,79,97,,,45,0,21/03/2025 10:42,
188,JOUR,"Loreto, P.",The Vocalisations and Silences of the Infrahuman in Sarah Orne Jewett’s ‘A White Heron’,2021,Green Letters,25,,10.1080/14688417.2021.1899841,https://www.scopus.com/inward/record.uri?eid=2-s2.0-85102841828&doi=10.1080%2f14688417.2021.1899841&partnerID=40&md5=e0ee3e1f0899ba41cd701977d43f5be0,"Dipartimento di Lingue e Letterature Straniere/ Department of Modern Languages, Università Degli Studi Di Milano, Italy","This article aims to advance the research on US, 19th-century regionalist writer Sarah Orne Jewett’s position on the nonhuman in her most famous story, ‘A White Heron’ (1886), by intersecting the perspectives of posthumanism, object-oriented ontology, and the new materialisms, with that of literary soundscapes. Moving from previous assessments of Jewett’s participation in the environmentalism emerging in the US in the second half of the 19th century, it tries to answer the ingrained critique of the aporia inherent in the animal question–i.e. the use of human language to represent the nonhuman–through an accurate examination of the silences and vocalisations depicted in the story. Through her soundscapes, Jewett signifies her intentional and ethical use of the literary device of anthropomorphism, and an intuited, radical take on the animal question. © 2021 ASLE-UKI.",Literary soundscapes;new materialism;object-oriented ontology;posthumanism;sarah orne jewett;‘a white heron’,Routledge,14688417 (ISSN),English,Green Lett.,Article,Scopus,"Export Date: 14 March 2025; Cited By: 0; Correspondence Address: P. Loreto; Università Degli Studi Di Milano, Italy; email: paola.loreto@unimi.it",1,,53,63,,,188,0,21/03/2025 10:42,
273,JOUR,"Mackrill, J.;Jennings, P.;Cain, R.",Exploring positive hospital ward soundscape interventions,2014,Applied Ergonomics,45,,10.1016/j.apergo.2014.04.005,https://www.scopus.com/inward/record.uri?eid=2-s2.0-84904985109&doi=10.1016%2fj.apergo.2014.04.005&partnerID=40&md5=ba35a6c2caa01e59d60be238e4f4ea79,"WMG, University of Warwick, Coventry CV4 7AL, United Kingdom","Sound is often considered as a negative aspect of an environment that needs mitigating, particularly in hospitals. It is worthwhile however, to consider how subjective responses to hospital sounds can be made more positive. The authors identified natural sound, steady state sound and written sound source information as having the potential to do this. Listening evaluations were conducted with 24 participants who rated their emotional (Relaxation) and cognitive (Interest and Understanding) response to a variety of hospital ward soundscape clips across these three interventions. A repeated measures ANOVA revealed that the 'Relaxation' response was significantly affected (n2 = 0.05, p = 0.001) by the interventions with natural sound producing a 10.1% more positive response. Most interestingly, written sound source information produced a 4.7% positive change in response. The authors conclude that exploring different ways to improve the sounds of a hospital offers subjective benefits that move beyond sound level reduction. This is an area for future work to focus upon in an effort to achieve more positively experienced hospital soundscapes and environments. © 2014 Elsevier Ltd and The Ergonomics Society.",Environment;Healthcare;Soundscape;Acoustic Stimulation;Adult;Auditory Perception;Emotions;Female;Health Facility Environment;Hospitals;Humans;Male;Noise;Questionnaires;Acoustic generators;Acoustics;Health care;Acoustic generators;Acoustics;Health care;Environment;Hospital wards;Natural sounds;Positive changes;Repeated measures;Sound source;Soundscapes;Steady state;adult;article;cognition;emotionality;environmental factor;female;hospital ward soundscape;human;male;relaxation time;reliability;sound detection;sound intensity;sound related phenomena;ward;Article;auditory stimulation;cardiothoracic ward;comparative study;comprehension;controlled study;effect size;emotion;evaluation and follow up;experimental design;hearing;hospital ward soundscape intervention;human experiment;interest;laboratory listening evaluation;natural sound;normal human;outcome assessment;relaxation response;semantics;sound;sound analysis;steady state sound;ward;white noise;written sound source information;health care facility;hearing;hospital;noise;psychology;questionnaire;Hospitals;Hospitals,Elsevier Ltd,00036870 (ISSN),English,Appl. Ergon.,Article,Scopus,"Export Date: 14 March 2025; Cited By: 36; Correspondence Address: J. Mackrill; WMG, University of Warwick, Coventry CV4 7AL, United Kingdom; email: james.mackrill@warwick.ac.uk; CODEN: AERGB",6,24768090,1454,1460,,,273,0,21/03/2025 10:42,
80,CONF,"Kuang, Q.;Yang, R.;Wang, Y.;Li, X.;Wu, Q.;Li, S.",A Study on the Characteristics and Optimization of the Soundscape of the Miao Settlement in Southeast Guizhou: A Case Study of the Thousand Miao Villages Xijiang,2024,Lecture Notes in Civil Engineering,328 LNCE,,10.1007/978-981-99-9947-7_74,https://www.scopus.com/inward/record.uri?eid=2-s2.0-85190776191&doi=10.1007%2f978-981-99-9947-7_74&partnerID=40&md5=860e6cd61f59c64b4c5682562edc5a87,"College of Architecture and Urban Planning, Guizhou University, Guiyang, 550025, China","The ethnic villages are the spatial representation of the ethnic continuation, with the protection of ethnic villages increasing, but the soundscape, as the characteristic component of ethnic villages, is not enough to excavate and protect, the characteristic soundscape can not be reflected in the planning and construction of ethnic settlements. In this study, the thousand miao villages xijiang was used to investigate the composition, temporal variation, spatial distribution and perception of thousand miao villages xijiang soundscape by means of sound walking, grid division and Patch Division, a thousand miao villages xijiang GIS soundscape map was obtained, and the features of thousand miao villages xijiang soundscape were analyzed by using SD semantic subdivision method. The spatiotemporal dynamic characteristics of thousand miao villages xijiang soundscape and the related influencing factors were studied, this paper reveals the feeling of soundscape in different thousand miao villages xijiang areas, and puts forward the countermeasures and suggestions for optimization and improvement to provide reference for the future planning and design of Miao settlement. © The Author(s), under exclusive license to Springer Nature Singapore Pte Ltd 2024.",Soundscape;Soundscape perception;Spatiotemporal variation;Thousand miao villages xijiang;Rural areas;Case-studies;Guizhou;Optimisations;Soundscape perception;Soundscapes;Spatial representations;Spatio-temporal variation;Temporal variation;Thousand miao village xijiang;Semantics,Springer Science and Business Media Deutschland GmbH,23662557 (ISSN); 978-981999946-0 (ISBN),English,Lect. Notes Civ. Eng.,Conference paper,Scopus,"Export Date: 14 March 2025; Cited By: 1; Correspondence Address: Y. Wang; College of Architecture and Urban Planning, Guizhou University, Guiyang, 550025, China; email: 1078503880@qq.com",,,730,744,Guo W.;Qian K.;Tang H.;Gong L.,,80,0,21/03/2025 10:43,
279,CONF,"Paul, S.",A first exploration of auditory descriptors for Brazilian Portuguese,2005,"International Congress on Noise Control Engineering 2005, INTERNOISE 2005",4,,,https://www.scopus.com/inward/record.uri?eid=2-s2.0-84873861705&partnerID=40&md5=9300cb350558e6772c50a40e9662fd90,"Laboratory of Vibration and Acoustics, Federal University of Santa Catarina, Florianópolis, SC, 88040-900, Brazil","Evaluation of sounds by classical methods like semantic differential need to use an appropriate verbal space for description and evaluation of the subjective impression on the sound. As for different European languages (German, English, French, Italian) and Japanese such investigation was already carried out for different soundscapes (car interior, interior of aircraft, urban environment) within Spanish and Portuguese, the two most spoken languages in Latin-America, no similar verbal space was investigated and no suitable semantic differentials are existing. As there is a need for a concept specific semantic differential for evaluation of car interior sounds we are interested in the possibility to use existing semantic differentials in German, English, French or Italian language to be adopted for the use in Portuguese. To get an impression on the dimension of the verbal space in Brazilian Portuguese and of the suitability of a translated semantic differential, attributes refering to car interior sounds have been collected and the results have been compared with existing concept-specific semantic differential in German.",Semantics;Car interiors;Classical methods;Descriptors;European languages;Semantic differential;Soundscapes;Specific semantics;Spoken languages;Urban environments;Machine tools,,978-162276339-9 (ISBN),English,"Int. Congr. Noise Control Eng., INTERNOISE",Conference paper,Scopus,"Export Date: 14 March 2025; Cited By: 5; Correspondence Address: S. Paul; Laboratory of Vibration and Acoustics, Federal University of Santa Catarina, Florianópolis, SC, 88040-900, Brazil; email: st.paul@emc.ufsc.br",,,3485,3491,,,279,0,21/03/2025 10:43,
9,JOUR,"Gong, Y.;Cui, C.;Cai, M.;Dong, Z.;Zhao, Z.;Wang, A.",Residents’ Preferences to Multiple Sound Sources in Urban Park: Integrating Soundscape Measurements and Semantic Differences,2022,Forests,13,1754,10.3390/f13111754,https://www.scopus.com/inward/record.uri?eid=2-s2.0-85141837579&doi=10.3390%2ff13111754&partnerID=40&md5=b5e9815136fb560f2db9a7d24811b935,"College of Tourism, Shanghai Normal University, Shanghai, 200234, China","Urban parks provide their residents with a space for activities and interactions, and soundscapes play an important role in influencing the residents’ sense of experience of the park environment, with the result that the preferences of residents regarding multiple sound sources can be used as the basis of improving the soundscape quality and optimizing the function of urban parks. Using Shanghai Century Park as the research area, this study focused on the residents’ preference to multiple sound sources based on registered residence differences, and comprehensively used the semantic differential method, importance-performance analysis model, and multinomial logit model to conduct quantitative research on urban park soundscapes and combined the measurement results of the soundscape with the residents’ perception and preference. The results showed that the artificial sounds in Century Park were noisy during the morning and evening peak, while the human sounds were noisy when residents gathered in the park. There was a close relationship between the favorability and subjective loudness of urban park soundscapes, and the residents’ perceptions of urban park soundscapes substantially differed in terms of loudness, tone, and sense of belonging, whereas the differences in the perception of timbre, coverage, and sound source distance were relatively small. Furthermore, it is necessary to enhance the role of natural sounds as well as control the main noise-producing sound sources so that various sounds in the park will not interfere with each other; the optimization of soundscapes should also focus on the residents’ different soundscape preferences due to their individual characteristics. © 2022 by the authors.",importance-performance analysis;registered residence;semantic differential method;soundscape;urban park;Control Systems;Distance;Noise;Optimization;Perception;Performance;Research;Sources;China;Pudong;Shanghai;Shanghai Wild Animal Park;Acoustic generators;Semantics;Importance-performance analysis;Performance analysis models;Registered residence;Research areas;Residents' perceptions;Semantic difference;Semantic differential methods;Sound source;Soundscapes;Urban parks;national park;noise;perception;performance assessment;preference behavior;semantic standardization;urban area;Parks,MDPI,19994907 (ISSN),English,Forests,Article,Scopus,"Export Date: 14 March 2025; Cited By: 3; Correspondence Address: Z. Zhao; College of Tourism, Shanghai Normal University, Shanghai, 200234, China; email: zzshnu@shnu.edu.cn; A. Wang; Foreign Environmental Cooperation Center, Ministry of Ecology and Environment, Beijing, 100035, China; email: wang.aihua@fecomee.org.cn",11,,,,,,9,0,21/03/2025 10:43,
198,JOUR,"Jeon, J.Y.;Jo, H.I.",Effects of audio-visual interactions on soundscape and landscape perception and their influence on satisfaction with the urban environment,2020,Building and Environment,169,106544,10.1016/j.buildenv.2019.106544,https://www.scopus.com/inward/record.uri?eid=2-s2.0-85075528316&doi=10.1016%2fj.buildenv.2019.106544&partnerID=40&md5=bf02f5b3c1b28eecaf50462006d58965,"Department of Architectural Engineering, Hanyang University, Seoul, 04763, South Korea","This study investigated the relationship between overall satisfaction with the urban environment and its soundscape and landscape based on a subjective evaluation of the audio-visual interaction effects within various urban spaces with different environmental conditions. Actual site conditions were simulated using immersive virtual reality technology in which subjects were provided with visual information via a head-mounted display (HMD) and audio information via head-tracking technology using the first-order ambisonics (FOA) of headphone-based three-dimensional auralization. Subjective responses to sound sources and visual elements such as cognitive response, semantic expression, and rated satisfaction were investigated in audio-visual as well as audio- and visual-only environments. It was shown that the availability of visual information affects the auditory perception of a number of human-made and natural sounds and the availability of audio information affects the visual perception of various visual elements. Semantic differential evaluation revealed that pleasantness and eventfulness and overall quality, regularity, spatial impression, and naturalness were the main evaluation factors for soundscapes and landscapes, respectively. One new finding was that audio information affects the perception of the naturalness of a landscape. Audio and visual information had effects of 24 and 76%, respectively, on overall satisfaction. Based on our findings, overall satisfaction models based on audio-visual elements and soundscape and landscape components, which exhibited 31 and 51% explanatory powers, respectively, were proposed. These newly proposed audio-visual interaction-based satisfaction models can be used for better urban planning. © 2019 Elsevier Ltd",Audio-visual interaction;Landscape;Overall satisfaction;Perceptual evaluation;Soundscape;Virtual reality;Helmet mounted displays;Quality control;Semantics;Urban planning;Virtual reality;Audio-visual interactions;Landscape;Overall satisfaction;Perceptual evaluation;Soundscapes;environmental conditions;landscape;perception;public space;urban area;urban planning;Audio acoustics,Elsevier Ltd,03601323 (ISSN),English,Build. Environ.,Article,Scopus,"Export Date: 14 March 2025; Cited By: 162; Correspondence Address: H.I. Jo; Department of Architectural Engineering, Hanyang University, Seoul, 04763, South Korea; email: best2012@hanyang.ac.kr; CODEN: BUEND",,,,,,,198,0,21/03/2025 10:43,
260,CONF,"Fernando, O.N.N.;Adachi, K.;Cohen, M.",Phantom sources for separation of listening and viewing positions of multipresent avatars in narrowcasting collaborative virtual environments,2004,Proceedings - International Conference on Distributed Computing Systems,24,,10.1109/icdcsw.2004.1284027,https://www.scopus.com/inward/record.uri?eid=2-s2.0-3042548095&doi=10.1109%2ficdcsw.2004.1284027&partnerID=40&md5=d9892f8318aa0375387c456421c24099,"Spatial Media Group, University of Aizu, Aizu-Wakamatsu 965-8580, Japan","Our group is exploring interactive multimedia, especially for virtual and mixed reality groupware systems. The apparent paradoxes of multipresence, having avatars in multiple places or spaces simultaneously, are resolvable by an ""autofocus"" feature, which uses reciprocity, logical exchangability of source and sink, to project overlaid soundscapes and simulate precedence effect to consolidate the audio display. This paper reviews an interface to control source→sink transmissions in synchronous groupware (like teleconferences, chatspaces, virtual concerts, etc.), supporting spatial audio multipresence with narrowcasting functions in a collaborative virtual environment, implemented in a Java3D application, ""Multiplicity."" The interface allows interactation with other clients in our groupware suite (including mobile phone, stereographic panoramic browser, and multi-speaker systems). ""Phantom sources"" are used to control superposition of soundscapes relative to a selected viewpoint. Relative displacement from sources→sinks can be used to display phantom sources from alternate locations, exocentrically visibly and endocentrically auditorilly. A extra feature of the phantom source displacement is the accommodation of a rotatable speaker axis (including median plane arrangement).",Computer simulation;Display devices;Groupware;Interfaces (computer);Java programming language;Semantics;World Wide Web;Interactive multimedia;Pseudo-diegetic sound;Virtual envirornments;Multimedia systems,Institute of Electrical and Electronics Engineers Inc.,,English,Proc Int Conf Distrib Comput Syst,Conference paper,Scopus,"Export Date: 14 March 2025; Cited By: 7; Correspondence Address: O.N.N. Fernando; Spatial Media Group, University of Aizu, Aizu-Wakamatsu 965-8580, Japan; email: d8052101@u-aizu.ac.jp; CODEN: PICSE",,,170,175,,,260,0,21/03/2025 10:43,
14,JOUR,"Aletta, F.;Mitchell, A.;Oberman, T.;Kang, J.;Khelil, S.;Bouzir, T.A.K.;Berkouk, D.;Xie, H.;Zhang, Y.;Zhang, R.;Yang, X.;Li, M.;Jambrošić, K.;Zaninović, T.;van den Bosch, K.;Lühr, T.;Orlik, N.;Fitzpatrick, D.;Sarampalis, A.;Aumond, P.;Lavandier, C.;Moshona, C.C.;Lepa, S.;Fiebig, A.;Papadakis, N.M.;Stavroulakis, G.E.;Sudarsono, A.S.;Sarwono, S.J.;Puglisi, G.E.;Jafari, F.;Astolfi, A.;Shtrepi, L.;Nagahata, K.;Jo, H.I.;Jeon, J.Y.;Lam, B.;Chieng, J.;Ooi, K.;Hong, J.Y.;Monteiro Antunes, S.;Alves, S.;de Ulhoa Carvalho, M.L.;Michalski, R.L.X.N.;Kogan, P.;Vida Manzano, J.;García Quesada, R.;Suárez Silva, E.;Almagro Pastor, J.A.;Nilsson, M.E.;Axelsson, Ö.;Gan, W.-S.;Watcharasupat, K.N.;Jaratjarungkiat, S.;Ong, Z.-T.;Dökmeci Yörükoğlu, P.N.;Erçakmak Osma, U.B.;Nguyen, T.L.",Soundscape descriptors in eighteen languages: Translation and validation through listening experiments,2024,Applied Acoustics,224,110109,10.1016/j.apacoust.2024.110109,https://www.scopus.com/inward/record.uri?eid=2-s2.0-85196951156&doi=10.1016%2fj.apacoust.2024.110109&partnerID=40&md5=62c98bd4525910afe586972693c763fa,"Institute for Environmental Design and Engineering, University College London, United Kingdom","This paper presents the outcomes of the “Soundscape Attributes Translation Project” (SATP), an international initiative addressing the critical research gap in soundscape descriptors translations for cross-cultural studies. Focusing on eighteen languages – namely: Arabic, Chinese, Croatian, Dutch, English, French, German, Greek, Indonesian, Italian, Japanese, Korean, Malay, Portuguese, Spanish, Swedish, Turkish, and Vietnamese – the study employs a four-step procedure to evaluate the reliability and cross-cultural validity of translated soundscape descriptors. The study introduces a three-tier confidence level system (Low, Medium, High) based on “adjusted angles”, which are a measure proposed to correct the soundscape circumplex model (i.e., the pleasant-eventful space proposed in the ISO 12913 series) of a given language. Results reveal that most languages successfully maintain the quasi-circumplex structure of the original soundscape model, ensuring robust cross-cultural validity. English, Arabic, Chinese (Mandarin), Croatian, Dutch, German, Greek, Indonesian, Italian, Spanish, Swedish, and Turkish achieve a “High” confidence level. French, Japanese, Korean, Malay, Portuguese, and Vietnamese demonstrate varying confidence levels, highlighting the importance of the preliminary translation. This research significantly contributes to standardized cross-cultural methodologies in soundscape perception research, emphasizing the pivotal role of adjusted angles within the soundscape circumplex model in ensuring the accuracy of dimensions (i.e., attributes) locations. The SATP initiative offers insights into the complex interplay of language and meaning in the perception of environmental sounds, opening avenues for further cross-cultural soundscape research. © 2024 The Author(s)",Adjusted angles;Circumplex;ISO 12913;Semantic scales;Structural Summary Method (SSM);Translation (languages);Adjusted angle;Circumplex;Confidence levels;Croatians;Descriptors;ISO 12913;Semantic scale;Soundscapes;Structural summary;Structural summary method;Semantics,Elsevier Ltd,0003682X (ISSN),English,Appl Acoust,Article,Scopus,"Export Date: 14 March 2025; Cited By: 5; Correspondence Address: F. Aletta; 14 Upper Woburn Place WC1H0NN London, United Kingdom; email: f.aletta@ucl.ac.uk; CODEN: AACOB",,,,,,,14,0,21/03/2025 10:43,
104,JOUR,"Turchet, L.;Spagnol, S.;Geronazzo, M.;Avanzini, F.",Localization of self-generated synthetic footstep sounds on different walked-upon materials through headphones,2016,Virtual Reality,20,,10.1007/s10055-015-0272-6,https://www.scopus.com/inward/record.uri?eid=2-s2.0-84957848341&doi=10.1007%2fs10055-015-0272-6&partnerID=40&md5=839c81bb46309d4a828fd57bc6d694b0,"Department of Architecture, Design and Media Technology, Aalborg University Copenhagen, A.C. Meyers Vænge 15, Copenhagen, 2450, Denmark","This paper focuses on the localization of footstep sounds interactively generated during walking and provided through headphones. Three distinct experiments were conducted in a laboratory involving a pair of sandals enhanced with pressure sensors and a footstep synthesizer capable of simulating two typologies of surface materials: solid (e.g., wood) and aggregate (e.g., gravel). Different sound delivery methods (mono, stereo, binaural) as well as several surface materials, in the presence or absence of concurrent contextual auditory information provided as soundscapes, were evaluated in a vertical localization task. Results showed that solid surfaces were localized significantly farther from the walker’s feet than the aggregate ones. This effect was independent of the used rendering technique, of the presence of soundscapes, and of merely temporal or spectral attributes of sound. The effect is hypothesized to be due to a semantic conflict between auditory and haptic information such that the higher the semantic incongruence the greater the distance of the perceived sound source from the feet. The presented results contribute to the development of further knowledge toward a basis for the design of continuous multimodal feedback in virtual reality applications. © 2015, Springer-Verlag London.",Interactive auditory feedback;Localization;Walking;Aggregates;Headphones;Loudspeakers;Semantics;Virtual reality;Auditory feedback;Delivery methods;Localization;Multimodal feedback;Semantic conflict;Surface materials;Vertical localization;Walking;Agglomeration,Springer-Verlag London Ltd,13594338 (ISSN),English,Virtual Reality,Article,Scopus,"Export Date: 14 March 2025; Cited By: 4; Correspondence Address: L. Turchet; Department of Architecture, Design and Media Technology, Aalborg University Copenhagen, Copenhagen, A.C. Meyers Vænge 15, 2450, Denmark; email: tur@create.aau.dk",1,,1,16,,,104,0,21/03/2025 10:43,
237,JOUR,"Torija, A.J.;Ruiz, D.P.;Ramos-Ridao, A.F.",Application of a methodology for categorizing and differentiating urban soundscapes using acoustical descriptors and semantic-differential attributes,2013,Journal of the Acoustical Society of America,134,,10.1121/1.4807804,https://www.scopus.com/inward/record.uri?eid=2-s2.0-84880462853&doi=10.1121%2f1.4807804&partnerID=40&md5=a29bceecb49747a1a71b5391541417dd,"Department of Applied Physics, University of Granada, 18071 Granada, Avenida Fuentenueva s/n, Spain","A subjective and physical categorization of an ambient sound is the first step to evaluate the soundscape and provides a basis for designing or adapting this ambient sound to match people's expectations. For this reason, the main goal of this work is to develop a categorization and differentiation analysis of soundscapes on the basis of acoustical and perceptual variables. A hierarchical cluster analysis, using 15 semantic-differential attributes and acoustical descriptors to include an equivalent sound-pressure level, maximum-minimum sound-pressure level, impulsiveness of the sound-pressure level, sound-pressure level time course, and spectral composition, was conducted to classify soundscapes into different typologies. This analysis identified 15 different soundscape typologies. Furthermore, based on a discriminant analysis the acoustical descriptors, the crest factor (impulsiveness of the sound-pressure level), and the sound level at 125 Hz were found to be the acoustical variables with the highest impact in the differentiation of the recognized types of soundscapes. Finally, to determine how the different soundscape typologies differed from each other, both subjectively and acoustically, a study was performed. © 2013 Acoustical Society of America.",Cluster analysis;Discriminant analysis;Hierarchical systems;Semantics;Ambient sounds;Crest factors;Descriptors;Hierarchical cluster analysis;Sound level;Soundscapes;Spectral composition;Time course;Acoustics,,00014966 (ISSN),English,J. Acoust. Soc. Am.,Article,Scopus,"Export Date: 14 March 2025; Cited By: 53; Correspondence Address: A.J. Torija; Department of Applied Physics, University of Granada, 18071 Granada, Avenida Fuentenueva s/n, Spain; email: ajtorija@ugr.es; CODEN: JASMA",1,,791,802,,,237,0,21/03/2025 10:43,
5,JOUR,"Hartman, J.;Paradis, C.",The language of sound: Events and meaning multitasking of words,2023,Cognitive Linguistics,34,,10.1515/cog-2022-0006,https://www.scopus.com/inward/record.uri?eid=2-s2.0-85173900535&doi=10.1515%2fcog-2022-0006&partnerID=40&md5=c4b86a76666acb9bbb51dec53a2a302b,"Centre for Languages and Literature, Lund University, Lund, Sweden","The focus of much sensory language research has been on vocabulary and codability, not how language is used in communication of sensory perceptions. We make a case for discourse-oriented research about sensory language as an alternative to the prevailing vocabulary orientation. To consider the language of sound in authentic textual data, we presented participants with 20 everyday sounds of unknown sources and asked them to describe the sounds in as much detail as possible, as if describing them to someone who could not hear them. We explored how the participants use language to describe these sounds. Do they describe their listening experiences (stressful), sound properties (intermittent beeping), and/or the events that caused the sounds (eating an apple)? The results show that out of these three soundscape elements, events are the most frequent and most indispensable element. We let the results from the study illustrate the need for more discursive data in studies of sensory language and argue that there is no designated language of sound. Our study highlights that in order to account for sensory language use, we need an analytical framework that accommodates discursive language in a non-trivial way beyond stable couplings between individual words and meanings.  © 2023 the author(s), published by De Gruyter, Berlin/Boston.",cognitive semantics;construal;everyday sounds;soundscapes,De Gruyter Mouton,09365907 (ISSN),English,Cogn. Linguist.,Article,Scopus,"Export Date: 14 March 2025; Cited By: 1; Correspondence Address: J. Hartman; Centre for Languages and Literature, Lund University, Lund, Box 201, 221 00, Sweden; email: jenny.hartman@englund.lu.se",03-Apr,,445,477,,,5,0,21/03/2025 10:43,
149,CONF,"Nagahata, K.;Minegishi, T.",A pilot study on acceptable sound levels for road traffic noise in urban parks,2017,INTER-NOISE 2017 - 46th International Congress and Exposition on Noise Control Engineering: Taming Noise and Moving Quiet,2017-January,,,https://www.scopus.com/inward/record.uri?eid=2-s2.0-85042121711&partnerID=40&md5=0379e42358b6b5cfd73f76dd3067e045,"Fukushima University, Japan","Intrusion of road traffic noise is one of the key issues to consider when designing soundscapes of urban parks. Several studies have discussed acceptable sound levels for road traffic noise in urban parks; however, almost all of them estimated acceptable sound levels from the dose-response relationship between sound levels and annoyance, or evaluation of acoustic comfort. Few studies have investigated acceptable sound levels directly. In this pilot study, psycho-acoustic experiments were conducted to assess acceptable sound levels for road traffic noise in an urban park directly. First, participants used semantic differential scales to evaluate soundscapes of five park videos recorded with a head and torso simulator. Then, the same five videos, each with six different added levels of road traffic noise, were presented in random order and participants were asked to evaluate whether the noise in each video was acceptable to them. The results show that a single level or a simple signal-to-noise ratio cannot explain acceptable levels. This conclusion suggests that guidelines or noise standards for urban parks should be established individually, depending on conditions and features of the respective parks. The effects of the evaluation of each park in relation to acceptable levels of road traffic noise are unclear in this study, and therefore further research is necessary. © 2017 Institute of Noise Control Engineering. All rights reserved.",Acceptable sound level;Urban park;Acoustic variables control;Acoustics;Noise pollution;Roads and streets;Semantics;Signal to noise ratio;Transportation;Acoustic comfort;Dose response relationships;Pilot studies;Psycho acoustic experiment;Road traffic noise;Semantic differential scale;Sound level;Urban parks;Acoustic noise,Institute of Noise Control Engineering,,English,INTER-NOISE - Int. Congr. Expo. Noise Control Eng.: Taming Noise Mov. Quiet,Conference paper,Scopus,Export Date: 14 March 2025; Cited By: 4,,,,,,,149,0,21/03/2025 10:44,
233,CONF,"McGregor, I.;Turner, P.",Soundscapes and repertory grids: Comparing listeners' and a designer's experiences,2012,ACM International Conference Proceeding Series,,,10.1145/2448136.2448164,https://www.scopus.com/inward/record.uri?eid=2-s2.0-84875420698&doi=10.1145%2f2448136.2448164&partnerID=40&md5=69233c506a99092e11a0e30eebfd733c,"School of Computing, Edinburgh Napier University, Edinburgh, United Kingdom","This paper reports on establishing whether listeners have the same listening experience as the person who designed the sound. Surprisingly, there is little or no evidence as to whether what is designed to be heard is what is actually heard. The study reported here is a qualitative study into these two experiences. Research approach - A repertory grid technique was adopted using listener and designer generated constructs. One designer and 20 listeners rated 25 elements within a surround sound recording created by a soundscape generative system. The listeners' modal response was compared to the designer's. Findings/Design - The results suggest that it is perfectly feasible to compare designers and listeners experiences and to establish points of agreement and disagreement. Research limitations/Implications - Only UK-based university students and staff participated in the study, which limited generalisation of the findings. Originality/Value - Demonstrates an ontology of sound based on user experience rather than designer's whim. This approach is based upon long-term experiences and our conceptualisation of sound Take away message - Comparing listeners' experiences could allow designers to be confident with their sound designs. Copyright 2012 ACM.",Designers;Listeners;Listening;Repertory grid;Soundscape;Computer applications;Designers;Listeners;Listening;Repertory grids;Soundscapes;Design,,978-145031786-3 (ISBN),English,ACM Int. Conf. Proc. Ser.,Conference paper,Scopus,"Export Date: 14 March 2025; Cited By: 1; Correspondence Address: I. McGregor; School of Computing, Edinburgh Napier University, Edinburgh, United Kingdom; email: i.mcgregor@napier.ac.uk",,,131,137,,,233,0,21/03/2025 10:44,
20,JOUR,"Zhang, H.;Qiu, M.;Li, L.;Lu, Y.;Zhang, J.",Exploring the dimensions of everyday soundscapes perception in spatiotemporal view: A qualitative approach,2021,Applied Acoustics,181,108149,10.1016/j.apacoust.2021.108149,https://www.scopus.com/inward/record.uri?eid=2-s2.0-85106567058&doi=10.1016%2fj.apacoust.2021.108149&partnerID=40&md5=f70ce2ccb9b6d53e7050639630c58d5e,"School of Geography and Ocean Science, Nanjing University, Nanjing 163 Xianlin Avenue, China","Soundscape measurement has gained attention from researchers across a variety of disciplines and professions. The aim of this study was to explore everyday soundscapes properties as perceived by non-experts and construct a soundscape perception model in the spatiotemporal view and landscape tradition. This study used the conceptual framework of an existing landscape model to construct a soundscape evaluation scale based on the qualitative analysis of 490 semi-structured questionnaires. The evaluation scale has five fundamental dimensions: Perceptible Sound Characteristics, Perceptual Time, Perceptual Place, Audience Subjectivity, and Auditory Imagination. There are 18 primary indexes and 35 secondary indexes. The results indicated that the public's perception schema of soundscape was similar to that of visual landscape, but had more emotional aspects. Thus, the soundscape can produce abundant auditory mapping in the mind through the involvement of the auditory organs and subsequent cognitive processing and people can provide efficient evolution of the perceptible sound environment as feedback. © 2021 Elsevier Ltd",Evaluation scale;Perceptual dimensions;Qualitative method;Semantic differential attributes;Soundscape;Behavioral research;Surveys;Conceptual frameworks;Evaluation scale;Landscape model;Perception model;Perceptual dimensions;Property;Qualitative approach;Qualitative method;Semantic differential attribute;Soundscapes;Semantics,Elsevier Ltd,0003682X (ISSN),English,Appl Acoust,Article,Scopus,"Export Date: 14 March 2025; Cited By: 12; Correspondence Address: J. Zhang; School of Geography and Ocean Science, Nanjing University, Nanjing 163 Xianlin Avenue, China; email: jiezhang@nju.edu.cn; CODEN: AACOB",,,,,,,20,0,21/03/2025 10:44,
116,CONF,"Sudarsono, A.S.;Sarwono, J.",Sound level calibration on soundscape reproduction using headphone,2018,"25th International Congress on Sound and Vibration 2018, ICSV 2018: Hiroshima Calling",3,,,https://www.scopus.com/inward/record.uri?eid=2-s2.0-85058694037&partnerID=40&md5=40886d4b4121467ac239cb2a2a251222,"Building Physic and Acoustic Laboratory, Department of Engineering Physics, Institut Teknologi Bandung, Indonesia","One of the method for reproducing soundscape is using headphone. The level of reproduction usually calibrated using dummy head according to the actual sound level. The actual sound level usually measured using measurement microphone or sound level meter which capture the sound from every direction. In contrast, the calibration for headphone conducted by adjusting the sound level on ears at the same level from the measurement microphone. This study tries to measure the level difference on reproduce soundscape using headphone based on the common calibration method. White noise is reproduced in a reverberation room and measured by a measurement and dummy head that has been calibrated. The measurement shows that the dummy head measured 11.1 dB lower than the measurement microphone. This study proposes a method for calibrating the headphone with the validation using semantic differential analysis. Furthermore, this study analyses the perception of sonic environment reproduction using headphone in two conditions: when the recording reproduced at 10 dB lower and when the recording reproduced at the correct level. Analysis using semantic differential analysis shows that when the sonic environment recording reproduced at 10 dB lower than the correct level, two soundscape dimensions shows: The combination of Dynamic and Communication (32%), and Relaxation (24%). When the sonic environment reproduced at the correct level, three soundscape dimensions similar to the actual soundscape occurs: Relaxation (36%), Dynamic (16%), and Communication (10%). © 25th International Congress on Sound and Vibration 2018, ICSV 2018: Hiroshima Calling. All rights reserved.",Acoustic environment reproduction;Dummy head;Headphone calibration;Soundscape;Architectural acoustics;Calibration;Microphones;Semantics;Acoustic environment;Calibration method;Dummy head;Reverberation rooms;Semantic differential analysis;Sonic environments;Sound level meter;Soundscapes;White noise,"International Institute of Acoustics and Vibration, IIAV",978-151086845-8 (ISBN),English,"Int. Congr. Sound Vib., ICSV: Hiroshima Calling",Conference paper,Scopus,Export Date: 14 March 2025; Cited By: 0,,,1561,1567,,,116,0,21/03/2025 10:44,
36,JOUR,"Utz, C.",Reimagining Formal Functions in Post-Tonal Music: Temporality in the Semanticized Form of Salvatore Sciarrino,2023,Music Theory Online,29,,10.30535/mto.29.4.7,https://www.scopus.com/inward/record.uri?eid=2-s2.0-85183787959&doi=10.30535%2fmto.29.4.7&partnerID=40&md5=afaaae1b851e4f7e160a86839c5a82e1,"University of Music and Performing Arts Graz, Leonhardstr. 15, Graz, 8010, Austria","Modernist concepts of temporality (“non-linear time”) are variously cross-related to conventional concepts and qualities of time (“linear time”) (Kramer 1988, 20–65). This is exemplified by Salvatore Sciarrino’s creative method, which reconciles more conventional elements of discursive organicist design (processes of accumulation, multiplication, and transformation) with strategies of rupture and formal deterioration (“little bang,” “window form”). This unique mixing of “linear” and “non-linear” strategies is staged within a soundscape of mostly minimal dynamics and reduced activity at the edge of silence, sensitizing the listener toward micro-alterations. This article introduces key strategies in Sciarrino’s temporal form based on analytical investigations of three works that differ substantially in duration, density, and genre: Quintettino no. 1 (1976, ca. 3 min.) for clarinet and string quartet, Efebo con radio (1981, ca. 11 min.) for voice and orchestra, and the music theater work Da gelo a gelo: 100 scene con 65 poesie (2006, ca. 110 min.). My analyses are framed by a discussion of the relationships between musical beginnings or endings and constellations of duration and density. Sciarrino’s works prominently feature a semanticization of musical material by metaphorical, agential, or paratextual means that is also evident in his interpretation of Anton Webern’s orchestral piece op. 6, no. 4 (1909). The analyses demonstrate how the composer’s explicit and implicit semanticization of his material allows the listener to understand Sciarrino’s works as reimaginations of conventional formal functions in which the familiar appears unfamiliar. Copyright © 2023 Society for Music Theory.",density;formal functions;musical form;musical semantics;post-tonal music;Salvatore Sciarrino;temporality,Society for Music Theory,10673040 (ISSN),English,Music Theory Online,Article,Scopus,"Export Date: 14 March 2025; Cited By: 0; Correspondence Address: C. Utz; University of Music and Performing Arts Graz, Graz, Leonhardstr. 15, 8010, Austria; email: christian.utz@kug.ac.at",4,,,,,,36,0,21/03/2025 10:44,
197,CONF,"Chesnokova, O.;Taylor, J.E.;Purves, R.S.",Lake district soundscapes: Analysing aural experience through text,2018,Lecture Notes in Geoinformation and Cartography,0,,10.1007/978-3-319-63946-8_6,https://www.scopus.com/inward/record.uri?eid=2-s2.0-85031311472&doi=10.1007%2f978-3-319-63946-8_6&partnerID=40&md5=9cda70c70d48b67fd876daf5925bbc72,"Department of Geography, University of Zurich, Winterthurerstrasse 190, Zurich, 8057, Switzerland","The importance of perception across all the senses has been recognised in previous studies on landscape preferences. Here, we focus on aural perception, and in a preliminary study explore how references to sounds and their sources can be extracted from descriptions of images in a corpus containing 85,000 documents. We classified references to sounds according to previous work as biophony, geophony and antrophony. As a first step we have extracted descriptions related to sounds associated with verbs. The most common sound emitters in our corpus are wind (geophony), birds (biophony) and traffic (anthrophony) respectively. In future work we will move beyond the sentence level to deal with co-references, and use other parts of speech (e.g. adjectives such as quiet and loud or nouns such as noise, silence, echo, etc.). © Springer International Publishing AG 2018.",Crowdsourcing;Landscape preference;Semantics;Soundscapes;VGI;Crowdsourcing;Classifieds;Landscape preferences;Part Of Speech;Sentence level;Soundscapes;VGI;Semantics,Springer Science and Business Media Deutschland GmbH,18632246 (ISSN); 978-331963946-8 (ISBN); 978-331900514-0 (ISBN); 978-331900992-6 (ISBN); 978-331903643-4 (ISBN); 978-331908179-3 (ISBN); 978-331933782-1 (ISBN); 978-331961514-1 (ISBN); 978-331963945-1 (ISBN); 978-331963945-1 (ISBN); 978-331971469-1 (ISBN); 978-354034237-3 (ISBN); 978-354068567-8 (ISBN); 978-354071317-3 (ISBN); 978-354077799-1 (ISBN); 978-354087392-1 (ISBN); 978-354088243-5 (ISBN); 978-364203293-6 (ISBN); 978-364203441-1 (ISBN); 978-364204790-9 (ISBN); 978-364210594-4 (ISBN); 978-364212271-2 (ISBN); 978-364215536-9 (ISBN); 978-364222440-9 (ISBN); 978-364224197-0 (ISBN); 978-364229769-4 (ISBN); 978-364231832-0 (ISBN); 978-364232713-1 (ISBN); 978-364233217-3 (ISBN); 978-364234358-2 (ISBN); 978-364236378-8 (ISBN); 978-364237532-3 (ISBN),English,Lect. Notes Geoinformation Cartogr.,Conference paper,Scopus,"Export Date: 14 March 2025; Cited By: 1; Correspondence Address: O. Chesnokova; Department of Geography, University of Zurich, Zurich, Winterthurerstrasse 190, 8057, Switzerland; email: olga.chesnokova@geo.uzh.ch",,,23,25,Fogliaroni P.;Ballatore A.;Clementini E.,,197,0,21/03/2025 10:44,
153,CONF,"Utami, S.S.;Fela, R.F.;Sarwono, J.;Ikhwanuddin, R.",Acoustics survey to predict occupants preferences of a library,2018,"25th International Congress on Sound and Vibration 2018, ICSV 2018: Hiroshima Calling",7,,,https://www.scopus.com/inward/record.uri?eid=2-s2.0-85058695982&partnerID=40&md5=05e7a9fd945f473ddad20312df20e55c,"Universitas Gadjah Mada, Department of Nuclear Engineering and Engineering Physics, Yogya-karta, Indonesia","Objective measurement only may not be able to characterize the acoustic condition of a library and therefore, occupants’ expectation is necessarily needed. This study aims to survey the occupants' preference of the acoustic condition in a university library through objective and subjective measurement. Room acoustics simulation using 2 sources and 4 receivers with on-site background noise data was carried out to measure the T30, RASTI and C50. Meanwhile, for the subjective survey, sixty visitors (36 males, 24 females) with an age range between 17 – 28 y.o (Mean = 20.43, SD = 2.18) participated in answering the questionnaire about the soundscape and occupants' preferences of the sonic environment. A semantic differential model using 6 rating scales was used in the questionnaire and Principal Component Analysis (PCA) was used to describe the data. The analysis reveals 4 significant labelled dimensions from PCA (KMO Test = 0.694), which are Pleasantness (32.03%), Room Effects (25.6%) and Privacy (10.85%). This result proved the consistency of the dimension from the previous study and verified that the soundscape dimension is possibly correlated with two main aspects involving room function and room effects. The perception of the recognized sound, pleasant – unpleasant sound, and expected condition is also provided. © 25th International Congress on Sound and Vibration 2018, ICSV 2018: Hiroshima Calling. All rights reserved.",Library;PCA;Room acoustics;Soundscape;Subjective measurement;Acoustics;Architectural acoustics;Libraries;Semantics;Surveys;Acoustic conditions;Objective and subjective measurements;Objective measurement;Room acoustics;Semantic differential;Soundscapes;Subjective measurements;University libraries;Principal component analysis,"International Institute of Acoustics and Vibration, IIAV",978-151086845-8 (ISBN),English,"Int. Congr. Sound Vib., ICSV: Hiroshima Calling",Conference paper,Scopus,"Export Date: 14 March 2025; Cited By: 0; Correspondence Address: R.F. Fela; Institut Teknologi Bandung, Department of Engineering Physics, Bandung, Indonesia; email: randyrff@gmail.com",,,4293,4300,,,153,0,21/03/2025 10:44,
174,CONF,"Hong, X.;Jiang, Y.;Wu, S.;Zhang, L.;Lan, S.","Study on evaluation model of soundscape in urban park based on Radial Basis Function Neural Network: A case study of Shiba Park and Kamogawa Park, Japan",2019,IOP Conference Series: Earth and Environmental Science,300,32036,10.1088/1755-1315/300/3/032036,https://www.scopus.com/inward/record.uri?eid=2-s2.0-85071427489&doi=10.1088%2f1755-1315%2f300%2f3%2f032036&partnerID=40&md5=596760976f262f7518ac2c59c53b04fb,"School of Landscape Architecture, Fujian Agriculture and Forestry University, Fuzhou, China","In order to explore whether artificial neural network can simulate and predict the subjective and objective data of soundscape in urban environment, this study developed the subjective and objective transformation model of soundscape in urban park based on radial basis function neural network. The test was conducted based on the soundscape survey data of Shiba Park and Kamogawa Park in Japan. The results showed that the subjective and objective evaluation model of soundscape constructed by radial basis function neural network could predict more accurate subjective evaluation value, the average prediction accuracy rate was 91.23%. In addition, the soundscape in the higher loudness, loudness level and sound pressure level, and the lower sharpness got a higher accuracy, which is beneficial to simulating the tourists' psychological state of the soundscape. The study proved that the artificial neural network model can provide an effective method for further and more comprehensive acoustical environment research in the future. © 2019 IOP Publishing Ltd. All rights reserved.",Forecasting;Function evaluation;Functions;Metadata;Sustainable development;Acoustical environments;Artificial neural network modeling;Prediction accuracy;Radial basis function neural networks;Sound pressure level;Subjective and objective evaluations;Subjective evaluations;Transformation model;Radial basis function networks,Institute of Physics Publishing,17551307 (ISSN),English,IOP Conf. Ser. Earth Environ. Sci.,Conference paper,Scopus,"Export Date: 14 March 2025; Cited By: 6; Correspondence Address: X. Hong; School of Landscape Architecture, Fujian Agriculture and Forestry University, Fuzhou, China; email: xch.hung@outlook.com",3,,,,,,174,0,21/03/2025 10:44,
54,JOUR,"Moshona, C.C.;Lepa, S.;Fiebig, A.",Optimization strategies for the German version of the soundscape affective quality instrument,2023,Applied Acoustics,207,109338,10.1016/j.apacoust.2023.109338,https://www.scopus.com/inward/record.uri?eid=2-s2.0-85151255894&doi=10.1016%2fj.apacoust.2023.109338&partnerID=40&md5=231d063e2fd29b9371a6d875338fb916,"Engineering Acoustics, Institute of Fluid Dynamics and Technical Acoustics, Technische Universität Berlin, Einsteinufer 25, Berlin, 10587, Germany","Semantic differences in the soundscape circumplex instrument may have an impact on affective quality assessments of acoustic environments, hampering comparison in cross-cultural settings. Although an adopted version of the ISO/TS 12913-2 exists in Germany, it has not yet been sufficiently validated. In a listening experiment conducted as part of an international round-robin test, a total of 27 soundscapes were evaluated using alternate German translations of the English instrument. Results from two different optimiziation strategies were compared: (1) maximized circumplexity of the German scale version and (2) language invariance between German and English scale versions. Confirmatory factor analyses and invariance testing were employed to determine optimal translations and calculate resulting goodness of fit. Results demonstrate that strategy 1, with two new item translations, yields better results in terms of circumplexity and language invariance than the current DIN ISO/TS 12913-2 version. However, to allow fully unbiased cross-cultural comparisons of soundscape impressions, drawing on the instrument developed with strategy 2 is more suitable, since it produces scores strictly corresponding to those of the English scale. As the analysis demonstrates, this seemingly paradox finding results from a lack of empirical circumplexity of the English original. © 2023 Elsevier Ltd",Circumplex;Confirmatory factor analysis;German;Invariance;ISO/TS 12913-2;Soundscape;Structural equation modelling;Translation;Multivariant analysis;Quality control;Semantics;Translation (languages);Circumplex;Confirmatory factor analysis;German;ISO/TS 12913-2;Optimization strategy;Quality assessment;Semantic difference;Soundscapes;Structural equation models;Translation;Factor analysis,Elsevier Ltd,0003682X (ISSN),English,Appl Acoust,Article,Scopus,"Export Date: 14 March 2025; Cited By: 17; Correspondence Address: C.C. Moshona; Engineering Acoustics, Institute of Fluid Dynamics and Technical Acoustics, Technische Universität Berlin, Berlin, Einsteinufer 25, 10587, Germany; email: c.moshona@tu-berlin.de; CODEN: AACOB",,,,,,,54,0,21/03/2025 10:44,
272,CONF,"Wisema, S.;S.wilson, P.;Sepulveda, F.",Measuring a soundscape ofthe captive southern white rhinoceros ceratotherium simum simum,2014,INTERNOISE 2014 - 43rd International Congress on Noise Control Engineering: Improving the World Through Noise Control,,,,https://www.scopus.com/inward/record.uri?eid=2-s2.0-84923600731&partnerID=40&md5=522aa30c2b09ea0fd23d95a5e0237a25,"Texas StateUniversity-San Marcos, United States","Many creatures, including the myopic rhinoceros, depend upon hearing and smell to determine their environment. Nature is dominated by biophonic and geophonic sounds quickly absorbed by soil and vegetation. Anthrophonic urban soundscapes exhibit vastly different physical and semantic characteristics:reflections fromhard geometric surfaces, multi-path propagationand reverberation, and often increased sound pressure levels compared to nature, in addition to muchanthropogenic noise not found in nature.Noise damages humans physiologically, including reproductively, and likely damages other mammals. Rhinos vocalize sonically and infrasonically but audiograms are unavailable. They generally breed poorly in urban zoos, where infrasonic noise tends to be chronic. Biological and social factors have been studied but little attention if any has been paid to soundscape. To comprehensively describe the rhinos' acoustic environment at Fossil Rim Wildlife Center, one of the few U.S. facilities to successfully breed white rhinos in recent years,its broadband sound metrics were studied throughout a week of normal park activities. Further analysis will seek particular parameters known to be injurious to humans, plus those already known to invoke response inanimals. Later,a variety of otherfacilities could be recordedto seek correlations between their soundscapes and the health and well-being of the creatureswithin their care.",Ecology;Rhinoceros;Soundscape;Acoustic variables control;Acoustics;Audition;Ecology;Semantics;Acoustic environment;Geometric surfaces;Rhinoceros;Social factor;Sound metrics;Sound pressure level;Soundscapes;Well being;Acoustic noise,Australian Acoustical Society,978-090988203-7 (ISBN),English,INTERNOISE - Int. Congr. Noise Control Eng.: Improv. World Through Noise Control,Conference paper,Scopus,Export Date: 14 March 2025; Cited By: 1,,,,,Davy J.;Burgess M.;Don C.;Dowsett L.;McMinn T.;Broner N.,,272,0,21/03/2025 10:44,
262,JOUR,"Aksnes, H.;Ruud, E.",Metonymic associations of nature and culture in a BMGIM Program,2006,Nordic Journal of Music Therapy,15,,10.1080/08098130609478150,https://www.scopus.com/inward/record.uri?eid=2-s2.0-85009578836&doi=10.1080%2f08098130609478150&partnerID=40&md5=92c3809a256a1e57ec5084e0f64cc5c7,"Department of Musicology, University of Oslo, Norway","In this study a new BMGIM–program — Soundscapes — was designed in order to explore if it was possible to make a program based entirely upon music of Norwegian composers. Nine transcripts of sessions with eight travelers based on the program were obtained, and this analysis will focus especially upon the fifth piece in the program, the first movement “Hardanger” from Geirr Tveitt's Concerto no. 2 for Hardanger Fiddle and Orchestra, “Three Fjords” (1965). Both the work itself and the concomitant transcripts were analyzed, and the cognitive semantic notion of metonymy was employed in an attempt to explain some of the processes involved in the reception of the music. The Hardanger fiddle concerto was received positively and supported the images and narratives of the travelers. Furthermore, due to its particular folkloristic character and sound, listeners with other cultural backgrounds may also benefit from utilizing this music within a BMGIM process. © 2006 Taylor and Francis Group, LLC.",BMGIM programming;Cognitive semantics;Metonym;National identity,,08098131 (ISSN),English,Nord. J. Music Ther.,Article,Scopus,Export Date: 14 March 2025; Cited By: 3,1,,49,57,,,262,0,21/03/2025 10:44,
115,CONF,"Zhu, G.;Kang, J.;Ma, H.;Wang, C.",Soundscape characterization in outdoor public spaces in urban highrise residential blocks,2020,"Proceedings of 2020 International Congress on Noise Control Engineering, INTER-NOISE 2020",,,,https://www.scopus.com/inward/record.uri?eid=2-s2.0-85101354975&partnerID=40&md5=f2d10509808d1c7cef9a2536c331a3da,"School of Architecture, Tianjin University School of Architecture, Tianjin University, No.92 Weijin Road, Nankai District, Tianjin, 300072, China","Outdoor public spaces in high-rise residential districts are essential components in modern high-density cities, and acoustic comfort in those spaces are important for enhancing personal relaxation and community communications. However, while considerable previous works were carried out from the viewpoint of noise control, their overall sound environment perception has not been paid sufficient attention. Therefore, this study aims to characterize the soundscape dimensions of outdoor public spaces in urban high-rise residential districts, and to explore the effect of soundscape dimensions on the overall soundscape satisfaction. A detailed soundscape survey was conducted in the outdoor public space of a typical residential block. The semantic differential analysis of soundscape dimensions shows that while the soundscape in outdoor public spaces of high-rise residential districts is rather complicated, five major dimensions are identified, including pleasantness, familiarity, strength, stability, and spatiality. Consequently, effect of the dimensions on the overall soundscape satisfaction was briefly discussed. © Proceedings of 2020 International Congress on Noise Control Engineering, INTER-NOISE 2020. All rights reserved.",Acoustic noise;Housing;Semantics;Acoustic comfort;High-density cities;Public space;Residential block;Residential districts;Semantic differential analysis;Sound environment;Soundscapes;Acoustic variables control,Korean Society of Noise and Vibration Engineering,978-899402136-2 (ISBN),English,"Proc. Int. Congr. Noise Control Eng., INTER-NOISE",Conference paper,Scopus,Export Date: 14 March 2025; Cited By: 0,,,,,Jeon J.Y.,,115,0,21/03/2025 10:44,
101,CONF,"Djimantoro, M.I.;Martokusumo, W.;Poerbo, H.W.;Sarwono, J.",The soundscape descriptor in historic District of Jakarta,2020,"Proceedings of 2020 International Congress on Noise Control Engineering, INTER-NOISE 2020",,,,https://www.scopus.com/inward/record.uri?eid=2-s2.0-85101349890&partnerID=40&md5=3b075c913d4fa812d347998286bd7804,"Institut Teknologi Bandung, Jalan Ganesha 10, Bandung, 40132, Indonesia","The last discussion in the field of heritage is no longer based on cultural objects itself, but rather emphasizes the understanding of tourists or community in the region which called the perceived authenticity. Those understanding based on the perception of the environment, which is not only based on visual senses alone but also needs to involve other senses - one of which is the sense of hearing. This article aims to describe the descriptors that support the understanding of historic areas. The survey was conducted in-situ environment using the soundwalk method in the historic area of Jakarta. Perceptions data were collected using an online questionnaire with semantic differential scales. The data collected then analyzed based on the principal component analysis with varimax rotation to determine the descriptors of human perception in the heritage area. Based on the data collected, the variable can be divided into eight descriptors, where only three of them have a significant effect on the comfortable perception of tourists in the historic area. This paper also discusses the variable that influences those descriptors. The results of this study can provide input to stakeholders in conserving historic areas. © Proceedings of 2020 International Congress on Noise Control Engineering, INTER-NOISE 2020. All rights reserved.",Audition;Electronic assessment;Semantics;Surveys;Descriptors;Human perception;Jakarta;Online questionnaire;Semantic differential scale;Soundscapes;Soundwalk;Varimax rotations;Acoustic variables control,Korean Society of Noise and Vibration Engineering,978-899402136-2 (ISBN),English,"Proc. Int. Congr. Noise Control Eng., INTER-NOISE",Conference paper,Scopus,Export Date: 14 March 2025; Cited By: 0,,,,,Jeon J.Y.,,101,0,21/03/2025 10:44,
125,CONF,"Zakri, K.W.;Sudarsono, A.S.;Sarwono, J.;Utami, S.S.",Passenger's train soundscape variation analysis,2018,"25th International Congress on Sound and Vibration 2018, ICSV 2018: Hiroshima Calling",6,,,https://www.scopus.com/inward/record.uri?eid=2-s2.0-85058817255&partnerID=40&md5=b80b52f02f43b0701bf5db2dedd21e7f,"Institut Teknologi Bandung, Laboratory of Building Physics and Acoustics, Engineering Physics, Bandung, Indonesia","Soundscape is affected by the context from three aspects: auditory sensation, interpretation of auditory sensation, and the response of the sonic environment. The interpretation of auditory sensation is affected by expectation, experience and behaviour in a sonic environment. In passenger's train, the interpretation of the sonic environment might be affected by the variation of class and the time of the journey. This study tries to analyse the variation of class and the time of the journey to the soundscape of passenger's train. Two variations of classes (executive and economy) and two different times of journey (afternoon journey and evening journey) are investigated in this study. Four different sonic environments are evaluated: executive class at daytime (71.6 dBA), executive class at night (72.1 dBA), economy class at daytime (71.6 dBA) and economy class at night (70.6 dBA). The variation of classes represents the different facility. The executive class has less seat, the seat can be reclined and has bigger space for passenger compared to the economy class. The different times of journey represent different activity in the train: conversation and enjoying the view in the afternoon and sleeping at night. Perception analysis is conducted using questionnaire consist of 17 semantic scales, and the result is consistent among the 17 semantic scales unless for the scale of crowded-uncrowded. Analysis using ANOVA indicates that the effect of sonic environment variation is not significant for the passenger's perception in a passenger train. Copyright © (2018) by International Institute of Acoustics & Vibration. All rights reserved.",Human perception;Passenger's train;Soundscape;Semantics;Auditory sensation;Human perception;Passenger train;Passenger's train;Sonic environments;Soundscapes;Variation analysis;Passenger cars,"International Institute of Acoustics and Vibration, IIAV",978-151086845-8 (ISBN),English,"Int. Congr. Sound Vib., ICSV: Hiroshima Calling",Conference paper,Scopus,Export Date: 14 March 2025; Cited By: 1,,,3791,3796,,,125,0,21/03/2025 10:44,
109,CONF,"Hong, X.;Jiang, Y.;Wu, S.;Zhang, H.;Lan, S.",A study on the difference of forest sound-scape evaluation models based on geophonies,2018,"25th International Congress on Sound and Vibration 2018, ICSV 2018: Hiroshima Calling",3,,,https://www.scopus.com/inward/record.uri?eid=2-s2.0-85058692803&partnerID=40&md5=5aa3fec2a7c15881df1b702778b70a84,"Fujian Agriculture and Forestry University, School of Landscape Architecture, Forest Park Engineering Research Centre of State Forestry Administration, Fuzhou, China","Probe into the difference of the relationship between the physical quantity of soundscape and the human psychological quantity in different forest spaces. In our study, we made the subjective evaluation of geophonies in broad-leaved forest and coniferous forest spaces through Semantic Differential and measured the physical index of the evaluation of position at the same time. Finally, the soundscape evaluation models of broad-leaved forest and coniferous forest were established by data fitting, and compared the differences of the correlation coefficient the two groups. The results showed that both made the evaluation have a good sense of hearing in a relatively quiet, but with the sound pressure level increased, the geophony in broad-leaved forest produced a certain sense of dislike; the geophony evaluation data in broad-leaved forest tended to Stevens' law, and the geophysical sound in coniferous forest was inclined to Fechner's law; the fitting formula of broad-leaved forest and coniferous forest was opposite in trend. These soundscape evaluation models for broad-leaved forest and coniferous forest will provide an effective method and reference for the construction and improvement of green spaces. © 25th International Congress on Sound and Vibration 2018, ICSV 2018: Hiroshima Calling. All rights reserved.",Environmental acoustics;Forest;Soundscape;Audition;Semantics;Broad-leaved forests;Correlation coefficient;Environmental acoustics;Forest;Semantic differential;Sound pressure level;Soundscapes;Subjective evaluations;Forestry,"International Institute of Acoustics and Vibration, IIAV",978-151086845-8 (ISBN),English,"Int. Congr. Sound Vib., ICSV: Hiroshima Calling",Conference paper,Scopus,Export Date: 14 March 2025; Cited By: 5,,,1547,1553,,,109,0,21/03/2025 10:44,
202,CONF,"Kitapci, K.;Galbrun, L.","Subjective speech intelligibility and soundscape perception of English, Polish, Arabic and Mandarin",2015,INTER-NOISE 2015 - 44th International Congress and Exposition on Noise Control Engineering,,,,https://www.scopus.com/inward/record.uri?eid=2-s2.0-84947568691&partnerID=40&md5=62b03e86fcbf520c198acc677c2e0168,"Centre of Excellence in Sustainable Building Design, Heriot-Watt University, School of Energy Geoscience, Infrastructure and Society, Edinburgh, EH14 4AS, United Kingdom","This paper analyses perceived speech intelligibility and, more generally, soundscape perception associated to four different languages. The research was carried out using listening tests involving sixty native speakers of English, Polish, Arabic, and Mandarin (fifteen participants per language). In the tests, listeners were asked to subjectively evaluate three acoustic environments (an airport, a hospital, and a café) using eleven semantic attributes (intelligibility, speech level, speech pleasantness, noisiness, annoyance, relaxation, comfort, environmental pleasantness, eventfulness, excitement, and familiarity). The tests were undertaken for three room acoustic conditions defined by a different speech transmission index (STI) (STI=0.4, STI=0.5, and STI=0.6). Correlation analysis was carried out between the eleven semantic attributes, the four languages, the three room acoustic conditions, and the three environments, in view of developing an understanding of how the use of different languages might influence perceived speech intelligibility and, more generally, oral communication. Overall, the statistical analysis showed that the rating of semantic attributes is affected by languages, suggesting that these influence subjective speech intelligibility and, more generally, soundscape perception associated with oral communication. The perceptual variations associated to different languages should then be taken into consideration in the design of multi-lingual environments. © 2015 by ASME.",Acoustic noise;Acoustic variables control;Acoustics;Architectural acoustics;Computational linguistics;Semantics;Speech;Speech communication;Speech transmission;Acoustic environment;Correlation analysis;Listening tests;Oral communication;Paper analysis;Room acoustics;Semantic attribute;Speech transmission index;Speech intelligibility,"The Institute of Noise Control Engineering of the USA, Inc.",,English,INTER-NOISE - Int. Congr. Expo. Noise Control Eng.,Conference paper,Scopus,Export Date: 14 March 2025; Cited By: 6,,,,,Maling G.;Burroughs C.,,202,0,21/03/2025 10:45,
241,JOUR,"Yang, W.;Kang, J.",Acoustic comfort evaluation in urban open public spaces,2005,Applied Acoustics,66,,10.1016/j.apacoust.2004.07.011,https://www.scopus.com/inward/record.uri?eid=2-s2.0-10644257610&doi=10.1016%2fj.apacoust.2004.07.011&partnerID=40&md5=ed52a0c2b81fc4e19a1a2272d869498c,"School of Architecture, University of Sheffield, Western Bank, Sheffield S10 2TN, United Kingdom","This paper presents the results of an intensive questionnaire survey and objective measurements on soundscape, aiming at the evaluation of acoustic comfort in urban open public spaces. From summer 2001 to spring 2002, 9200 interviews were made for four seasons in 14 urban open public spaces across Europe. The results suggest that the subjective evaluation of the sound level generally relates well with the mean Leq, especially when the sound level is below a certain level, which is 73 dBA on the basis of this study. However, considerable differences have been found between the subjective evaluation of the sound level and the acoustic comfort evaluation: people tend to show more tolerance in terms of acoustic comfort evaluation. The background sound level has been found to be an important index in evaluating soundscape in urban open public spaces - a lower background level tends to make people feel quieter. Analyses of individual sound elements show that the acoustic comfort evaluation is greatly affected by the sound source type - introducing a pleasant sound can considerably improve the acoustic comfort, even when its sound level is rather high. No significant difference was found among different age groups in terms of subjective evaluation of a sound level, whereas in terms of acoustic comfort, there were significant differences. © 2004 Elsevier Ltd. All rights reserved.",Acoustic comfort;Soundscape;Urban open public spaces;Acoustic wave propagation;Mathematical models;Optical design;Refractive index;Semantics;Urban planning;Acoustic comfort;Soundscape;Urban open public spaces;Acoustic noise,,0003682X (ISSN),English,Appl Acoust,Article,Scopus,"Export Date: 14 March 2025; Cited By: 474; Correspondence Address: J. Kang; School of Architecture, University of Sheffield, Western Bank, Sheffield S10 2TN, United Kingdom; email: j.kang@sheffield.ac.ul; CODEN: AACOB",2,,211,229,,,241,0,21/03/2025 10:45,
43,JOUR,"Frohlick, S.;Macevicius, C.",Listening otherwise: From “silent tourism” soundscapes to privileged sonic ways of knowing,2023,Tourist Studies,23,,10.1177/14687976231171713,https://www.scopus.com/inward/record.uri?eid=2-s2.0-85162722282&doi=10.1177%2f14687976231171713&partnerID=40&md5=89c96fd5f8e614c8f3de827d4dc39362,"University of British Columbia, Okanagan, Canada","This paper explores quests for silence in tourism in English-language online media. We offer a reading of media forms all articulating a soundscape of silence: a preferred sonic environment for tourists’ health and well-being. A relational and reflexive approach allows us to interrogate these taken-for-granted desired silences, and to emplace ourselves in the analysis. Using critical discourse analysis, we try to listen to the sounds produced in the texts, and to write with, and about, the sounds that resonate with us, to disrupt the naturalization implicit to the silent tourism soundscapes. Such calls for silent tourism use vocabularies that reproduce a universalistic aurality and binaries of wanted/unwanted, silence/noise, nonhuman/human, good/bad that moralize and objectify. Relational ontology and feminist critiques of “soundscape” help us to rethink silent tourism as ways of knowing. Ultimately, in the media we reflect on and are not separate from sonic ways of knowing seem very much entangled with wealth, privilege, individualism, and settler positionalities. © The Author(s) 2023.",acoustemology;feminist sound studies;over-tourism;sonic experience;tourism noise,SAGE Publications Ltd,14687976 (ISSN),English,Tour. Stud.,Article,Scopus,"Export Date: 14 March 2025; Cited By: 5; Correspondence Address: S. Frohlick; University of British Columbia, Okanagan, Canada; email: Sue.frohlick@ubc.ca",2,,149,173,,,43,0,21/03/2025 10:45,
211,BOOK,"Buchanan, D.A.","Soundscapes from the Americas: Ethnomusicological essays on the power, poetics, and ontology of performance",2016,"Soundscapes from the Americas: Ethnomusicological Essays on the Power, Poetics, and Ontology of Performance",,,10.4324/9781315609980,https://www.scopus.com/inward/record.uri?eid=2-s2.0-85086203096&doi=10.4324%2f9781315609980&partnerID=40&md5=545c10cb0141859a72d602a5f2b7a042,"University of Illinois, United States","Dedicated to the late Gerard Béhague (1937-2005), whose pioneering work in Latin American music, popular culture, and performance studies contributed extensively to ethnomusicological discourse in the 1970s-1990s, this anthology offers comparative perspectives on the evolving legacy of performance ethnography in socio-musical analysis. President of the Society for Ethnomusicology from 1979-81, editor of its journal, Ethnomusicology, from 1974-78, and founder and editor of the trilingual Latin American Music Review from 1980 until his death, Béhague also established the ethnomusicology graduate program at the University of Texas at Austin in 1974, thereby influencing the training and thinking of dozens of the field’s practitioners. Among these are the volume’s eight authors, whose contributions reflect the heritage but also contemporary trajectories of Béhague’s scholarly concerns. Prefaced by an essay outlining key developments in the ethnography of performance paradigm, the volume’s seven case studies portray snapshots of musical life in representative communities of the Americas, including the southwestern and Pacific United States, Puerto Rico, Bolivia, Chile, Cuba, and Ecuador. Situated in milieus ranging from the indigenous festivals of the Andean highlands, to the competitive public gatherings of poet-singers in post-Pinochet Chile, to the Puerto Rican dance halls of the Hawaiian islands, these studies pose anthropological inquiries into the ontology of performance practice, the social power of poetic performativity, and the experience and embodiment of sound in place. © 2014 Donna A. Buchanan.",,Taylor and Francis,978-131705239-5 (ISBN); 978-147241583-7 (ISBN),English,"Soundscapes from the Americas: Ethnomusicological Essays on the Power, Poetics, and Ontology of Perform.",Book,Scopus,Export Date: 14 March 2025; Cited By: 2,,,1,194,,,211,0,21/03/2025 10:45,
65,JOUR,"Fowler, M.",Itoh’s mikiri as acoustic frame: hearing the sōzu at the garden of Shisen-dō,2024,Studies in the History of Gardens and Designed Landscapes,44,,10.1080/14601176.2024.2406722,https://www.scopus.com/inward/record.uri?eid=2-s2.0-85212250021&doi=10.1080%2f14601176.2024.2406722&partnerID=40&md5=f2f92d64354f3862753da55b968651dc,"Fachgebiet Audiokommunikation, Technische Universität Berlin, Berlin, Germany","In this article I interrogate Teiji Itoh’s axiom of shakkei or the East Asian gardening technique of ‘borrowing scenery’. I draw on the field of soundscape ecology as well as discourses by Zhang, Chen and Fung on shakkei (Ch. jièjǐng) in terms of its first appearance in the 1635 Chinese treatise Yuanye (The Craft of Gardens) by Ji Cheng (1582–c.1642). In order to reason on the ontological status of Itoh’s axiom of shakkei as it pertains to a listening subject, I use a case study of the translocated sōzu (deer scarer) at Jōzan Ishikawa’s (1583–1672) garden at the hermitage of Shisen-dō in Kyoto. I trace the history of the sōzu from its agrarian past, and draw on Heian-era poetic references as well as historical Chinese sources to construct a semantics of the translocation of the auditory frame of the sōzu to Shisen-dō. I conclude with remarks that discuss the significance of the ontological dependence between sentiment (Ch. qing, Jp. jō) and scenery (Ch. jing, Jp. kei). © 2024 Informa UK Limited, trading as Taylor & Francis Group.","shakkei, borrowed scenery;Shisen-dō;shishi-odoshi;sōzu",Routledge,14601176 (ISSN),English,Stud. Hist. Gard. Des. Landsc.,Article,Scopus,Export Date: 14 March 2025; Cited By: 0,4,,302,319,,,65,0,21/03/2025 10:45,
32,JOUR,"Zhang, D.;Chen, H.;Zhang, X.;Tan, L.",Evaluation of Landscapes and Soundscapes in Traditional Villages in the Hakka Region of Guangdong Province Based on Audio-Visual Interactions,2025,Buildings,15,259,10.3390/buildings15020259,https://www.scopus.com/inward/record.uri?eid=2-s2.0-85216035120&doi=10.3390%2fbuildings15020259&partnerID=40&md5=22513d2bc7b085bbc8e94c76d4daf646,"College of Architecture and Urban Planning, Guangzhou University, Guangzhou, 510006, China","Traditional villages in the Hakka region of Guangdong Province have attracted significant attention for their unique cultural heritage and traditional lifestyles. Their favourable audio-visual environments offer immersive and realistic experiences for both residents and visitors. Thus, we selected four representative villages and used semantic segmentation to extract the core visual elements (sky, vegetation, construction, and dynamic) from visual landscape images. Audio-visual interaction experiments and subjective surveys were conducted to investigate the participants’ evaluations of the visual landscape and soundscape to explore the mechanisms of audio-visual interaction. The results revealed that different audio-visual combinations significantly influenced the participants’ visual landscape satisfaction, acoustic comfort, and audio-visual harmony evaluations. Specifically, visual images of natural spaces with a high proportion of sky (24.54%) and vegetation (72.56%), matched with natural sounds (with a sound pressure level of approximately 55 dB) such as birdsong, wind, and flowing water, received excellent ratings for both visual landscape satisfaction and acoustic comfort evaluations. Moreover, the findings further revealed that coordination between visual and audio materials was crucial for enhancing the participants’ perceptions and assessments, highlighting the importance of audio-visual coordination in creating harmonious environments. These findings provide recommendations for spatial planning, landscape design, and soundscape optimisation in traditional villages. © 2025 by the authors.",acoustic comfort;audio-visual harmony;evaluations of landscape and soundscape;traditional villages in the Hakka region of Guangdong province;visual landscape satisfaction;Abiotic;Semantics;Acoustic comfort;Audio-visual;Audio-visual harmony;Audio-visual interactions;Cultural heritages;Evaluation of landscape and soundscape;Guangdong Province;Soundscapes;Traditional village in the hakka region of guangdong province;Visual landscape satisfaction;Semantic Segmentation,Multidisciplinary Digital Publishing Institute (MDPI),20755309 (ISSN),English,Buildings,Article,Scopus,"Export Date: 14 March 2025; Cited By: 0; Correspondence Address: L. Tan; School of Design, The Hong Kong Polytechnic University, SAR, 100872, Hong Kong; email: linggtan@polyu.edu.hk",2,,,,,,32,0,21/03/2025 10:45,
214,CONF,"Payne, S.R.;Devine-Wright, P.;Irvine, K.N.","People's perceptions and classifications of sounds heard in urban parks: Semantics, affect and restoration",2007,"Turkish Acoustical Society - 36th International Congress and Exhibition on Noise Control Engineering, INTER-NOISE 2007 ISTANBUL",5,,,https://www.scopus.com/inward/record.uri?eid=2-s2.0-84873979544&partnerID=40&md5=f0536e7b42abbdac9b94c09bf12ceeb7,"Manchester Architecture Research Centre, SED, University of Manchester, United Kingdom","Sounds have been broadly categorized by researchers into 'human', 'nature' and 'mechanical'. It is less clear if the general public define and classify sounds in the same way and which factors influence their classification process. Establishing people's classification and impression of urban park sounds helps identify their perception and experience of urban parks. This in turn aides the process of defining parks with reference to soundscapes, to produce an appreciated and potentially restorative place. This study involved urban park sounds, identified by park users, being presented in card sorts and survey items. Participants sorted the sounds into similar groups, in reference to a visited park. The terminology, factors involved and classification of the sounds was assessed using multidimensional scaling. Triangulation of the results suggests affect is a key factor in people's classification process. Participants' grouped sounds were labelled by affective terms more often than their perceived physical properties. Affective evaluations of each sound produced a similar classification structure as the card sort results. People's classification structure also varied depending on how restorative they found their urban park. Furthermore schematic recollections played a part with many sounds being 'expected'. Overall similarities and differences with 'human', 'nature' and 'mechanical' classifications were observed.",Exhibitions;Semantics;Card sort;Classification process;Classification structure;General publics;Key factors;Multi-dimensional scaling;Park users;Soundscapes;Urban parks;Acoustic noise,,978-160560385-8 (ISBN),English,"Turk. Acoustical Soc. - Int. Congr. Exhib. Noise Control Eng., INTER-NOISE ISTANBUL",Conference paper,Scopus,"Export Date: 14 March 2025; Cited By: 12; Correspondence Address: S.R. Payne; Manchester Architecture Research Centre, SED, University of Manchester, United Kingdom; email: sarah.payne@postgrad.manchester.ac.uk",,,3505,3514,,,214,0,21/03/2025 10:45,
136,CONF,"Mediastika, C.E.;Sudarsono, A.S.",Sound matters while enjoying movies; a soundscape study of visually impaired people,2020,"Proceedings of 2020 International Congress on Noise Control Engineering, INTER-NOISE 2020",,,,https://www.scopus.com/inward/record.uri?eid=2-s2.0-85101368471&partnerID=40&md5=d534fdfcfd4fbfdc9955ce0a1f1d529a,"Department of Architecture, Petra Christian University, Jalan Siwalankerto, Surabaya, 121-131, Indonesia","While conducting focus group discussions about shopping malls with visually impaired people from previous studies, it was inadvertently known that these people also like watching movies. A soundscape survey with a closed-ended questionnaire constructed from semantic attributes raised during the discussion was used to collect data about how they enjoyed the film. One ordinary person accompanied each visually impaired person. The companion guided them from the cinema gate to the chair and to act as storytellers. Seventy data from two films were raised in the study and extracted using Promax-rotated principal component analysis because there was an assumption that these attributes were interrelated. It brings up three main dimensions of soundscape - namely, pleasure, storyline, and sound dynamic. The soundscape dimension of pleasure is related to the attributes of comfort, clear sound, and interesting storylines. The soundscape dimension of storylines is related to the attributes of fun, clear storylines, and enlightening storylines. Meanwhile, the soundscape dimension of sound dynamic is connected to fun, loud sounds, and entertaining storylines. The extraction using Promax rotation shows a substantial correlation between pleasure, storyline, and sound dynamic. © Proceedings of 2020 International Congress on Noise Control Engineering, INTER-NOISE 2020. All rights reserved.",Acoustic variables control;Semantics;Surveys;Focus groups;Rotated principal components;Semantic attribute;Soundscapes;Storylines;Visually impaired people;Visually impaired persons;Acoustic noise,Korean Society of Noise and Vibration Engineering,978-899402136-2 (ISBN),English,"Proc. Int. Congr. Noise Control Eng., INTER-NOISE",Conference paper,Scopus,Export Date: 14 March 2025; Cited By: 0,,,,,Jeon J.Y.,,136,0,21/03/2025 10:45,
143,CONF,"Polack, J.-D.;Taupin, P.;Jeon, J.Y.;Jo, H.I.",Guidelines for soundscape mapping and urban soundscape design derived from the imaginaries of digital native users,2020,"Proceedings of 2020 International Congress on Noise Control Engineering, INTER-NOISE 2020",,,,https://www.scopus.com/inward/record.uri?eid=2-s2.0-85101317511&partnerID=40&md5=7eb2ed235e55cfe4410fc236e1374248,"Sorbonne Université, Institut D'Alembert, CNRS-UMR7190, 4 Place Jussieu, Paris, 75252, France","We present the guidelines of an experiment run in France and Korea along the lines of a pilot experiment in China and based on collages to illustrate one's experience when walking through urban sceneries. Participants in groups of two were free to clip any image they wanted from a selection of magazines, the same for all groups within each country, and free to add any comment or drawing they wanted to on their collages. Then they had to present their collage to the other participants and the presentations were recorded, and transcribed. The structural semantic model that underlies the descriptions of the collages and narratives is presented, and guidelines for soundscape mapping and urban soundscape design derived from it. They lead to some suggestions for radically innovative soundscapes, based on the imaginaries that underlie the usage and attitudes of the participants. © Proceedings of 2020 International Congress on Noise Control Engineering, INTER-NOISE 2020. All rights reserved.",Mapping;Semantics;Digital natives;Imaginaries;Pilot experiment;Soundscapes;Structural semantics;Urban soundscape;Walking through;Acoustic variables control,Korean Society of Noise and Vibration Engineering,978-899402136-2 (ISBN),English,"Proc. Int. Congr. Noise Control Eng., INTER-NOISE",Conference paper,Scopus,Export Date: 14 March 2025; Cited By: 1,,,,,Jeon J.Y.,,143,0,21/03/2025 10:45,
44,JOUR,"Dudarev, V.;Kai, J.;Brar, N.;Enns, J.T.",Listening to trees in the forest: Attentional set influences how semantic and acoustic factors interact in auditory perception,2024,"Attention, Perception, and Psychophysics",86,,10.3758/s13414-023-02835-w,https://www.scopus.com/inward/record.uri?eid=2-s2.0-85181458809&doi=10.3758%2fs13414-023-02835-w&partnerID=40&md5=01666fbe55eb8c1f9b88cac5a81e6a63,"Department of Psychology, University of British Columbia, BC, Canada","Studies of auditory object perception claim that semantic properties dominate acoustic properties in determining identification accuracy. Yet the direction of the semantic effect is mixed, with some studies showing an advantage for detecting incongruent sounds and others reporting a congruent sound advantage. Here we examine the role of the participant’s attentional set when identifying auditory objects in naturalistic soundscapes. We varied the acoustic and semantic properties of the sounds orthogonally in two experiments. In Experiment 1 participants tuned their attention broadly to detect any change between two successive soundscapes (e.g., two restaurant soundscapes, with and without a child coughing). In Experiment 2 they tuned attention more narrowly to a probe presented after a soundscape (e.g., a restaurant soundscape with a child coughing, followed by the coughing sound alone). In both experiments, semantic relations between the objects and backgrounds helped to disambiguate objects that blended acoustically with the background. When attending globally (Experiment 1), objects that were acoustically similar yet semantically incongruent tended to be missed (e.g., bouncing basketball on a construction site), as though camouflaged by the gist of the soundscape. When attending locally (Experiment 2), semantically congruent foil objects led to false positive reports under acoustically similar conditions (hammering sounds on a construction site), as though the gist of the soundscape contributed to their plausible inclusion. In summary, although attentional set had a strong influence on the specific kinds of errors made, both results pointed to participants using a semantically congruent high-level schema to report the sounds they heard. © 2023, The Psychonomic Society, Inc.",Acoustic properties;Attentional set;Auditory perception;Semantic congruence;Soundscapes;Acoustic Stimulation;Acoustics;Attention;Auditory Perception;Child;Forests;Humans;Semantics;Trees;acoustics;attention;auditory stimulation;child;forest;hearing;human;procedures;semantics;tree,Springer,19433921 (ISSN),English,Atten. Percept. Psychophys.,Article,Scopus,"Export Date: 14 March 2025; Cited By: 0; Correspondence Address: V. Dudarev; Department of Psychology, University of British Columbia, Canada; email: vdudarev@mail.ubc.ca",2,38177945,381,391,,,44,0,21/03/2025 10:45,
244,CONF,"Nielbo, F.L.",From soundscape to meaningscape,2015,Euronoise 2015,,,,https://www.scopus.com/inward/record.uri?eid=2-s2.0-85080884308&partnerID=40&md5=5f14d43a4ec66b83f18415a8ee84423d,"Center for Semiotics, Aarhus University, Denmark","Throughout evolution the auditory system has been shaped to detect, localize and identify significant events in the environment. Sounds carry information about events relevant for the perceiving organism, enabling it to navigate in the environment, detect prey, avoid potential dangers, etc. The sounds can, in other words, be considered sign vehicles or meaning carriers and the sense of hearing, thus, is a tool for gathering information about events in the surroundings in order to initiate appropriate behavior (chasing, fleeing, etc.). Insights from biosemiotics, cybernetics and ecological psychology suggest that perception is intimately linked to action, but this linkage has been largely ignored in traditional research on human auditory perception. I argue that interaction potentials play an important role in soundscape perception. It is well established that individual sounds can carry meaning for the perceiver, and studies indicate that listeners' perception of soundscapes is structured by semantic categories related to events and activities taking place in the heard environment. From the rudimentary hearing system of simpler organisms to the complex human auditory system, perception of such events is functional and instrumental; it guides the perceiver's behavior by utilizing information about potential interactions with the environment. With this paper I wish to discuss the notion of a semiotic dimension of soundscape perception, where soundscapes are considered as ""meaningscapes"", complexes of functional auditory signs to be perceived and acted upon, and by which the perceiver makes sense of the environment. Copyright © (2015) by EAA-NAG-ABAV, All rights reserved",Acoustic variables control;Semantics;Auditory perception;Auditory systems;Biosemiotics;Ecological psychology;Hearing system;Human auditory system;Interaction potentials;Semantic category;Audition,DC/ConfOrg,,English,Euronoise,Conference paper,Scopus,Export Date: 14 March 2025; Cited By: 3,,,1501,1506,,,244,0,21/03/2025 10:45,
173,JOUR,"Kitapci, K.;Galbrun, L.",Perceptual analysis of the speech intelligibility and soundscape of multilingual environments,2019,Applied Acoustics,151,,10.1016/j.apacoust.2019.03.001,https://www.scopus.com/inward/record.uri?eid=2-s2.0-85062726846&doi=10.1016%2fj.apacoust.2019.03.001&partnerID=40&md5=205047ecc8b0b2631ce56d272cb8b791,"Department of Interior Architecture, Cankaya University, Ankara, Turkey","This paper examines the perceived speech intelligibility of English, Polish, Arabic, and Mandarin and, more generally, the soundscape associated to multilingual environments. Listening tests were used to evaluate three acoustic environments (an airport, a hospital, and a café) under three room acoustic conditions defined by a different speech transmission index (STI) (STI = 0.4, 0.5 and 0.6). In the tests, participants rated eleven semantic attributes representative of speech perception and the overall soundscape (speech intelligibility, speech level, speech pleasantness, noisiness, annoyance, relaxation, comfort, environment pleasantness, eventfulness, excitement, and familiarity). Results obtained indicate that inter-language comparisons based on perceived speech intelligibility are different from those obtained from objective speech intelligibility tests. Noticeably, English participants were found to be most sensitive to changes in room acoustic conditions and to meaningful and distractive noise sources, whilst Arab participants were least sensitive to changes in room acoustic conditions and more tolerant to noise. Perceived speech intelligibility correlated significantly with non-acoustical factors (speech pleasantness, comfort and environment pleasantness), and ‘emotional factors’ (annoyance, relaxation, comfort and environment pleasantness) explained a large portion of the variance in soundscape assessment. Results also showed that language affected the perceived speech intelligibility marginally (p = 0.051) and noisiness significantly (p = 0.047), the latter being the best indicator of cultural variations amongst the attributes tested. Overall, the study shows that designing for speech intelligibility cannot be solely based on room acoustic parameters, especially in the case of multi-lingual environments. © 2019 Elsevier Ltd",Room acoustics;Soundscape;Speech intelligibility;Speech perception;Acoustic noise;Acoustics;Architectural acoustics;Behavioral research;Semantics;Speech communication;Speech transmission;Acoustic environment;Multilingual environments;Perceptual analysis;Room acoustics;Soundscapes;Speech intelligibility tests;Speech perception;Speech transmission index;Speech intelligibility,Elsevier Ltd,0003682X (ISSN),English,Appl Acoust,Article,Scopus,"Export Date: 14 March 2025; Cited By: 12; Correspondence Address: K. Kitapci; Department of Interior Architecture, Faculty of Architecture, Cankaya University, Ankara, Ogretmenler Caddesi, No. 14, Yuzuncuyil, 06530, Turkey; email: kivanckitapci@cankaya.edu.tr; CODEN: AACOB",,,124,136,,,173,0,21/03/2025 10:45,
222,CONF,"Davies, W.J.",Reproducibility of soundscape dimensions,2012,"41st International Congress and Exposition on Noise Control Engineering 2012, INTER-NOISE 2012",1,,,https://www.scopus.com/inward/record.uri?eid=2-s2.0-84883590675&partnerID=40&md5=2329d81513c229077c44c02d0d73ce93,"Jesse Edward Murphy Acoustics Research Centre, University of Salford, Newton Building The Crescent, Salford M5 4WT, United Kingdom","The aim of this work was to investigate the validity of laboratory soundscape reproduction and the robustness of soundscape dimensional analysis. The soundscapes in four urban locations in Manchester (UK) were recorded with a soundfield microphone. The soundscapes were reproduced through an ambisonic 3D loudspeaker system in a semianechoic chamber. Fifteen listeners rated the reproduced soundscapes on nineteen elevenpoint semantic differential scales. Factor analysis revealed that four dimensions explained 65% of the variance in the judgements. The dimensions were: relaxation/calmness (41%), dynamics/vibrancy (10%), communication (7%) and spatiality (7%). This experiment can be compared with that of Kang (2007), who used very similar rating scales on outdoor soundwalks in two locations in Sheffield (UK). Kang found dimensions of relaxation (26%), communication (12%), spatiality (8%) and dynamics (7%). The dimensions from the two experiments load onto the semantic scales in a similar way. These results indicate that ambisonic reproduction of soundscapes gives similar results to field experiments, though with more variance explained. They also show that dimensional analysis of soundscape response is robust enough to produce similar results for different locations in different cities. It is suggested that the dimensions that result from this kind of experiment depend somewhat on the rating scales and questions used. Nevertheless, soundscapes and their perceptual dimensions both seem to be reproducible to a meaningful extent.",Communication;Experiments;Mathematical techniques;Rating;Semantics;Dimensional analysis;Field experiment;Loudspeaker system;Perceptual dimensions;Reproducibilities;Semantic differential scale;Semi-anechoic chambers;Urban locations;Audio recordings,,978-162748560-9 (ISBN),English,"Int. Congr. Expos. Noise Control Eng., INTER-NOISE",Conference paper,Scopus,"Export Date: 14 March 2025; Cited By: 13; Correspondence Address: W.J. Davies; Jesse Edward Murphy Acoustics Research Centre, University of Salford, Newton Building The Crescent, Salford M5 4WT, United Kingdom; email: w.davies@salford..ac.uk",,,601,607,,,222,0,21/03/2025 10:45,
217,JOUR,"McHugh, K.E.","Movement, memory, landscape: An excursion in non-representational thought",2009,GeoJournal,74,,10.1007/s10708-008-9222-0,https://www.scopus.com/inward/record.uri?eid=2-s2.0-67349254812&doi=10.1007%2fs10708-008-9222-0&partnerID=40&md5=2e9a062c39f0585a327c0d736dd5b804,"School of Geographical Sciences, Arizona State University, Tempe, AZ 85287-0104, United States","This paper is an excursion in non-representational thought. The primacy of movement charges this creative geography. Movement as sensation, thought, matter and memory crystallizes in ongoing assemblages (effects) we term selves and landscapes. This movement ontology is animated by a stream of thought running through Bergson, Deleuze, and Massumi, and by Ingold's temporality of landscape. Memory is vital, as past (virtual) and present (actual) coexist, pushing forward in duration, the dynamic continuation of movement and sensation. David Lynch's film, The Straight Story, offers dramatic illustration of the entanglement of movement, memory, and landscape. Landscape is emergent as relational lines of movement, an ongoing meshwork of practices and movement signatures. Alvin Straight's paced journey through Iowa on a John Deere lawn mower during autumn harvest is a road to reminiscence and reconciliation, an American sublime. Lynch's movement-images and soundscapes are sensorial undulations that illumine landscape as movement of incorporation, 'dwelling' in the moment to moment, geographies of care. The take-home message is that we are nothing more and nothing less than agents, next selves, 'passing' through. The collective trace of our 'passings' constitutes the making and remaking of place. © 2008 Springer Science+Business Media B.V.",Geographies of care;Landscape;Memory;Movement;Next selves;Non-representational thought;Sublime;Lawn mowers;Message passing;Ontology;Geographies of care;Landscape;Memory;Movement;Next selves;Non-representational thought;Sublime;landscape;media industry;memory;Earth sciences,,03432521 (ISSN),English,GeoJournal,Article,Scopus,"Export Date: 14 March 2025; Cited By: 40; Correspondence Address: K. E. McHugh; School of Geographical Sciences, Arizona State University, Tempe, AZ 85287-0104, United States; email: kmchugh@asu.edu; CODEN: GEOJD",3,,209,218,,,217,0,21/03/2025 10:45,
178,JOUR,"De Oliveira, A.L.G.",For an ontology of sound as an ontology of listening: Critical to the fetish of representation in modern western music,2019,Musica Hodie,19,e51678,10.5216/mh.v19.51678,https://www.scopus.com/inward/record.uri?eid=2-s2.0-85071513025&doi=10.5216%2fmh.v19.51678&partnerID=40&md5=7957c7e5e94ad5703c7ee737c71b41ea,"Universidade Do Oeste Paulista, São Paulo, São Paulo, Brazil","The text proposes a way for the concept of sound as a phenomenon of listening. Based on the Phenomenology of Perception of M. Merleau-Ponty, one starts from the reading of D. Ihde on problems with a sound ontology in the molds of Cartesian dualism. Then it point out the criticism of B. Kane on the construction of an ontology of sound distant from studies in cultural listening. Finally the text presents ideas of T. Ingold against the concept of soundscape and towards the understanding of sound as an experience of bodies acting with other bodies in specific places. It is hoped to contribute to the discussion of the ontology of sound as an ontology of listening. © 2019 Universidade Federal de Goias. All rights reserved.",Ontology of sound;Phenomenology of perception;Sonology,Universidade Federal de Goias,16763939 (ISSN),Portuguese,Musica Hodie,Article,Scopus,"Export Date: 14 March 2025; Cited By: 1; Correspondence Address: A.L.G. De Oliveira; Universidade Do Oeste Paulista, São Paulo, São Paulo, Brazil; email: alguns@gmail.com",,,,,,Por uma ontologia do som enquanto ontologia da escuta: crítica ao fetiche da representação na música do ocidente moderno,178,0,21/03/2025 10:45,
22,CONF,"Ocaklik, B.;Çakir Aydin, D.",Evaluation of soundscape perception in outdoor and indoor spaces with psychoacoustic metrics,2022,Proceedings of the International Congress on Acoustics,,,,https://www.scopus.com/inward/record.uri?eid=2-s2.0-85162284923&partnerID=40&md5=0444ab5c5d1bf260b8030e5769ef279d,"Faculty of Architecture, Dicle University, Turkey","The aim of this study is to evaluate the soundscape perception of users with psychoacoustic metrics and semantic differential scale. Within the scope of the study, a religious building was examined. For this purpose, questionnaires were applied to the participants in the worship and square of the Diyarbakır Grand Mosque (Turkey) with different demographic factors such as gender, age, education level. To obtain psychoacoustic data, binaural recordings were made simultaneously with the questionnaires. The psychoacoustic metrics (loudness, sharpness, roughness, fluctuation strength) of these recordings were calculated. Quantitative data of psychoacoustic metrics and adjective pairs used in the semantic differential scale were compared. These data were correlated with statistical analysis. As a result of these evaluations, it has been determined that the relationship between adjective pairs and metrics varies for indoor and outdoor spaces. © ICA 2022.All rights reserved",perception;psychoacoustic metrics;Soundscape;Religious buildings;Semantics;Binaural recordings;Demographic factors;Fluctuation strengths;Indoor space;Outdoor space;Psycho-acoustic metrics;Quantitative data;Semantic differential scale;Soundscapes;Psychoacoustic,International Commission for Acoustics (ICA),22267808 (ISSN),English,Proc. Int. Congr. Acoust.,Conference paper,Scopus,Export Date: 14 March 2025; Cited By: 0,,,,,,,22,0,21/03/2025 10:45,
71,CHAP,"Hicks-Bartlett, A.",“Vuelva el aire/los repetidos acentos”: Seville’s Sonic Reverberations and the Ontology of Silence in Calderón de la Barca’s El médico de su honra,2024,Soundscapes of the Early Modern Hispanophone and Lusophone Worlds,,,10.4324/9781003219392-13,https://www.scopus.com/inward/record.uri?eid=2-s2.0-85214605416&doi=10.4324%2f9781003219392-13&partnerID=40&md5=359e3aa721bd975311056d7c4c0a96ec,"Departments of Comparative Literature, French, and Hispanic Studies, Brown University, United States","The dramatic soundscape that weaves in and around Seville in Pedro Calderón de la Barca’s El médico de su honra provides a frenzied accompaniment for the chaotic worlds in which the play is set. This chapter takes El médico de su honra’s dramatic soundscape as a crucial point of departure for understanding gender dynamics and the struggle for power at the heart of the play’s tragic denouement. Three of the primary male characters—the murderous husband, an imprudent King, and a gracioso—all betray a surprising bleakness regarding the potential for linguistic clarity and successful communication. They each attempt to counteract their linguistic skepticism through extreme acts of physical and linguistic surveillance. Yet the connection between violence and silence is even more clearly represented via the frustrated speech acts of female characters, whose voices are blamed for fractures in political power. Although silence is frequently assumed to be an inherent characteristic of misogynistic early modern wife-murder plays, this chapter argues that the fragmentary nature of female speech is fundamental to Calderón’s play. As such, the dramatic attention given to noise and its various reverberations must actually be understood as constitutive of Calderón’s shrewd and mordant assessment of a misogynistic sociopolitical system and the chaotic state of Seville. © 2025 selection and editorial matter, Víctor Sierra Matute; individual chapters, the contributors.",,Taylor and Francis,978-104027330-2 (ISBN); 978-103211326-5 (ISBN),English,Soundscapes of the Early Modern Hispanophone and Lusophone Worlds,Book chapter,Scopus,Export Date: 14 March 2025; Cited By: 0,,,155,182,,,71,0,21/03/2025 10:45,
259,JOUR,"Prock, S.",Strange voices: Subjectivity and gender in Forbidden Planet's soundscape of tomorrow,2014,Journal of the Society for American Music,8,,10.1017/S1752196314000248,https://www.scopus.com/inward/record.uri?eid=2-s2.0-84910630858&doi=10.1017%2fS1752196314000248&partnerID=40&md5=944bccfb6157db8e8e858f5e053b497a,"New Zealand School of Music, New Zealand","As the first Hollywood film to employ an all-electronic score, Forbidden Planet (1956) helped cement the association of science-fiction films with electronically produced sounds and music. While sounds lacking real-world referents were crucial for representing sonically the nature of fantastic objects and beings, Louis and Bebe Barron's soundscape also had to serve the more conventional musical demands of narrative cinema where music sets mood and atmosphere and creates the illusion of character subjectivity. This double function of their electronic tonalities, however, engendered a strange ambiguity in the film's sonic ontology. In this article, I examine how the practical and aesthetic issues arising from this ambiguity forced the Barrons to confront in their score a complex of intertwined musical and cultural messages: how electronic music evokes notions of the exotic Other; how conceptions of vocality and embodiment in their music intersect with other visual and narrative elements to illuminate a gendered divide among envoiced bodies in the film; and how music in the film evolves to illustrate and posit a threat to the male body and, thus, masculinity itself - only in order, ultimately, to restore and reassert conventional patriarchy and the primacy of male subjectivity. As I argue, by using modernist methods and materials to serve a conventionally populist representational form, the Barrons effectively exposed some of the deep underlying tensions and contradictions within modernism itself, even while revisioning fundamental aspects of the Hollywood film score. © 2014 The Society for American Music.",,Cambridge University Press,17521963 (ISSN),English,J. Soc. Am. Music,Review,Scopus,Export Date: 14 March 2025; Cited By: 4,3,,371,400,,,259,0,21/03/2025 10:46,
151,JOUR,"Caballero, R.;Paradis, C.",Soundscapes in English and Spanish: A corpus investigation of verb constructions,2020,Language and Cognition,12,,10.1017/langcog.2020.19,https://www.scopus.com/inward/record.uri?eid=2-s2.0-85085569319&doi=10.1017%2flangcog.2020.19&partnerID=40&md5=083ec2e83728e68c2055c30db44c0993,"Universidad de Castilla-La Mancha, Spain","This corpus study explores how sound events are communicated in English and Spanish. The aims are to (i) contribute production data for a better understanding of the couplings of meanings and their realizations, (ii) account for typological differences between the languages, and (iii) further the theoretical discussion of how sound is conceptualized through the window of language. We found that, while there are significant differences between the languages with respect to how sound events are communicated, they are similar with respect to what domains the sound descriptions are instantiated in, namely perception, motion, manipulation, emotion-reaction, consumption, and cognition. One striking difference has to do with the conflation of sound for action, e.g., creak, squeak, and sound for motion, e.g., slam, crash. This finding supports the received view of English as a language that may lexicalize manner in those kinds of verbs, while Spanish expresses manner through qualifiers outside the verb. Moreover, both languages employ three different perspectives on the soundscapes: Producer-, Experiencer-, and Phenomenon-based. While English favours the Producer perspective, Spanish features an even distribution between Producer and Experiencer. Phenomenon-based descriptions are relatively few in both languages. © 2020 UK Cognitive Linguistics Association.",Cognitive Semantics;concept-driven;embodiment;hearing;lexicalization;manipulation;motion;sensory perceptions;synaesthesia,Cambridge University Press,18669808 (ISSN),English,Lang. Cong.,Article,Scopus,"Export Date: 14 March 2025; Cited By: 5; Correspondence Address: C. Paradis; Lund University, Sweden; email: carita.paradis@englund.lu.se",4,,705,728,,,151,0,21/03/2025 10:46,
141,CONF,"Acun, V.;Yilmazer, S.",Identification of individuals' emotional response to the indoor soundscape in public study areas via semantic differentiation,2017,INTER-NOISE 2017 - 46th International Congress and Exposition on Noise Control Engineering: Taming Noise and Moving Quiet,2017-January,,,https://www.scopus.com/inward/record.uri?eid=2-s2.0-85042075174&partnerID=40&md5=e8b4b4d8b75e88a775d7b4e6d5ce0f89,"Bilkent University, Turkey","Aims of this research is to identify individuals' emotional response to the sound environment of public study areas. The research has taken place in the public study areas of Bilkent University Campus. These study areas are located at the Dormitories, the Fine Arts Buildings, the library, and the Faculty of Science. In order to explore individuals' response to the auditory environment, a questionnaire survey and in-situ measurement of sound levels (LAeq) have been conducted. Questionnaire survey consisted of two main parts. In first part students have identified the sound source, how often they hear each one, and their satisfaction with the sound environment. Second part consisted of twelve seven point semantic differential scales (SD). Semantic scales were chosen in order to identify individuals' emotional response to the soundscape. Questionnaire survey are held with 30 student from each public study area, 120 students in total. The data gathered from the questionnaire survey are analysed using IBM SPSS 21 Statistics Software. Factor analysis was used to identify the perceptual dimensions of soundscape. Three factors were identify as a result of the analysis, which are, well-being, activity/communication and functionality. Even though the ANOVA F-Test found no statistically significant difference between the study areas in terms of satisfaction with the soundscapes, each areas has sound environment characteristics. © 2017 Institute of Noise Control Engineering. All rights reserved.",Indoor soundscape;Semantic differential scales;Acoustic noise;Acoustic variables control;Factor analysis;Semantics;Students;Identification of individuals;In-situ measurement;Perceptual dimensions;Questionnaire surveys;Semantic differential scale;Soundscapes;Statistically significant difference;Statistics software;Surveys,Institute of Noise Control Engineering,,English,INTER-NOISE - Int. Congr. Expo. Noise Control Eng.: Taming Noise Mov. Quiet,Conference paper,Scopus,Export Date: 14 March 2025; Cited By: 1,,,,,,,141,0,21/03/2025 10:46,
46,CONF,"Polack, J.-D.",Semiotic analysis of the Swedish model for perceived soundscape quality,2022,Proceedings of the International Congress on Acoustics,,,,https://www.scopus.com/inward/record.uri?eid=2-s2.0-85162285440&partnerID=40&md5=87609c8f121ae7f570ae798246a00a0d,"Institut D'Alembert, Sorbonne Université, France","The Swedish model for perceived sound quality was developed some 12 years ago by Axelsson, Nilson and Berglund as an instrument to measure the perceived affective quality of a soundscape. It is based on 8 unidirectional attribute scales, that Principal Component Analysis has shown to reduce to two axes: Unpleasant- Pleasant on the horizontal axis; and Uneventful-Eventful on the vertical axis. Two secondary axes are oriented in the diagonal directions: Monotonous-Exciting along the first diagonal, and Calm-Chaotic along the second one. We show that the diagonal axes build a semantic square, as proposed by Greimas in 1967, that allows a dynamical interpretation of the Swedish model. This will be proven on the basis of our own corpus of research, which also permits the construction of a compound semiotic square along the horizontal axes (Unpleasant-Pleasant), confirming its actantial status as affordance. © ICA 2022.All rights reserved",Actantial structure;Semantic square;Soundscape quality;Acoustic variables measurement;Principal component analysis;Quality control;Sound reproduction;Actantial structure;Horizontal axis;Perceived affective qualities;Principal-component analysis;Semantic square;Semiotic analysis;Sound Quality;Soundscape quality;Soundscapes;Swedishs;Semantics,International Commission for Acoustics (ICA),22267808 (ISSN),English,Proc. Int. Congr. Acoust.,Conference paper,Scopus,"Export Date: 14 March 2025; Cited By: 0; Correspondence Address: J.-D. Polack; Institut D'Alembert, Sorbonne Université, France; email: jean-dominique.polack@sorbonne-universite.fr",,,,,,,46,0,21/03/2025 10:46,
152,CONF,"Hong, X.;Wu, S.;Jiang, Y.;Lan, S.",Perceived preference of soundscape in a Bamboo Park based on the laws of psychophysics,2019,IOP Conference Series: Earth and Environmental Science,300,32041,10.1088/1755-1315/300/3/032041,https://www.scopus.com/inward/record.uri?eid=2-s2.0-85071476233&doi=10.1088%2f1755-1315%2f300%2f3%2f032041&partnerID=40&md5=3f665aa745d32a9ece11b86130dc0eff,"School of Landscape Architecture, Fujian Agriculture and Forestry University, Fuzhou, China","The purpose of this study was to explore the relationship between the physical and the psychological quantity of soundscape preference in the bamboo park. Through semantic difference method, the preference of different soundscape elements in the bamboo park was evaluated, and the physical index in the observation sites was measured at the same time. Finally, after the subjective and objective data fitted by the law of psychophysics, a model for evaluating the soundscape preference in the bamboo park was established. The results show that the trend of subjective and objective data fitting for each soundscape element conforms to the law of psychophysics. Among them, geophony and biophony tend to Fechner's Law and anthorphony to Stevens' Power Law. © 2019 IOP Publishing Ltd. All rights reserved.",Psychophysiology;Semantics;Sustainable development;Data fittings;Fechner's law;Physical indices;Power-law;Semantic difference method;Soundscapes;Bamboo,Institute of Physics Publishing,17551307 (ISSN),English,IOP Conf. Ser. Earth Environ. Sci.,Conference paper,Scopus,"Export Date: 14 March 2025; Cited By: 0; Correspondence Address: X. Hong; School of Landscape Architecture, Fujian Agriculture and Forestry University, Fuzhou, China; email: xch.hung@outlook.com",3,,,,,,152,0,21/03/2025 10:46,
165,JOUR,"Torresin, S.;Albatici, R.;Aletta, F.;Babich, F.;Oberman, T.;Siboni, S.;Kang, J.",Indoor soundscape assessment: A principal components model of acoustic perception in residential buildings,2020,Building and Environment,182,107152,10.1016/j.buildenv.2020.107152,https://www.scopus.com/inward/record.uri?eid=2-s2.0-85089348083&doi=10.1016%2fj.buildenv.2020.107152&partnerID=40&md5=ac13005e75693211dd040b1fe65dc356,"Department of Civil Environmental and Mechanical Engineering, University of Trento, Via Mesiano 77, Trento, 38123, Italy","Models of perceived affective quality of soundscapes have been recently included into standards to guide the measurement and improvement of urban soundscapes. Such models have been developed in outdoor contexts and their validity in indoor built environments is unclear. A laboratory listening test was performed in a mock-up living room with a window sight, in order to develop an indoor soundscape model for residential buildings. During the test, 35 participants were asked to rate 20 different scenarios each. Scenarios were defined by combining four indoor sound sources and five urban environments, filtered through a window ajar, on 97 attribute scales. By applying principal component analysis, Comfort, Content, and Familiarity, were extracted as the main perceptual dimensions explaining respectively 58%, 25% and 7% of the total variance. Relationships between the principal component scores, acoustic parameters and indoor and outdoor sound categories were investigated. Comfort, Content, and Familiarity were found to be better predicted respectively by loudness N10, level variability LA10-LA90 and sharpness S. The magnitude of linear-mixed-effect model predictions sensibly improved by accounting for sound categories, thus pointing at the importance of semantic meaning of sounds in indoor soundscape assessment. A measurement system is proposed, based on a 2-D space defined by two orthogonal axes, Comfort and Content, and two additional axes, Engagement and Privacy – Control, rotated 45° on the same plane. The model indicates the perceptual constructs to be measured (e.g. in post-occupancy evaluations), the attribute scales to be employed and actions to improve indoor soundscape quality, thus providing a reference for both research and practice. © 2020 The Authors",Acoustic comfort;Acoustic perception;Indoor environmental quality;Indoor soundscape;Residential;Audition;Housing;Semantics;Acoustic parameters;Acoustic perception;Mixed-effect models;Perceived affective qualities;Perceptual dimensions;Post occupancy evaluation;Principal Components;Residential building;acoustics;building;hearing;perception;principal component analysis;two-dimensional modeling;urban area;Quality control,Elsevier Ltd,03601323 (ISSN),English,Build. Environ.,Article,Scopus,"Export Date: 14 March 2025; Cited By: 110; Correspondence Address: S. Torresin; Department of Civil Environmental and Mechanical Engineering, University of Trento, Trento, Via Mesiano 77, 38123, Italy; email: simone.torresin@eurac.edu; CODEN: BUEND",,,,,,,165,0,21/03/2025 10:46,
19,JOUR,"Cao, J.;Kang, J.",A Perceptual Structure of Soundscapes in Urban Public Spaces Using Semantic Coding Based on the Grounded Theory,2023,International Journal of Environmental Research and Public Health,20,2932,10.3390/ijerph20042932,https://www.scopus.com/inward/record.uri?eid=2-s2.0-85148964430&doi=10.3390%2fijerph20042932&partnerID=40&md5=f21422f91d3ed21a8502e088e6221b2c,"School of Architecture and Urban Planning, Nanjing University, 22# Hankou Road, Gulou District, Nanjing, 210093, China","The definition of ‘soundscape’ emphasises the perceptual construct of sounds; thus, the mechanism of sound perceptions becomes vital for soundscape evaluations. Using a qualitative approach, this study explored the aspects and processes of sound perceptions and built a perceptual soundscape structure from the insight of sociology. The interview was conducted between January and March 2018, in four urban public spaces. Data reached saturation after 23 participants were interviewed based on the grounded theory approach. Four perceptual aspects of sounds were identified from the semantic coding analysis: sound classification, sound features, psychological reactions, and soundscape preferences. These aspects form a three-level process of perceiving soundscapes: sound classifications, sound appraisals (including sound features and psychological reactions), and finally, judgment (soundscape preferences). Overall, four aspects categorised into three levels of perception make up the soundscape structure. Soundscape preferences are at the most profound level of perception and are informed by the previous three aspects. Soundscape preferences are expressed through descriptive words and narrative ‘image’. The ‘image’ reflects people participating in different activities according to their social background. Social relationships influence soundscape preferences through people’s sound requirements for various activities. The perceptual structure of soundscapes may provide guidance for future soundscape research and soundscape questionnaire design. © 2023 by the authors.",grounded theory;perceived sounds;semantic coding;soundscape structure;urban public spaces;Acoustics;Environment;Grounded Theory;Hearing;Humans;Semantics;Sound;classification;perception;psychology;public space;qualitative analysis;urban area;adult;article;clinical article;controlled study;female;grounded theory;hearing;human;human experiment;interview;male;narrative;perception;questionnaire;social background;social interaction;sociology;acoustics;environment;grounded theory;hearing;semantics;sound,MDPI,16617827 (ISSN),English,Int. J. Environ. Res. Public Health,Article,Scopus,"Export Date: 14 March 2025; Cited By: 6; Correspondence Address: J. Cao; School of Architecture and Urban Planning, Nanjing University, Nanjing, 22# Hankou Road, Gulou District, 210093, China; email: jw.cao@nju.edu.cn",4,36833627,,,,,19,0,21/03/2025 10:46,
70,JOUR,"Ma, H.;Su, H.;Cui, J.",Characterization of soundscape perception of preschool children,2022,Building and Environment,214,108921,10.1016/j.buildenv.2022.108921,https://www.scopus.com/inward/record.uri?eid=2-s2.0-85125456006&doi=10.1016%2fj.buildenv.2022.108921&partnerID=40&md5=d357e07e3293038858a4a4484247d400,"School of Architecture, Tianjin University, Tianjin, 300072, China","To characterize their soundscape perception, preschool children were subjected to inclusive soundscape exposure conditions (both indoor and outdoor) and were asked to evaluate the soundscape in this study comprising two experiments. In Experiment 1, reliable soundscape perception dimensions for preschool children were formulated using semantic differential analysis. In Experiment 2, the relationship between the dimensions and the overall soundscape evaluation and acoustic characteristics was investigated. The principal component analysis resulted in three factors (eigenvalue> 1), namely pleasantness, peacefulness, and regularity, explaining 69.96% of the variance (48.70%, 13.13%, and 8.13%, respectively). Among them, pleasantness and peacefulness significantly contributed to the overall soundscape evaluation (preference), as the improvement attitude of these two factors led to a higher chance of a positive attitude towards the overall soundscape preference (i.e., “like”). LA50 and LA10 contributed significantly to the regression for pleasantness and peacefulness, accounting for 41.2% and 92.6% of the prediction variance, respectively. Regularity had no significant effect on the overall soundscape evaluation. In addition, no acoustic characteristics significantly predicted this factor. The outcome showed that preschool children are capable of multi-scale evaluation of diverse soundscapes, embodying their awareness of both the quality and influence of the acoustic environment. Their soundscape perception dimensions pertain to the features of the preschool period and are thus inconsistent with previous adults' soundscape dimensions. In addition, preschool children seem to desire mild and peaceful soundscapes under control. © 2022 Elsevier Ltd",Acoustic perception;Perceptual dimensions;Preschool children;Soundscape;Eigenvalues and eigenfunctions;Quality control;Semantics;Acoustic characteristic;Acoustic perception;Eigenvalue 1;Exposure conditions;Perceptual dimensions;Positive attitude;Preschool children;Principal-component analysis;Semantic differential analysis;Soundscapes;acoustic emission;child care;perception;primary education;sound velocity;student;Principal component analysis,Elsevier Ltd,03601323 (ISSN),English,Build. Environ.,Article,Scopus,Export Date: 14 March 2025; Cited By: 14; Correspondence Address: H. Ma; email: mahui@tju.edu.cn; CODEN: BUEND,,,,,,,70,0,21/03/2025 10:46,
283,JOUR,"Guastavino, C.",The ideal urban soundscape: Investigating the sound quality of French cities,2006,Acta Acustica united with Acustica,92,,,https://www.scopus.com/inward/record.uri?eid=2-s2.0-33845930214&partnerID=40&md5=9368be444bdcf64d77a8e38db0979cda,"McGill University, Graduate School of Library and Information Studies, Centre for Interdisciplinary Research on Music Media and Technology, Montreal, H3A 1Y1, 3459 McTavish, Canada","A questionnaire study was conducted to investigate the sound quality of urban environments. Seventy-seven participants living in large French cities were questioned about their appraisal of familiar urban soundscapes in a free-response format questionnaire. A psycholinguistic analysis of spontaneous verbal descriptions was conducted to identify semantic categories of environmental sounds and relevant sound quality criteria for urban soundscapes. Our results confirm the influence of semantic features, besides physical ones, on auditory judgments, and further reveal the salience of human sounds. © S. Hirzel Verlag EAA.",Environmental impact;Semantics;Urban planning;Auditory judgments;Psycholinguistic analysis;Sound quality;Soundscapes;Acoustic noise measurement,,16101928 (ISSN),English,Acta Acust. United Acust.,Article,Scopus,"Export Date: 14 March 2025; Cited By: 157; Correspondence Address: C. Guastavino; McGill University, Graduate School of Library and Information Studies, Centre for Interdisciplinary Research on Music Media and Technology, Montreal, H3A 1Y1, 3459 McTavish, Canada; email: Catherine.Guastavino@mcgill.ca; CODEN: AAACF",6,,945,951,,,283,0,21/03/2025 10:46,
58,JOUR,"Xu, J.;Xu, J.;Gu, Z.;Chen, G.;Li, M.;Wu, Z.",Network Text Analysis of Visitors’ Perception of Multi-Sensory Interactive Experience in Urban Forest Parks in China,2022,Forests,13,1451,10.3390/f13091451,https://www.scopus.com/inward/record.uri?eid=2-s2.0-85138490430&doi=10.3390%2ff13091451&partnerID=40&md5=bfb0c44d4eb0c89cfcfff36ec035be18,"Department of Tourism Management, South China University of Technology, Guangzhou, 510006, China","Urban forest parks play a crucial role in contributing to the urban environment, residential well-being, and social welfare. Visitors’ perception of multi-sensory interactive experiences in urban forest parks is an important source of information for landscape planning. Whilst data elicited from visitors via questionnaires are temporally and spatially restricted, online media provide a public platform for the direct and comprehensive expression of park experiences beyond such restrictions. To look into visitors’ multi-sensory interactive experiences in an urban forest park in China, a total of 7447 reviews of such were collected from four authoritative online platforms using Python, and the ROSTCM tool was used to generate semantic and social networks out of the data set. The results showed that urban forest park visitors’ sensory experiences are dominated by visual and olfactory perceptions, followed by audio-visual and visual-tactile interactions. Among them, visual perception displays the highest degree of specificity and diversity, while tactile and gustatory perceptions are relatively infrequent and singular. The landscapes that affect visitors’ perceptual preferences mainly include floriculture, green vegetation, soundscapes, and sanitation utilities. Moreover, both the fresh air and the agreeable environment have a significant positive impact on visitors’ perceptions. The above findings not only have practical implications for the landscape planning and design of urban forest parks, but also provide theoretical insights into the evaluation of natural landscapes in urban forest parks from the perspective of tourists’ multi-sensory experiences. © 2022 by the authors.",China;multi-sensory interaction;network text analysis;perception;urban forest parks;China;Data;Evaluation;Forestry;Perception;Planning;Questionnaires;Surveys;China;Forestry;Parks;Semantics;Sensory analysis;Surveys;China;Multi-Sensory;Multi-sensory interactions;Network text analyse;Sensory experiences;Text analysis;Urban environments;Urban forest park;Urban forests;Visitor perceptions;greenspace;landscape planning;network analysis;perception;urban area;urban development;urban planning;Sensory perception,MDPI,19994907 (ISSN),English,Forests,Article,Scopus,"Export Date: 14 March 2025; Cited By: 10; Correspondence Address: M. Li; Department of Tourism Management, South China University of Technology, Guangzhou, 510006, China; email: limch@scut.edu.cn",9,,,,,,58,0,21/03/2025 10:46,
284,JOUR,"Gygi, B.;Shafiro, V.",Auditory and cognitive effects of aging on perception of environmental sounds in natural auditory scenes,2013,"Journal of Speech, Language, and Hearing Research",56,,10.1044/1092-4388(2013/12-0283),https://www.scopus.com/inward/record.uri?eid=2-s2.0-84886698082&doi=10.1044%2f1092-4388%282013%2f12-0283%29&partnerID=40&md5=9f42df0661206142965b3aa72e969aff,"Veterans Affairs Northern California Health Care System, Martinez, CA, United States","Purpose: Previously, Gygi and Shafiro (2011) found that when environmental sounds are semantically incongruent with the background scene (e.g., horse galloping in a restaurant), they can be identified more accurately by young normal-hearing listeners (YNH) than sounds congruent with the scene (e.g., horse galloping at a racetrack). This study investigated how age and high-frequency audibility affect this Incongruency Advantage (IA) effect. Method: In Experiments 1a and 1b, elderly listeners (N = 18 for 1a; N = 10 for 1b) with age-appropriate hearing (EAH) were tested on target sounds and auditory scenes in 5 sound-toscene ratios (So/Sc) between -3 and - 18 dB. Experiment 2 tested 11 YNH on the same sound-scene pairings lowpassfiltered at 4 kHz (YNH-4k). Results: The EAH and YNH-4k groups exhibited an almost identical pattern of significant IA effects, but both were at approximately 3.9 dB higher So/Sc than the previously tested YNH listeners. However, the psychometric functions revealed a shallower slope for EAH listeners compared with YNH listeners for the congruent stimuli only, suggesting a greater difficulty for the EAH listeners in attending to sounds expected to occur in a scene. Conclusions: These findings indicate that semantic relationships between environmental sounds in soundscapes are mediated by both audibility and cognitive factors and suggest a method for dissociating these factors. © American Speech-Language-Hearing Association.","Aging;Auditory rehabilitation;Cognition;Development;Gerontology;Hearing loss;Psychoacoustics;Acoustic Stimulation;Aged;Aged, 80 and over;Aging;Auditory Perception;Auditory Threshold;Cognition;Cognition Disorders;Environment;Female;Humans;Male;Middle Aged;Presbycusis;Psychoacoustics;Psychometrics;Semantics;aging;auditory rehabilitation;cognition;development;gerontology;hearing loss;psychoacoustics;aged;aging;article;auditory rehabilitation;auditory stimulation;auditory threshold;cognition;cognitive defect;development;environment;female;gerontology;hearing;hearing impairment;human;male;methodology;middle aged;pathophysiology;physiology;presbyacusis;psychological aspect;psychometry;psychophysics;semantics;very elderly",,10924388 (ISSN),English,J. Speech Lang. Hear. Res.,Article,Scopus,"Export Date: 14 March 2025; Cited By: 9; Correspondence Address: B. Gygi; Veterans Affairs Northern California Health Care System, Martinez, CA, United States; email: bgygi@ebire.org; CODEN: JSLRF",5,23926291,1373,1388,,,284,0,21/03/2025 10:46,
100,CONF,"Serebrennikova, A.;Li, N.;Meng, Q.;Kang, J.",A cross-cultural comparison in sound perception between Chinese and Russian students in urban open spaces in China,2019,INTER-NOISE 2019 MADRID - 48th International Congress and Exhibition on Noise Control Engineering,,,,https://www.scopus.com/inward/record.uri?eid=2-s2.0-85084162675&partnerID=40&md5=8a25bcc09c9b49f19d259a23458eaf34,"Harbin Institute of Technology, 92 West Dazhi Street, Nan Gang District, Harbin, China","In recent years, soundscape studies have been a topical issue in urban sound environment. However, there are only few cross-cultural researches in present studies, since cross-cultural characteristics may lead to the different soundscape design. Therefore, the main goal of this study is to find out if there is any significant difference in the perception of sound characteristics according to different cultural experiences, how big is this difference, and how to take it into account in design stage. This study examines the effects cultural factors on the perception of sound environment in Harbin city, China, based on sound sources and the level of sound pressure. Semantic sound characteristics, such as calm-vibrant, pleasant-unpleasant, natural-artificial, have been assessed in this study, which involved 15 Russian and 15 Chinese participants. The results showed that Chinese felt less satisfied Harbin's soundscape than Russians. The strongest Correlation was seen between Interesting-Boring rate and Natural-Artificial rate. These findings provide empirical evidence of socio-cultural differences in soundscape perception and reveal the importance of considering cultural factors in urban and architecture design. © INTER-NOISE 2019 MADRID - 48th International Congress and Exhibition on Noise Control Engineering. All Rights Reserved.",Acoustic comfort;Cross-cultural;Sound perception;Soundscape;Urban open spaces;Acoustic variables control;Semantics;Acoustic comfort;Cross-cultural;Sound perception;Soundscapes;Urban open spaces;Acoustic noise,"SOCIEDAD ESPANOLA DE ACUSTICA - Spanish Acoustical Society, SEA",978-848798531-7 (ISBN),English,INTER-NOISE MADRID - Int. Congr. Exhib. Noise Control Eng.,Conference paper,Scopus,"Export Date: 14 March 2025; Cited By: 1; Correspondence Address: Q. Meng; Key Laboratory of Cold Region Urban and Rural Human Settlement Environment Science and Technology, Ministry of Industry and Information Technology, School of Architecture, Harbin Institute of Technology, Harbin, Harbin 150001 66 West Dazhi Street, Nan Gang District, China; email: mengq@hit.edu.cn",,,,,Calvo-Manzano A.;Delgado A.;Perez-Lopez A.;Santiago J.S.,,100,0,21/03/2025 10:46,
210,CONF,"Violion, S.;Lavandier, C.",Landscape in relation to soundscape in urban areas,1998,"Proceedings of the 23rd International Conference on Noise and Vibration Engineering, ISMA",,,,https://www.scopus.com/inward/record.uri?eid=2-s2.0-13444270487&partnerID=40&md5=ab75b384fcb2a281571e21f2538d2eee,"IUT Dept. Civil Engineering, University of Cergy Pontoise, France","The aim of this research is to develop an audio-visual assessment of the city, it means an innovative approach which takes into account the influence of the visual setting on the acoustic evaluation. An exploratory test was carried out in situ and gave rise to a multidimensional and semantic approach of the perception of the urban sonic environment. As the procedure applied the principle of decorrelation between vision and audition, two sound variables were selected to have particularly been sensitive to the visual information. They were used in a series of simulation tests, specifically focusing on the influence of the more or less urbanised visual setting on the sound judgement. A simulation technique and an experimental procedure involving various methodological factors were implemented. The results pointed out to a many-sided visual influence and according to this conclusion, some clusters of urban sound environments were formed.",Audio acoustics;Audition;Loudspeakers;Semantics;Shopping centers;Visual communication;Acoustic evaluation;Audio-visual interactions;Decorrelation;Visual settings;Urban planning,,9073802679 (ISBN); 978-907380267-4 (ISBN),English,Proc. Int. Conf. Noise Vib. Eng. ISMA,Conference paper,Scopus,"Export Date: 14 March 2025; Cited By: 0; Correspondence Address: IUT Dept. Civil Engineering, University of Cergy Pontoise, France; email: viollon@u-cergy.fr",,,1051,1058,,,210,0,21/03/2025 10:46,
201,CONF,"Tedja, Y.W.;Tsaih, L.",Water soundscape and listening impression,2015,Proceedings of Meetings on Acoustics,25,40001,10.1121/2.0000120,https://www.scopus.com/inward/record.uri?eid=2-s2.0-85010977178&doi=10.1121%2f2.0000120&partnerID=40&md5=2efd52b2551b99dcdbc6a3a2d097b8e0,"Department of Architecture, National Taiwan University of Science and Technology, Taipei, Taiwan","This paper presents the preference for water soundscape through listening evaluation. As a form of meditation, listening to water sounds is a tool that is often used to provide psychological restoration. Twenty water soundscape samples that were based on natural and man-made sounds were chosen and varied by their sound in relation to architecture and material. A semantic differential questionnaire was created with nine pairs of contractual sound qualities. Sixty-six architecture students with normal hearing participated in this listening evaluation. The results showed that 92% of the participants had a positive impression of a soft, quiet, and mid frequency sound (gentle stream) due to the listening impression of relaxation and comfort. On the contrary, 77% of the participants had a negative impression of a loud, intense, and broadband sound (rain on glass roof), due to the listening impression of noisiness and agitation. Sixtytwo percent of the participants preferred the sound of rain on water due to the listening impression of quiet over rain on different materials such as woods, metal, glass, tent, and pavement. Shishiodoshi and Suikinkutsu (Japanese landscaping elements) were also identified as quiet sounds, but their overall impression was not as high as that of a water fountain. © 2016 Acoustical Society of America.",Audition;Glass;Semantics;Glass roofs;Mid-frequencies;Normal hearing;Semantic differential;Sound Quality;Soundscapes;Water sounds;Rain,Acoustical Society of America,1939800X (ISSN),English,Proc. Meet. Acoust.,Conference paper,Scopus,Export Date: 14 March 2025; Cited By: 3,1,,,,,,201,0,21/03/2025 10:46,
224,CONF,"Jeon, J.Y.;Lee, P.J.;You, J.;Kang, J.",The evaluation of urban soundscape with combined noise sources and the effect of water sounds,2009,"38th International Congress and Exposition on Noise Control Engineering 2009, INTER-NOISE 2009",6,,,https://www.scopus.com/inward/record.uri?eid=2-s2.0-84870041118&partnerID=40&md5=0e8f43fe2439c557b134ec2aae629864,"Department of Architectural Engineering, Hanyang University, Seoul 133-791, South Korea","The urban soundscapes with combined noise sources were evaluated using a field survey and laboratory experiments. Sixteen field surveys were conducted by soundwalking, evaluating the annoyance of combined noise sources in urban spaces. Qualitative analysis was also conducted using semantic scales for evaluating the quality of the soundscape. In addition, an auditory experiment was conducted in order to quantify the total annoyance caused by road traffic and construction noises; when the Leq of the road traffic noise was 55 or 75 dBA. The relationships of noise level differences between the water sounds and the urban noises were confirmed in both the cases of single and combined noises in urban public spaces. The effect of water sounds on masking urban noises was then examined in order to improve the subjective quality of urban soundscape.",Exhibitions;Experiments;Noise pollution;Semantics;Surveys;Construction noise;Effect of water;Field surveys;Laboratory experiments;Noise levels;Noise source;Public space;Qualitative analysis;Road traffic;Road traffic noise;Soundscapes;Subjective quality;Urban noise;Urban soundscape;Urban spaces;Quality control,,978-161567690-3 (ISBN),English,"Int. Congr. Expo. Noise Control Eng., INTER-NOISE",Conference paper,Scopus,"Export Date: 14 March 2025; Cited By: 2; Correspondence Address: J.Y. Jeon; Department of Architectural Engineering, Hanyang University, Seoul 133-791, South Korea; email: jyjeon@hanyang.ac.kr",,,4042,4046,,,224,0,21/03/2025 10:46,
270,CONF,"Maristany, A.;López, M.R.",Influence of the semantic content of urban sounds in the identity of outer spaces,2010,"20th International Congress on Acoustics 2010, ICA 2010 - Incorporating Proceedings of the 2010 Annual Conference of the Australian Acoustical Society",5,,,https://www.scopus.com/inward/record.uri?eid=2-s2.0-84869141859&partnerID=40&md5=282632e0c3bb91d839f31a8ecd101506,"Centro de Investigaciones Acústicas y Luminotécnicas (CIAL), Universidad Nacional de Córdoba, Argentina","This paper shows the influence of the semantic content of urban sounds in the subjective evaluation of outer spaces. The study is based on the analysis conducted in three neighboring and integrated urban spaces with a different form of social ownership in the city of Cordoba, Argentina. It shows that the type of sound source present at each site influence, by its semantic content, in the user's identification and permanence in the place. The noise present in a soundscape is able to have a high semantic content, and therefore the sound has a particular meaning for the perceiver. Every particular social group influences the production of their own sounds and how they perceive them. This allows to consider the sound as one of the factors that define the sense of ""place"" or ""no place"" of a certain urban space. Evidently the sounds, and their ability to evoke and characterize the environment, cannot be ignored in the construction and recovery of anthropological sites. This urban culture is unique and specific to every society. The public spaces, with their soundscape, are part of the construction of the urban identity of a city. It is shown that for identical general sound levels present in each of the spaces, the level of annoyance or discomfort, in relation to the subjective acoustic quality, is different. This is the result of the influence of semantic content of the sounds present in each urban space. Coinciding with other similar research, the level of discomfort or annoyance decreases as the presence of natural sounds such as water, the wind in the trees or the birds singing increases, even when the objective values of noise level of natural sounds are higher.",Semantics;Urban planning;Acoustic quality;Argentina;Noise levels;Outer space;Public space;Semantic content;Social groups;Sound level;Sound source;Soundscapes;Subjective evaluations;Urban culture;Urban identity;Urban spaces;Bioacoustics,,978-161782745-7 (ISBN),English,"Int. Congr. Acoustics, ICA - Incorporating Proc. Annu. Conf. Aust. Acoustical Soc.",Conference paper,Scopus,Export Date: 14 March 2025; Cited By: 0,,,3509,3513,,,270,0,21/03/2025 10:46,
134,JOUR,"Sudarsono, A.S.;Lam, Y.W.;Davies, W.J.",The effect of sound level on perception of reproduced soundscapes,2016,Applied Acoustics,110,,10.1016/j.apacoust.2016.03.011,https://www.scopus.com/inward/record.uri?eid=2-s2.0-84962322240&doi=10.1016%2fj.apacoust.2016.03.011&partnerID=40&md5=21e2124e90490fc992888626c917bf75,"Acoustic Research Centre, Newton Building, University of Salford, Crescent, Salford, M56WT, United Kingdom","The aim of this work was to investigate the perception of soundscape reproduced by an ambisonic reproduction system on a horizontal plane, how the experience of space affected the perception of soundscape reproduction, and how the sound level adjustment on soundscape reproduction affected the perception of soundscape compared with actual conditions. There were three experiments conducted: a soundwalk in situ in Manchester (United Kingdom) city centre, listening tests in Salford (United Kingdom), and listening tests in Bandung (Indonesia). The listening tests used material recorded from four locations on the soundwalk route in Manchester. The Salford listening tests were performed at the in-situ measured sound level, and the participants were asked to adjust the sound level to the level that represents actual locations. The listening test in Bandung was conducted to understand the effect of participants who never come to the actual location to the perception of soundscape and the sound level adjustment. The listening tests in Bandung were conducted at the in situ sound level, at 9.5 dB below the in situ sound level (based on the preference sound level from the experiment in Salford), and the participants were also requested to adjust the sound level to the level that represents the actual space (to examine the consistency with the experiment in Salford). In each case, soundscape perception was measured on 19 semantic differential scales. Analysis of the semantic differential results showed that the ambisonic reproduction produced a similar subjective experience to the in situ soundwalk when the reproduction sound level was 9.5 dB lower than the actual sound level in situ. Reproduction at the actual sound level in situ produced a different dimensional space. The study shows that the sound level adjustment of soundscape reproduction in laboratory experiment produces more ecologically valid results compared to the reproduction at the actual sound level in situ. © 2016 Elsevier Ltd. All rights reserved.",Ambisonic reproduction;Sound level adjustment;Soundscape;Acoustic generators;Audio recordings;Location;Semantics;Sound reproduction;Testing;Ambisonic reproduction;Dimensional spaces;In-laboratory experiments;Semantic differential;Semantic differential scale;Sound level;Soundscapes;Subjective experiences;Acoustics,Elsevier Ltd,0003682X (ISSN),English,Appl Acoust,Article,Scopus,"Export Date: 14 March 2025; Cited By: 52; Correspondence Address: A.S. Sudarsono; Acoustic Research Centre, Newton Building, University of Salford, Salford, Crescent, M56WT, United Kingdom; email: a.s.sudarsono@edu.salford.ac.uk; CODEN: AACOB",,,53,60,,,134,0,21/03/2025 10:46,
185,CONF,"Jeon, J.Y.;Jo, H.I.;Polack, J.-D.",Evaluation of soundscape and audio-visual factors in VR environment for quiet urban park,2019,INTER-NOISE 2019 MADRID - 48th International Congress and Exhibition on Noise Control Engineering,,,,https://www.scopus.com/inward/record.uri?eid=2-s2.0-85084163743&partnerID=40&md5=758e46b3bea482fec476537d7e781738,"Department of Architectural Engineering, Hanyang University, Seoul, 04763, South Korea","Soundscape was evaluated in a virtual reality environment and audio-visual influences were investigated for a quiet urban park design. First, three urban parks in Paris were selected, and the sound environment was measured using a 360 camera and a sound-field microphone. Based on the measurement data, the VR evaluation environment was simulated by applying a head mounted display device and three-dimensional sound, and HRTF and head movement were applied to reflect the user's movement. We evaluated the dominant sound and visual factors, and examined the perception of soundscape through a semantic expression test. The analysis of the objective landscape factors and human behavior in the space and the relationship with the overall sound environment satisfaction were examined. Consequently, it was found that the satisfaction increased when the visually natural factor increased in the VR environment. © INTER-NOISE 2019 MADRID - 48th International Congress and Exhibition on Noise Control Engineering. All Rights Reserved.",Audio-visual;Human behavior;Landscape;Soundscape;Virtual reality;Acoustic variables control;Behavioral research;Helmet mounted displays;Semantics;Virtual reality;Head mounted displays;Human behaviors;Landscape;Measurement data;Sound environment;Soundscapes;Three-dimensional sounds;Virtual-reality environment;Acoustic noise,"SOCIEDAD ESPANOLA DE ACUSTICA - Spanish Acoustical Society, SEA",978-848798531-7 (ISBN),English,INTER-NOISE MADRID - Int. Congr. Exhib. Noise Control Eng.,Conference paper,Scopus,Export Date: 14 March 2025; Cited By: 2,,,,,Calvo-Manzano A.;Delgado A.;Perez-Lopez A.;Santiago J.S.,,185,0,21/03/2025 10:46,